activity_date,member_id,logged_in,app_opens,stay_time_min,profile_views,recommendations_viewed,messages_sent,avg_reply_delay_sec
2026-06-01,M241,False,0,0,0,0,0,
2026-06-02,M241,True,3,14.1,4,2,3,52
2026-06-03,M241,False,0,0,0,0,0,
2026-06-04,M241,False,0,0,0,0,0,
2026-06-05,M241,True,3,8.2,4,1,0,
2026-06-06,M241,True,2,20.5,4,0,0,
2026-06-07,M241,False,0,0,0,0,0,
2026-06-08,M241,True,2,19.6,7,2,1,438
2026-06-09,M241,False,0,0,0,0,0,
2026-06-10,M241,True,3,12.7,3,1,3,150
2026-06-11,M241,True,1,11.2,3,4,3,649
2026-06-12,M241,False,0,0,0,0,0,
2026-06-13,M241,True,2,14.4,2,2,4,626
2026-06-14,M241,False,0,0,0,0,0,
2026-06-15,M241,False,0,0,0,0,0,
2026-06-16,M241,False,0,0,0,0,0,
2026-06-17,M241,False,0,0,0,0,0,
2026-06-18,M241,False,0,0,0,0,0,
2026-06-19,M241,False,0,0,0,0,0,
2026-06-20,M241,False,0,0,0,0,0,
2026-06-21,M241,False,0,0,0,0,0,
2026-06-22,M241,False,0,0,0,0,0,
2026-06-23,M241,False,0,0,0,0,0,
2026-06-24,M241,False,0,0,0,0,0,
2026-06-25,M241,False,0,0,0,0,0,
2026-06-26,M241,True,3,15,10,4,1,30
2026-06-27,M241,True,4,20.9,10,4,3,198
2026-06-28,M241,False,0,0,0,0,0,
2026-06-29,M241,False,0,0,0,0,0,
2026-06-30,M241,False,0,0,0,0,0,
2026-06-01,M242,False,0,0,0,0,0,
2026-06-02,M242,True,3,18.4,10,4,0,
2026-06-03,M242,False,0,0,0,0,0,
2026-06-04,M242,False,0,0,0,0,0,
2026-06-05,M242,False,0,0,0,0,0,
2026-06-06,M242,False,0,0,0,0,0,
2026-06-07,M242,False,0,0,0,0,0,
2026-06-08,M242,True,3,15.5,6,1,0,
2026-06-09,M242,False,0,0,0,0,0,
2026-06-10,M242,False,0,0,0,0,0,
2026-06-11,M242,False,0,0,0,0,0,
2026-06-12,M242,False,0,0,0,0,0,
2026-06-13,M242,False,0,0,0,0,0,
2026-06-14,M242,True,3,21.1,7,2,0,
2026-06-15,M242,False,0,0,0,0,0,
2026-06-16,M242,False,0,0,0,0,0,
2026-06-17,M242,False,0,0,0,0,0,
2026-06-18,M242,False,0,0,0,0,0,
2026-06-19,M242,False,0,0,0,0,0,
2026-06-20,M242,False,0,0,0,0,0,
2026-06-21,M242,True,4,21.9,9,3,0,
2026-06-22,M242,True,3,11.6,11,5,0,
2026-06-23,M242,True,2,9.2,5,2,0,
2026-06-24,M242,False,0,0,0,0,0,
2026-06-25,M242,False,0,0,0,0,0,
2026-06-26,M242,False,0,0,0,0,0,
2026-06-27,M242,True,2,15.4,10,5,3,93
2026-06-28,M242,True,4,13.3,11,5,0,
2026-06-29,M242,True,3,19,9,3,0,
2026-06-30,M242,False,0,0,0,0,0,
2026-06-01,M243,False,0,0,0,0,0,
2026-06-02,M243,True,4,20.8,7,4,1,533
2026-06-03,M243,False,0,0,0,0,0,
2026-06-04,M243,False,0,0,0,0,0,
2026-06-05,M243,True,3,8.4,6,1,0,
2026-06-06,M243,True,2,22.4,8,2,0,
2026-06-07,M243,True,3,18,10,3,0,
2026-06-08,M243,False,0,0,0,0,0,
2026-06-09,M243,True,3,9.4,7,2,0,
2026-06-10,M243,False,0,0,0,0,0,
2026-06-11,M243,True,4,12.7,9,2,3,265
2026-06-12,M243,False,0,0,0,0,0,
2026-06-13,M243,False,0,0,0,0,0,
2026-06-14,M243,False,0,0,0,0,0,
2026-06-15,M243,False,0,0,0,0,0,
2026-06-16,M243,False,0,0,0,0,0,
2026-06-17,M243,False,0,0,0,0,0,
2026-06-18,M243,True,2,18.1,5,2,4,30
2026-06-19,M243,False,0,0,0,0,0,
2026-06-20,M243,False,0,0,0,0,0,
2026-06-21,M243,False,0,0,0,0,0,
2026-06-22,M243,False,0,0,0,0,0,
2026-06-23,M243,False,0,0,0,0,0,
2026-06-24,M243,True,2,7.2,5,2,1,793
2026-06-25,M243,False,0,0,0,0,0,
2026-06-26,M243,True,2,13.5,3,2,0,
2026-06-27,M243,False,0,0,0,0,0,
2026-06-28,M243,False,0,0,0,0,0,
2026-06-29,M243,False,0,0,0,0,0,
2026-06-30,M243,True,3,13.2,7,1,0,
2026-06-01,M244,False,0,0,0,0,0,
2026-06-02,M244,True,1,7.4,2,0,0,
2026-06-03,M244,False,0,0,0,0,0,
2026-06-04,M244,False,0,0,0,0,0,
2026-06-05,M244,False,0,0,0,0,0,
2026-06-06,M244,False,0,0,0,0,0,
2026-06-07,M244,False,0,0,0,0,0,
2026-06-08,M244,False,0,0,0,0,0,
2026-06-09,M244,False,0,0,0,0,0,
2026-06-10,M244,False,0,0,0,0,0,
2026-06-11,M244,False,0,0,0,0,0,
2026-06-12,M244,True,1,15.6,1,0,0,
2026-06-13,M244,False,0,0,0,0,0,
2026-06-14,M244,False,0,0,0,0,0,
2026-06-15,M244,False,0,0,0,0,0,
2026-06-16,M244,False,0,0,0,0,0,
2026-06-17,M244,False,0,0,0,0,0,
2026-06-18,M244,False,0,0,0,0,0,
2026-06-19,M244,False,0,0,0,0,0,
2026-06-20,M244,False,0,0,0,0,0,
2026-06-21,M244,False,0,0,0,0,0,
2026-06-22,M244,True,1,11.7,6,3,3,1027
2026-06-23,M244,False,0,0,0,0,0,
2026-06-24,M244,True,2,8.6,5,1,2,1776
2026-06-25,M244,False,0,0,0,0,0,
2026-06-26,M244,False,0,0,0,0,0,
2026-06-27,M244,False,0,0,0,0,0,
2026-06-28,M244,False,0,0,0,0,0,
2026-06-29,M244,False,0,0,0,0,0,
2026-06-30,M244,False,0,0,0,0,0,
2026-06-01,M245,False,0,0,0,0,0,
2026-06-02,M245,False,0,0,0,0,0,
2026-06-03,M245,False,0,0,0,0,0,
2026-06-04,M245,False,0,0,0,0,0,
2026-06-05,M245,False,0,0,0,0,0,
2026-06-06,M245,False,0,0,0,0,0,
2026-06-07,M245,False,0,0,0,0,0,
2026-06-08,M245,False,0,0,0,0,0,
2026-06-09,M245,False,0,0,0,0,0,
2026-06-10,M245,False,0,0,0,0,0,
2026-06-11,M245,False,0,0,0,0,0,
2026-06-12,M245,False,0,0,0,0,0,
2026-06-13,M245,False,0,0,0,0,0,
2026-06-14,M245,False,0,0,0,0,0,
2026-06-15,M245,False,0,0,0,0,0,
2026-06-16,M245,False,0,0,0,0,0,
2026-06-17,M245,False,0,0,0,0,0,
2026-06-18,M245,False,0,0,0,0,0,
2026-06-19,M245,False,0,0,0,0,0,
2026-06-20,M245,False,0,0,0,0,0,
2026-06-21,M245,False,0,0,0,0,0,
2026-06-22,M245,False,0,0,0,0,0,
2026-06-23,M245,False,0,0,0,0,0,
2026-06-24,M245,False,0,0,0,0,0,
2026-06-25,M245,False,0,0,0,0,0,
2026-06-26,M245,False,0,0,0,0,0,
2026-06-27,M245,False,0,0,0,0,0,
2026-06-28,M245,True,1,9.9,3,0,0,
2026-06-29,M245,False,0,0,0,0,0,
2026-06-30,M245,False,0,0,0,0,0,
2026-06-01,M246,True,4,18.8,11,4,0,
2026-06-02,M246,True,2,17.1,4,0,4,58
2026-06-03,M246,False,0,0,0,0,0,
2026-06-04,M246,False,0,0,0,0,0,
2026-06-05,M246,True,3,20,9,2,0,
2026-06-06,M246,True,3,22.8,4,1,1,1106
2026-06-07,M246,True,2,19.1,7,4,0,
2026-06-08,M246,False,0,0,0,0,0,
2026-06-09,M246,False,0,0,0,0,0,
2026-06-10,M246,False,0,0,0,0,0,
2026-06-11,M246,False,0,0,0,0,0,
2026-06-12,M246,False,0,0,0,0,0,
2026-06-13,M246,False,0,0,0,0,0,
2026-06-14,M246,True,3,12.6,9,4,0,
2026-06-15,M246,False,0,0,,0,0,
2026-06-16,M246,True,2,10.4,6,2,0,
2026-06-17,M246,False,0,0,0,0,0,
2026-06-18,M246,True,3,13.1,9,4,0,
2026-06-19,M246,False,0,0,0,0,0,
2026-06-20,M246,True,3,17.1,5,1,0,
2026-06-21,M246,False,0,0,0,0,0,
2026-06-22,M246,False,0,0,0,0,0,
2026-06-23,M246,False,0,0,0,0,0,
2026-06-24,M246,False,0,0,0,0,0,
2026-06-25,M246,False,0,0,0,0,0,
2026-06-26,M246,False,0,0,0,0,0,
2026-06-27,M246,False,0,0,0,0,0,
2026-06-28,M246,False,0,0,0,0,0,
2026-06-29,M246,True,4,11.4,7,3,0,
2026-06-30,M246,False,0,0,0,0,0,
2026-06-01,M247,True,3,7.1,4,1,0,
2026-06-02,M247,False,0,0,0,0,0,
2026-06-03,M247,False,0,0,0,0,0,
2026-06-04,M247,False,0,0,0,0,0,
2026-06-05,M247,True,5,26.2,14,4,0,
2026-06-06,M247,False,0,0,0,0,0,
2026-06-07,M247,True,2,9.4,5,1,0,
2026-06-08,M247,False,0,0,0,0,0,
2026-06-09,M247,True,3,20.3,4,1,0,
2026-06-10,M247,False,0,0,0,0,0,
2026-06-11,M247,False,0,0,0,0,0,
2026-06-12,M247,False,0,0,0,0,0,
2026-06-13,M247,True,4,21.9,11,4,0,
2026-06-14,M247,False,0,0,0,0,0,
2026-06-15,M247,False,0,0,0,0,0,
2026-06-16,M247,False,0,0,0,0,0,
2026-06-17,M247,False,0,0,0,0,0,
2026-06-18,M247,False,0,0,0,0,0,
2026-06-19,M247,True,3,28.7,8,2,0,
2026-06-20,M247,False,0,0,0,0,0,
2026-06-21,M247,False,0,0,0,0,0,
2026-06-22,M247,False,0,0,0,0,0,
2026-06-23,M247,False,0,0,0,0,0,
2026-06-24,M247,False,0,0,0,0,0,
2026-06-25,M247,False,0,0,0,0,0,
2026-06-26,M247,False,0,0,0,0,0,
2026-06-27,M247,False,0,0,0,0,0,
2026-06-28,M247,False,0,0,0,0,0,
2026-06-29,M247,False,0,0,0,0,0,
2026-06-30,M247,False,0,0,0,0,0,
2026-06-01,M248,False,0,0,0,0,0,
2026-06-02,M248,False,0,0,0,0,0,
2026-06-03,M248,False,0,0,0,0,0,
2026-06-04,M248,False,0,0,0,0,0,
2026-06-05,M248,True,4,26.3,12,4,3,995
2026-06-06,M248,False,0,0,0,0,0,
2026-06-07,M248,True,3,13.7,5,3,1,30
2026-06-08,M248,False,0,0,0,0,0,
2026-06-09,M248,True,3,30.1,9,2,1,112
2026-06-10,M248,False,0,0,0,0,0,
2026-06-11,M248,False,0,0,0,0,0,
2026-06-12,M248,False,0,0,0,0,0,
2026-06-13,M248,False,0,0,0,0,0,
2026-06-14,M248,False,0,0,0,0,0,
2026-06-15,M248,False,0,0,0,0,0,
2026-06-16,M248,False,0,0,0,0,0,
2026-06-17,M248,True,3,8.5,3,2,0,
2026-06-18,M248,False,0,0,0,0,0,
2026-06-19,M248,False,0,0,0,0,0,
2026-06-20,M248,False,0,0,0,0,0,
2026-06-21,M248,True,4,25.9,9,4,2,302
2026-06-22,M248,True,4,18.9,8,2,4,858
2026-06-23,M248,False,0,0,0,0,0,
2026-06-24,M248,False,0,0,0,0,0,
2026-06-25,M248,False,0,0,0,0,0,
2026-06-26,M248,True,4,17,9,4,1,58
2026-06-27,M248,True,5,19.7,13,3,0,
2026-06-28,M248,True,4,23.9,14,3,0,
2026-06-29,M248,False,0,0,0,0,0,
2026-06-30,M248,False,0,0,0,0,0,
2026-06-01,M249,True,1,5.2,2,1,3,410
2026-06-02,M249,True,3,13.3,5,1,0,
2026-06-03,M249,True,3,16.5,5,2,0,
2026-06-04,M249,True,1,4.8,2,0,1,1251
2026-06-05,M249,True,3,17.4,6,3,0,
2026-06-06,M249,False,0,0,0,0,0,
2026-06-07,M249,False,0,0,0,0,0,
2026-06-08,M249,False,0,0,0,0,0,
2026-06-09,M249,False,0,0,0,0,0,
2026-06-10,M249,False,0,0,0,0,0,
2026-06-11,M249,False,0,0,0,0,0,
2026-06-12,M249,True,2,9.4,2,0,0,
2026-06-13,M249,False,0,0,0,0,0,
2026-06-14,M249,True,1,9.7,2,1,0,
2026-06-15,M249,False,0,0,0,0,0,
2026-06-16,M249,False,0,0,0,0,0,
2026-06-17,M249,False,0,0,0,0,0,
2026-06-18,M249,False,0,0,0,0,0,
2026-06-19,M249,False,0,0,0,0,0,
2026-06-20,M249,True,2,13.3,8,3,0,
2026-06-21,M249,True,3,13.4,6,2,0,
2026-06-22,M249,False,0,0,0,0,0,
2026-06-23,M249,False,0,0,0,0,0,
2026-06-24,M249,False,0,0,0,0,0,
2026-06-25,M249,True,5,28.2,12,6,0,
2026-06-26,M249,True,2,16.3,0,0,0,
2026-06-27,M249,False,0,0,0,0,0,
2026-06-28,M249,False,0,0,0,0,0,
2026-06-29,M249,False,0,0,0,0,0,
2026-06-30,M249,False,0,0,0,0,0,
2026-06-01,M250,True,3,8.2,5,1,0,
2026-06-02,M250,False,0,0,0,0,0,
2026-06-03,M250,False,0,0,0,0,0,
2026-06-04,M250,False,0,0,0,0,0,
2026-06-05,M250,False,0,0,0,0,0,
2026-06-06,M250,False,0,0,0,0,0,
2026-06-07,M250,True,1,10.6,2,1,1,2394
2026-06-08,M250,False,0,0,0,0,0,
2026-06-09,M250,False,0,0,0,0,0,
2026-06-10,M250,False,0,0,0,0,0,
2026-06-11,M250,False,0,0,0,0,0,
2026-06-12,M250,False,0,0,0,0,0,
2026-06-13,M250,False,0,0,0,0,0,
2026-06-14,M250,False,0,0,0,0,0,
2026-06-15,M250,False,0,0,0,0,0,
2026-06-16,M250,False,0,0,0,0,0,
2026-06-17,M250,False,0,0,0,0,0,
2026-06-18,M250,False,0,0,0,0,0,
2026-06-19,M250,False,0,0,0,0,0,
2026-06-20,M250,False,0,0,0,0,0,
2026-06-21,M250,False,0,0,0,0,0,
2026-06-22,M250,True,2,9.1,3,2,1,1588
2026-06-23,M250,False,0,0,0,0,0,
2026-06-24,M250,False,0,0,0,0,0,
2026-06-25,M250,False,0,0,0,0,0,
2026-06-26,M250,False,0,0,0,0,0,
2026-06-27,M250,False,0,0,0,0,0,
2026-06-28,M250,False,0,0,0,0,0,
2026-06-29,M250,False,0,0,0,0,0,
2026-06-30,M250,False,0,0,0,0,0,
2026-06-01,M251,False,0,0,0,0,0,
2026-06-02,M251,False,0,0,0,0,0,
2026-06-03,M251,False,0,0,0,0,0,
2026-06-04,M251,False,0,0,0,0,0,
2026-06-05,M251,False,0,0,0,0,0,
2026-06-06,M251,False,0,0,0,0,0,
2026-06-07,M251,False,0,0,0,0,0,
2026-06-08,M251,False,0,0,0,0,0,
2026-06-09,M251,False,0,0,0,0,0,
2026-06-10,M251,False,0,0,0,0,0,
2026-06-11,M251,False,0,0,0,0,0,
2026-06-12,M251,False,0,0,0,0,0,
2026-06-13,M251,False,0,0,0,0,0,
2026-06-14,M251,False,0,0,0,0,0,
2026-06-15,M251,False,0,0,0,0,0,
2026-06-16,M251,False,0,0,0,0,0,
2026-06-17,M251,False,0,0,0,0,0,
2026-06-18,M251,False,0,0,0,0,0,
2026-06-19,M251,False,0,0,0,0,0,
2026-06-20,M251,False,0,0,0,0,0,
2026-06-21,M251,True,4,18.6,8,3,2,449
2026-06-22,M251,True,3,15.5,7,3,0,
2026-06-23,M251,True,1,13.5,5,0,0,
2026-06-24,M251,True,5,27.9,14,4,4,787
2026-06-25,M251,True,4,20.6,9,4,4,1407
2026-06-26,M251,False,0,0,0,0,0,
2026-06-27,M251,True,3,12.7,5,2,0,
2026-06-28,M251,False,0,0,0,0,0,
2026-06-29,M251,True,3,17.1,4,2,0,
2026-06-30,M251,False,0,0,0,0,0,
2026-06-01,M252,False,0,0,0,0,0,
2026-06-02,M252,True,4,22,10,3,0,
2026-06-03,M252,False,0,0,0,0,0,
2026-06-04,M252,False,0,0,0,0,0,
2026-06-05,M252,True,3,17.5,10,4,0,
2026-06-06,M252,False,0,0,0,0,0,
2026-06-07,M252,False,0,0,0,0,0,
2026-06-08,M252,False,0,0,0,0,0,
2026-06-09,M252,False,0,0,0,0,0,
2026-06-10,M252,False,0,0,0,0,0,
2026-06-11,M252,False,0,0,0,0,0,
2026-06-12,M252,False,0,0,0,0,0,
2026-06-13,M252,True,3,19.4,4,0,0,
2026-06-14,M252,True,4,17.2,6,2,0,
2026-06-15,M252,False,0,0,0,0,0,
2026-06-16,M252,False,0,0,0,0,0,
2026-06-17,M252,False,0,0,0,0,0,
2026-06-18,M252,False,0,0,0,0,0,
2026-06-19,M252,False,0,0,0,0,0,
2026-06-20,M252,False,0,0,0,0,0,
2026-06-21,M252,False,0,0,0,0,0,
2026-06-22,M252,True,4,22.7,8,2,1,962
2026-06-23,M252,False,0,0,0,0,0,
2026-06-24,M252,False,0,0,0,0,0,
2026-06-25,M252,True,3,23.9,12,4,0,
2026-06-26,M252,True,2,10.4,0,0,0,
2026-06-27,M252,False,0,0,0,0,0,
2026-06-28,M252,False,0,0,0,0,0,
2026-06-29,M252,False,0,0,0,0,0,
2026-06-30,M252,False,0,0,0,0,0,
2026-06-01,M253,False,0,0,0,0,0,
2026-06-02,M253,False,0,0,0,0,0,
2026-06-03,M253,True,3,10.9,5,1,2,799
2026-06-04,M253,True,2,19.7,4,1,1,30
2026-06-05,M253,True,1,9.3,5,1,2,450
2026-06-06,M253,True,2,19,2,0,3,926
2026-06-07,M253,True,5,27.9,11,5,2,251
2026-06-08,M253,False,0,0,0,0,0,
2026-06-09,M253,False,0,0,0,0,0,
2026-06-10,M253,False,0,0,0,0,0,
2026-06-11,M253,False,0,0,0,0,0,
2026-06-12,M253,False,0,0,0,0,0,
2026-06-13,M253,False,0,0,0,0,0,
2026-06-14,M253,False,0,0,0,0,0,
2026-06-15,M253,True,3,15,6,2,4,30
2026-06-16,M253,True,3,13.2,9,5,0,
2026-06-17,M253,True,4,24.9,7,2,4,411
2026-06-18,M253,False,0,0,0,0,0,
2026-06-19,M253,True,3,16.5,9,3,0,
2026-06-20,M253,True,5,29.9,14,6,1,390
2026-06-21,M253,False,0,0,0,0,0,
2026-06-22,M253,False,0,0,0,0,0,
2026-06-23,M253,False,0,0,0,0,0,
2026-06-24,M253,False,0,0,0,0,0,
2026-06-25,M253,False,0,0,0,0,0,
2026-06-26,M253,False,0,0,0,0,0,
2026-06-27,M253,False,0,0,0,0,0,
2026-06-28,M253,False,0,0,0,0,0,
2026-06-29,M253,True,2,9.4,4,1,0,
2026-06-30,M253,True,4,22.7,7,3,1,773
2026-06-01,M254,False,0,0,0,0,0,
2026-06-02,M254,False,0,0,0,0,0,
2026-06-03,M254,True,3,15.5,9,3,0,
2026-06-04,M254,False,0,0,0,0,0,
2026-06-05,M254,True,2,13.8,4,1,2,567
2026-06-06,M254,False,0,0,0,0,0,
2026-06-07,M254,False,0,0,0,0,0,
2026-06-08,M254,False,0,0,0,0,0,
2026-06-09,M254,False,0,0,0,0,0,
2026-06-10,M254,False,0,0,0,0,0,
2026-06-11,M254,True,3,14.7,5,1,3,1107
2026-06-12,M254,False,0,0,0,0,0,
2026-06-13,M254,True,5,23.3,13,4,0,
2026-06-14,M254,False,0,0,0,0,0,
2026-06-15,M254,False,0,0,0,0,0,
2026-06-16,M254,False,0,0,0,0,0,
2026-06-17,M254,False,0,0,0,0,0,
2026-06-18,M254,False,0,0,0,0,0,
2026-06-19,M254,False,0,0,0,0,0,
2026-06-20,M254,True,3,15.6,7,1,0,
2026-06-21,M254,False,0,0,0,0,0,
2026-06-22,M254,False,0,0,0,0,0,
2026-06-23,M254,False,0,0,0,0,0,
2026-06-24,M254,False,0,0,0,0,0,
2026-06-25,M254,False,0,0,0,0,0,
2026-06-26,M254,False,0,0,0,0,0,
2026-06-27,M254,False,0,0,0,0,0,
2026-06-28,M254,False,0,0,0,0,0,
2026-06-29,M254,False,0,0,0,0,0,
2026-06-30,M254,True,4,16.8,11,4,0,
2026-06-01,M255,False,0,0,0,0,0,
2026-06-02,M255,False,0,0,0,0,0,
2026-06-03,M255,True,5,21.1,11,4,3,30
2026-06-04,M255,False,0,0,0,0,0,
2026-06-05,M255,True,2,6.7,3,3,4,1019
2026-06-06,M255,False,0,0,0,0,0,
2026-06-07,M255,False,0,0,0,0,0,
2026-06-08,M255,False,0,0,0,0,0,
2026-06-09,M255,False,0,0,0,0,0,
2026-06-10,M255,False,0,0,0,0,0,
2026-06-11,M255,False,0,0,0,0,0,
2026-06-12,M255,False,0,0,0,0,0,
2026-06-13,M255,True,3,24,10,2,4,1086
2026-06-14,M255,True,3,22.7,4,3,0,
2026-06-15,M255,False,0,0,0,0,0,
2026-06-16,M255,False,0,0,0,0,0,
2026-06-17,M255,True,3,17.6,5,2,3,1753
2026-06-18,M255,False,0,0,0,0,0,
2026-06-19,M255,False,0,0,0,0,0,
2026-06-20,M255,False,0,0,0,0,0,
2026-06-21,M255,False,0,0,0,0,0,
2026-06-22,M255,False,0,0,0,0,0,
2026-06-23,M255,False,0,0,0,0,0,
2026-06-24,M255,True,2,16.3,2,0,2,434
2026-06-25,M255,False,0,0,0,0,0,
2026-06-26,M255,False,0,0,0,0,0,
2026-06-27,M255,False,0,0,0,0,0,
2026-06-28,M255,True,2,10.9,2,0,4,30
2026-06-29,M255,False,0,0,0,0,0,
2026-06-30,M255,False,0,0,0,0,0,
2026-06-01,M256,False,0,0,0,0,0,
2026-06-02,M256,True,3,16.1,3,1,1,30
2026-06-03,M256,False,0,0,0,0,0,
2026-06-04,M256,False,0,0,0,0,0,
2026-06-05,M256,False,0,0,0,0,0,
2026-06-06,M256,True,4,28,5,2,2,187
2026-06-07,M256,True,3,18.2,10,3,0,
2026-06-08,M256,False,0,0,0,0,0,
2026-06-09,M256,False,0,0,0,0,0,
2026-06-10,M256,True,2,16.2,7,2,0,
2026-06-11,M256,False,0,0,0,0,0,
2026-06-12,M256,False,0,0,0,0,0,
2026-06-13,M256,False,0,0,0,0,0,
2026-06-14,M256,False,0,0,0,0,0,
2026-06-15,M256,False,0,0,0,0,0,
2026-06-16,M256,True,2,14.9,6,2,0,
2026-06-17,M256,False,0,0,0,0,0,
2026-06-18,M256,False,0,0,0,0,0,
2026-06-19,M256,True,2,14.1,5,1,0,
2026-06-20,M256,False,0,0,0,0,0,
2026-06-21,M256,False,0,0,0,0,0,
2026-06-22,M256,False,0,0,0,0,0,
2026-06-23,M256,False,0,0,0,0,0,
2026-06-24,M256,False,0,0,0,0,0,
2026-06-25,M256,True,2,8.6,7,2,0,
2026-06-26,M256,False,0,0,0,0,0,
2026-06-27,M256,True,4,27.6,12,5,0,
2026-06-28,M256,False,0,0,0,0,0,
2026-06-29,M256,False,0,0,0,0,0,
2026-06-30,M256,False,0,0,0,0,0,
2026-06-01,M257,False,0,0,0,0,0,
2026-06-02,M257,True,1,10.3,0,1,3,1438
2026-06-03,M257,False,0,0,0,0,0,
2026-06-04,M257,True,1,8.2,0,1,3,375
2026-06-05,M257,False,0,0,0,0,0,
2026-06-06,M257,False,0,0,0,0,0,
2026-06-07,M257,False,0,0,0,0,0,
2026-06-08,M257,True,2,6.7,3,0,1,655
2026-06-09,M257,True,1,8.7,0,0,4,266
2026-06-10,M257,True,3,21.9,6,4,2,1125
2026-06-11,M257,False,0,0,0,0,0,
2026-06-12,M257,False,0,0,0,0,0,
2026-06-13,M257,True,1,11.5,2,1,1,908
2026-06-14,M257,True,2,17.2,5,1,0,
2026-06-15,M257,False,0,0,0,0,0,
2026-06-16,M257,False,0,0,0,0,0,
2026-06-17,M257,False,0,0,0,0,0,
2026-06-18,M257,False,0,0,0,0,0,
2026-06-19,M257,True,1,12.8,1,0,4,867
2026-06-20,M257,True,3,26.3,2,2,4,763
2026-06-21,M257,False,0,0,0,0,0,
2026-06-22,M257,False,0,0,0,0,0,
2026-06-23,M257,True,1,11,4,3,2,468
2026-06-24,M257,False,0,0,0,0,0,
2026-06-25,M257,False,0,0,0,0,0,
2026-06-26,M257,False,0,0,0,0,0,
2026-06-27,M257,False,0,0,0,0,0,
2026-06-28,M257,True,2,17,5,3,4,1297
2026-06-29,M257,False,0,0,0,0,0,
2026-06-30,M257,True,3,23.1,8,1,0,
2026-06-01,M258,False,0,0,0,0,0,
2026-06-02,M258,True,4,18.6,6,1,4,1025
2026-06-03,M258,False,0,0,0,0,0,
2026-06-04,M258,True,3,13.5,9,4,2,1122
2026-06-05,M258,False,0,0,0,0,0,
2026-06-06,M258,True,2,20.4,0,0,4,1291
2026-06-07,M258,True,3,12.8,5,2,0,
2026-06-08,M258,False,0,0,0,0,0,
2026-06-09,M258,False,0,0,0,0,0,
2026-06-10,M258,True,3,20.1,7,2,0,
2026-06-11,M258,False,0,0,0,0,0,
2026-06-12,M258,False,0,0,0,0,0,
2026-06-13,M258,True,3,19,4,3,0,
2026-06-14,M258,False,0,0,0,0,0,
2026-06-15,M258,False,0,0,0,0,0,
2026-06-16,M258,False,0,0,0,0,0,
2026-06-17,M258,False,0,0,0,0,0,
2026-06-18,M258,True,4,19.5,9,3,1,207
2026-06-19,M258,False,0,0,0,0,0,
2026-06-20,M258,False,0,0,0,0,0,
2026-06-21,M258,True,4,21.3,6,2,3,145
2026-06-22,M258,False,0,0,0,0,0,
2026-06-23,M258,False,0,0,0,0,0,
2026-06-24,M258,False,0,0,0,0,0,
2026-06-25,M258,False,0,0,0,0,0,
2026-06-26,M258,False,0,0,0,0,0,
2026-06-27,M258,False,0,0,0,0,0,
2026-06-28,M258,False,0,0,0,0,0,
2026-06-29,M258,False,0,0,0,0,0,
2026-06-30,M258,False,0,0,0,0,0,
2026-06-01,M259,False,0,0,0,0,0,
2026-06-02,M259,False,0,0,0,0,0,
2026-06-03,M259,False,0,0,0,0,0,
2026-06-04,M259,False,0,0,0,0,0,
2026-06-05,M259,False,0,0,0,0,0,
2026-06-06,M259,False,0,0,0,0,0,
2026-06-07,M259,False,0,0,0,0,0,
2026-06-08,M259,False,0,0,0,0,0,
2026-06-09,M259,False,0,0,0,0,0,
2026-06-10,M259,False,0,0,0,0,0,
2026-06-11,M259,False,0,0,0,0,0,
2026-06-12,M259,False,0,0,0,0,0,
2026-06-13,M259,False,0,0,0,0,0,
2026-06-14,M259,False,0,0,0,0,0,
2026-06-15,M259,False,0,0,0,0,0,
2026-06-16,M259,False,0,0,0,0,0,
2026-06-17,M259,False,0,0,0,0,0,
2026-06-18,M259,False,0,0,0,0,0,
2026-06-19,M259,False,0,0,0,0,0,
2026-06-20,M259,True,2,11.6,7,3,0,
2026-06-21,M259,False,0,0,0,0,0,
2026-06-22,M259,False,0,0,0,0,0,
2026-06-23,M259,False,0,0,0,0,0,
2026-06-24,M259,False,0,0,0,0,0,
2026-06-25,M259,False,0,0,0,0,0,
2026-06-26,M259,False,0,0,0,0,0,
2026-06-27,M259,False,0,0,0,0,0,
2026-06-28,M259,False,0,0,0,0,0,
2026-06-29,M259,False,0,0,0,0,0,
2026-06-30,M259,False,0,0,0,0,0,
2026-06-01,M260,False,0,0,0,0,0,
2026-06-02,M260,False,0,0,0,0,0,
2026-06-03,M260,False,0,0,0,0,0,
2026-06-04,M260,False,0,0,0,0,0,
2026-06-05,M260,False,0,0,0,0,0,
2026-06-06,M260,False,0,0,0,0,0,
2026-06-07,M260,True,3,11.2,5,1,0,
2026-06-08,M260,False,0,0,0,0,0,
2026-06-09,M260,False,0,0,0,0,0,
2026-06-10,M260,True,3,19.5,10,2,1,541
2026-06-11,M260,False,0,0,0,0,0,
2026-06-12,M260,False,0,0,0,0,0,
2026-06-13,M260,True,5,15.3,8,1,0,
2026-06-14,M260,True,1,2,0,0,1,179
2026-06-15,M260,False,0,0,0,0,0,
2026-06-16,M260,False,0,0,0,0,0,
2026-06-17,M260,True,2,15.2,6,5,0,
2026-06-18,M260,False,0,0,0,0,0,
2026-06-19,M260,False,0,0,0,0,0,
2026-06-20,M260,False,0,0,0,0,0,
2026-06-21,M260,False,0,0,0,0,0,
2026-06-22,M260,False,0,0,0,0,0,
2026-06-23,M260,True,4,18.6,11,5,0,
2026-06-24,M260,False,0,0,0,0,0,
2026-06-25,M260,True,2,13,5,1,0,
2026-06-26,M260,False,0,0,0,0,0,
2026-06-27,M260,False,0,0,0,0,0,
2026-06-28,M260,True,3,23.3,4,2,0,
2026-06-29,M260,False,0,0,0,0,0,
2026-06-30,M260,False,0,0,0,0,0,
2026-06-01,M261,True,2,8.3,3,1,0,
2026-06-02,M261,False,0,0,0,0,0,
2026-06-03,M261,False,0,0,0,0,0,
2026-06-04,M261,False,0,0,0,0,0,
2026-06-05,M261,False,0,0,0,0,0,
2026-06-06,M261,False,0,0,0,0,0,
2026-06-07,M261,True,2,16.9,5,1,4,39
2026-06-08,M261,False,0,0,0,0,0,
2026-06-09,M261,False,0,0,0,0,0,
2026-06-10,M261,False,0,0,0,0,0,
2026-06-11,M261,False,0,0,0,0,0,
2026-06-12,M261,True,1,15.8,1,1,1,1408
2026-06-13,M261,False,0,0,0,0,0,
2026-06-14,M261,True,2,13.7,3,1,2,1483
2026-06-15,M261,False,0,0,0,0,0,
2026-06-16,M261,True,1,14.6,1,0,0,
2026-06-17,M261,False,0,0,0,0,0,
2026-06-18,M261,False,0,0,0,0,0,
2026-06-19,M261,True,2,17.8,3,1,0,
2026-06-20,M261,False,0,0,0,0,0,
2026-06-21,M261,False,0,0,0,0,0,
2026-06-22,M261,True,2,9.6,6,2,3,453
2026-06-23,M261,False,0,0,0,0,0,
2026-06-24,M261,False,0,0,0,0,0,
2026-06-25,M261,False,0,0,0,0,0,
2026-06-26,M261,False,0,0,0,0,0,
2026-06-27,M261,False,0,0,0,0,0,
2026-06-28,M261,False,0,0,0,0,0,
2026-06-29,M261,True,2,11,5,1,2,30
2026-06-30,M261,False,0,0,0,0,0,
2026-06-01,M262,True,3,10.6,5,4,4,977
2026-06-02,M262,False,0,0,0,0,0,
2026-06-03,M262,False,0,0,0,0,0,
2026-06-04,M262,False,0,0,0,0,0,
2026-06-05,M262,False,0,0,0,0,0,
2026-06-06,M262,True,4,17.8,8,3,1,30
2026-06-07,M262,False,0,0,0,0,0,
2026-06-08,M262,False,0,0,0,0,0,
2026-06-09,M262,False,0,0,0,0,0,
2026-06-10,M262,True,1,5.9,0,0,0,
2026-06-11,M262,False,0,0,0,0,0,
2026-06-12,M262,False,0,0,0,0,0,
2026-06-13,M262,False,0,0,0,0,0,
2026-06-14,M262,False,0,0,0,0,0,
2026-06-15,M262,False,0,0,0,0,0,
2026-06-16,M262,False,0,0,0,0,0,
2026-06-17,M262,False,0,0,0,0,0,
2026-06-18,M262,True,2,13.6,3,3,0,
2026-06-19,M262,False,0,0,0,0,0,
2026-06-20,M262,False,0,0,0,0,0,
2026-06-21,M262,False,0,0,0,0,0,
2026-06-22,M262,False,0,0,0,0,0,
2026-06-23,M262,True,2,6.6,5,2,0,
2026-06-24,M262,False,0,0,0,0,0,
2026-06-25,M262,False,0,0,0,0,0,
2026-06-26,M262,False,0,0,0,0,0,
2026-06-27,M262,False,0,0,0,0,0,
2026-06-28,M262,True,4,21.2,9,5,0,
2026-06-29,M262,False,0,0,0,0,0,
2026-06-30,M262,True,4,17.2,5,3,3,615
2026-06-01,M263,True,3,21.9,10,5,0,
2026-06-02,M263,False,0,0,0,0,0,
2026-06-03,M263,False,0,0,0,0,0,
2026-06-04,M263,False,0,0,0,0,0,
2026-06-05,M263,False,0,0,0,0,0,
2026-06-06,M263,False,0,0,0,0,0,
2026-06-07,M263,False,0,0,0,0,0,
2026-06-08,M263,True,2,18.3,5,2,0,
2026-06-09,M263,True,4,19.4,8,4,0,
2026-06-10,M263,False,0,0,0,0,0,
2026-06-11,M263,False,0,0,0,0,0,
2026-06-12,M263,False,0,0,0,0,0,
2026-06-13,M263,True,4,23.8,13,5,0,
2026-06-14,M263,False,0,0,0,0,0,
2026-06-15,M263,False,0,0,0,0,0,
2026-06-16,M263,False,0,0,0,0,0,
2026-06-17,M263,False,0,0,0,0,0,
2026-06-18,M263,False,0,0,0,0,0,
2026-06-19,M263,False,0,0,0,0,0,
2026-06-20,M263,True,3,5,5,4,0,
2026-06-21,M263,True,2,14.8,4,1,0,
2026-06-22,M263,False,0,0,0,0,0,
2026-06-23,M263,False,0,0,0,0,0,
2026-06-24,M263,False,0,0,0,0,0,
2026-06-25,M263,False,0,0,0,0,0,
2026-06-26,M263,False,0,0,0,0,0,
2026-06-27,M263,True,1,13.3,0,0,0,
2026-06-28,M263,False,0,0,0,0,0,
2026-06-29,M263,False,0,0,0,0,0,
2026-06-30,M263,False,0,0,0,0,0,
2026-06-01,M264,False,0,0,0,0,0,
2026-06-02,M264,False,0,0,0,0,0,
2026-06-03,M264,False,0,0,0,0,0,
2026-06-04,M264,False,0,0,0,0,0,
2026-06-05,M264,False,0,0,0,0,0,
2026-06-06,M264,False,0,0,0,0,0,
2026-06-07,M264,False,0,0,0,0,0,
2026-06-08,M264,False,0,0,0,0,0,
2026-06-09,M264,False,0,0,0,0,0,
2026-06-10,M264,False,0,0,0,0,0,
2026-06-11,M264,False,0,0,0,0,0,
2026-06-12,M264,False,0,0,0,0,0,
2026-06-13,M264,False,0,0,0,0,0,
2026-06-14,M264,False,0,0,0,0,0,
2026-06-15,M264,False,0,0,0,0,0,
2026-06-16,M264,False,0,0,0,0,0,
2026-06-17,M264,False,0,0,0,0,0,
2026-06-18,M264,False,0,0,0,0,0,
2026-06-19,M264,False,0,0,0,0,0,
2026-06-20,M264,False,0,0,0,0,0,
2026-06-21,M264,False,0,0,0,0,0,
2026-06-22,M264,False,0,0,0,0,0,
2026-06-23,M264,False,0,0,0,0,0,
2026-06-24,M264,False,0,0,0,0,0,
2026-06-25,M264,False,0,0,0,0,0,
2026-06-26,M264,False,0,0,0,0,0,
2026-06-27,M264,False,0,0,0,0,0,
2026-06-28,M264,False,0,0,0,0,0,
2026-06-29,M264,False,0,0,0,0,0,
2026-06-30,M264,True,2,19.9,3,0,0,
2026-06-01,M265,False,0,0,0,0,0,
2026-06-02,M265,False,0,0,0,0,0,
2026-06-03,M265,True,4,20.2,8,3,4,785
2026-06-04,M265,True,1,12.8,1,2,0,
2026-06-05,M265,False,0,0,0,0,0,
2026-06-06,M265,True,2,16,7,4,3,178
2026-06-07,M265,False,0,0,0,0,0,
2026-06-08,M265,False,0,0,0,0,0,
2026-06-09,M265,False,0,0,0,0,0,
2026-06-10,M265,True,2,13.6,6,1,0,
2026-06-11,M265,True,1,19.3,0,1,2,520
2026-06-12,M265,False,0,0,0,0,0,
2026-06-13,M265,False,0,0,0,0,0,
2026-06-14,M265,False,0,0,0,0,0,
2026-06-15,M265,True,3,10.1,2,0,4,424
2026-06-16,M265,False,0,0,0,0,0,
2026-06-17,M265,False,0,0,0,0,0,
2026-06-18,M265,False,0,0,0,0,0,
2026-06-19,M265,False,0,0,0,0,0,
2026-06-20,M265,False,0,0,0,0,0,
2026-06-21,M265,True,3,18.4,7,1,0,
2026-06-22,M265,False,0,0,0,0,0,
2026-06-23,M265,False,0,0,0,0,0,
2026-06-24,M265,False,0,0,0,0,0,
2026-06-25,M265,False,0,0,0,0,0,
2026-06-26,M265,True,1,13.8,7,1,1,725
2026-06-27,M265,False,0,0,0,0,0,
2026-06-28,M265,False,0,0,0,0,0,
2026-06-29,M265,False,0,0,0,0,0,
2026-06-30,M265,False,0,0,0,0,0,
2026-06-01,M266,False,0,0,0,0,0,
2026-06-02,M266,False,0,0,0,0,0,
2026-06-03,M266,False,0,0,0,0,0,
2026-06-04,M266,False,0,0,0,0,0,
2026-06-05,M266,False,0,0,0,0,0,
2026-06-06,M266,False,0,0,0,0,0,
2026-06-07,M266,False,0,0,0,0,0,
2026-06-08,M266,False,0,0,0,0,0,
2026-06-09,M266,False,0,0,0,0,0,
2026-06-10,M266,False,0,0,0,0,0,
2026-06-11,M266,False,0,0,0,0,0,
2026-06-12,M266,False,0,0,0,0,0,
2026-06-13,M266,False,0,0,0,0,0,
2026-06-14,M266,False,0,0,0,0,0,
2026-06-15,M266,False,0,0,0,0,0,
2026-06-16,M266,False,0,0,0,0,0,
2026-06-17,M266,False,0,0,0,0,0,
2026-06-18,M266,False,0,0,0,0,0,
2026-06-19,M266,False,0,0,0,0,0,
2026-06-20,M266,False,0,0,0,0,0,
2026-06-21,M266,False,0,0,0,0,0,
2026-06-22,M266,False,0,0,0,0,0,
2026-06-23,M266,False,0,0,0,0,0,
2026-06-24,M266,False,0,0,0,0,0,
2026-06-25,M266,False,0,0,0,0,0,
2026-06-26,M266,False,0,미측정,0,0,0,
2026-06-27,M266,False,0,0,0,0,0,
2026-06-28,M266,False,0,0,0,0,0,
2026-06-29,M266,False,0,0,0,0,0,
2026-06-30,M266,False,0,0,0,0,0,
2026-06-01,M267,False,0,0,0,0,0,
2026-06-02,M267,False,0,0,0,0,0,
2026-06-03,M267,False,0,0,0,0,0,
2026-06-04,M267,True,4,24.2,8,3,0,
2026-06-05,M267,False,0,0,0,0,0,
2026-06-06,M267,False,0,0,0,0,0,
2026-06-07,M267,False,0,0,0,0,0,
2026-06-08,M267,False,0,0,0,0,0,
2026-06-09,M267,False,0,0,0,0,0,
2026-06-10,M267,False,0,0,0,0,0,
2026-06-11,M267,False,0,0,0,0,0,
2026-06-12,M267,False,0,0,0,0,0,
2026-06-13,M267,True,3,24.1,6,2,4,30
2026-06-14,M267,True,3,28.1,7,1,0,
2026-06-15,M267,True,3,21.6,4,1,4,30
2026-06-16,M267,False,0,0,0,0,0,
2026-06-17,M267,False,0,0,0,0,0,
2026-06-18,M267,False,0,0,0,0,0,
2026-06-19,M267,True,2,18.4,5,1,0,
2026-06-20,M267,True,3,17.4,7,3,0,
2026-06-21,M267,False,0,0,0,0,0,
2026-06-22,M267,True,1,10.1,4,2,0,
2026-06-23,M267,False,0,0,0,0,0,
2026-06-24,M267,False,0,0,0,0,0,
2026-06-25,M267,False,0,0,0,0,0,
2026-06-26,M267,False,0,0,0,0,0,
2026-06-27,M267,False,0,0,0,0,0,
2026-06-28,M267,False,0,0,0,0,0,
2026-06-29,M267,False,0,0,0,0,0,
2026-06-30,M267,False,0,0,0,0,0,
2026-06-01,M268,True,4,19.8,8,4,4,148
2026-06-02,M268,False,0,0,0,0,0,
2026-06-03,M268,False,0,0,0,0,0,
2026-06-04,M268,False,0,0,0,0,0,
2026-06-05,M268,False,0,0,0,0,0,
2026-06-06,M268,False,0,0,0,0,0,
2026-06-07,M268,False,0,0,0,0,0,
2026-06-08,M268,False,0,0,0,0,0,
2026-06-09,M268,False,0,0,0,0,0,
2026-06-10,M268,False,0,0,0,0,0,
2026-06-11,M268,False,0,0,0,0,0,
2026-06-12,M268,False,0,0,0,0,0,
2026-06-13,M268,True,2,13.2,7,1,1,163
2026-06-14,M268,False,0,0,0,0,0,
2026-06-15,M268,True,2,21.6,5,3,0,
2026-06-16,M268,False,0,0,0,0,0,
2026-06-17,M268,False,0,0,0,0,0,
2026-06-18,M268,False,0,0,0,0,0,
2026-06-19,M268,True,5,26.3,9,4,3,721
2026-06-20,M268,False,0,0,0,0,0,
2026-06-21,M268,False,0,0,0,0,0,
2026-06-22,M268,False,0,0,0,0,0,
2026-06-23,M268,True,3,11.6,5,3,0,
2026-06-24,M268,True,2,10,4,2,0,
2026-06-25,M268,False,0,0,0,0,0,
2026-06-26,M268,False,0,0,0,0,0,
2026-06-27,M268,True,1,6.4,3,3,3,628
2026-06-28,M268,False,0,0,0,0,0,
2026-06-29,M268,False,0,0,0,0,0,
2026-06-30,M268,True,3,24.1,5,2,0,
2026-06-01,M269,True,1,20.5,0,1,4,312
2026-06-02,M269,False,0,0,0,0,0,
2026-06-03,M269,True,5,27.3,8,3,1,459
2026-06-04,M269,False,0,0,0,0,0,
2026-06-05,M269,False,0,0,0,0,0,
2026-06-06,M269,False,0,0,0,0,0,
2026-06-07,M269,True,4,23.7,8,3,2,1021
2026-06-08,M269,False,0,0,0,0,0,
2026-06-09,M269,False,0,0,0,0,0,
2026-06-10,M269,True,4,23.3,8,1,4,2237
2026-06-11,M269,False,0,0,0,0,0,
2026-06-12,M269,True,2,5.7,2,2,0,
2026-06-13,M269,False,0,0,0,0,0,
2026-06-14,M269,False,0,0,0,0,0,
2026-06-15,M269,False,0,0,0,0,0,
2026-06-16,M269,False,0,0,0,0,0,
2026-06-17,M269,False,0,0,0,0,0,
2026-06-18,M269,False,0,0,0,0,0,
2026-06-19,M269,False,0,0,0,0,0,
2026-06-20,M269,True,4,21.9,10,3,1,30
2026-06-21,M269,False,0,0,0,0,0,
2026-06-22,M269,True,2,15.6,6,2,0,
2026-06-23,M269,True,4,15.6,9,3,2,1204
2026-06-24,M269,False,0,0,0,0,0,
2026-06-25,M269,False,0,0,0,0,0,
2026-06-26,M269,True,3,22.2,11,3,4,1165
2026-06-27,M269,False,0,0,0,0,0,
2026-06-28,M269,False,0,0,0,0,0,
2026-06-29,M269,False,0,0,0,0,0,
2026-06-30,M269,False,0,0,0,0,0,
2026-06-01,M270,True,3,8.3,4,1,4,835
2026-06-02,M270,False,0,0,0,0,0,
2026-06-03,M270,True,3,23.6,1,1,4,1004
2026-06-04,M270,True,1,19.3,3,2,4,91
2026-06-05,M270,False,0,0,0,0,0,
2026-06-06,M270,False,0,0,0,0,0,
2026-06-07,M270,False,0,0,0,0,0,
2026-06-08,M270,False,0,0,0,0,0,
2026-06-09,M270,False,0,0,0,0,0,
2026-06-10,M270,False,0,0,0,0,0,
2026-06-11,M270,False,0,0,0,0,0,
2026-06-12,M270,False,0,0,0,0,0,
2026-06-13,M270,False,0,0,0,0,0,
2026-06-14,M270,False,0,0,0,0,0,
2026-06-15,M270,False,0,0,0,0,0,
2026-06-16,M270,False,0,0,0,0,0,
2026-06-17,M270,True,3,18,8,1,0,
2026-06-18,M270,False,0,0,0,0,0,
2026-06-19,M270,False,0,0,0,0,0,
2026-06-20,M270,False,0,0,0,0,0,
2026-06-21,M270,True,3,12.8,11,4,1,715
2026-06-22,M270,False,0,0,0,0,0,
2026-06-23,M270,False,0,0,0,0,0,
2026-06-24,M270,False,0,0,0,0,0,
2026-06-25,M270,True,2,23.3,4,1,3,30
2026-06-26,M270,False,0,0,0,0,0,
2026-06-27,M270,True,4,14.7,7,3,3,305
2026-06-28,M270,True,2,18,4,2,0,
2026-06-29,M270,False,0,0,0,0,0,
2026-06-30,M270,True,3,16.3,4,2,0,
2026-06-01,M271,False,0,0,0,0,0,
2026-06-02,M271,False,0,0,0,0,0,
2026-06-03,M271,False,0,0,0,0,0,
2026-06-04,M271,True,2,17.2,4,2,0,
2026-06-05,M271,False,0,0,0,0,0,
2026-06-06,M271,False,0,0,0,0,0,
2026-06-07,M271,False,0,0,0,0,0,
2026-06-08,M271,False,0,0,0,0,0,
2026-06-09,M271,True,4,23,11,3,3,416
2026-06-10,M271,False,0,0,0,0,0,
2026-06-11,M271,False,0,0,0,0,0,
2026-06-12,M271,True,1,7.8,3,0,3,30
2026-06-13,M271,False,0,0,0,0,0,
2026-06-14,M271,False,0,0,0,0,0,
2026-06-15,M271,False,0,0,0,0,0,
2026-06-16,M271,False,0,0,0,0,0,
2026-06-17,M271,True,4,14,10,2,3,979
2026-06-18,M271,False,0,0,0,0,0,
2026-06-19,M271,False,0,0,0,0,0,
2026-06-20,M271,False,0,0,0,0,0,
2026-06-21,M271,True,2,12.3,5,1,0,
2026-06-22,M271,True,4,23.3,7,2,4,30
2026-06-23,M271,True,1,1,0,0,0,
2026-06-24,M271,True,1,9.7,0,0,1,30
2026-06-25,M271,False,0,0,0,0,0,
2026-06-26,M271,False,0,0,0,0,0,
2026-06-27,M271,False,0,0,0,0,0,
2026-06-28,M271,False,0,0,0,0,0,
2026-06-29,M271,False,0,0,0,0,0,
2026-06-30,M271,False,0,0,0,0,0,
2026-06-01,M272,True,2,20.6,4,1,2,502
2026-06-02,M272,True,3,27.7,7,2,0,
2026-06-03,M272,True,1,7.2,2,2,0,
2026-06-04,M272,False,0,0,0,0,0,
2026-06-05,M272,False,0,0,0,0,0,
2026-06-06,M272,True,3,14.9,5,2,2,707
2026-06-07,M272,False,0,0,0,0,0,
2026-06-08,M272,False,0,0,0,0,0,
2026-06-09,M272,False,0,0,0,0,0,
2026-06-10,M272,False,0,0,0,0,0,
2026-06-11,M272,True,2,18.7,7,1,3,1201
2026-06-12,M272,False,0,0,0,0,0,
2026-06-13,M272,False,0,0,0,0,0,
2026-06-14,M272,True,1,12.9,3,2,0,
2026-06-15,M272,True,3,18.3,13,4,3,699
2026-06-16,M272,True,1,18.9,0,1,0,
2026-06-17,M272,False,0,0,0,0,0,
2026-06-18,M272,True,4,16.6,7,1,4,729
2026-06-19,M272,False,0,0,0,0,0,
2026-06-20,M272,True,1,1,4,2,4,920
2026-06-21,M272,False,0,0,0,0,0,
2026-06-22,M272,False,0,0,0,0,0,
2026-06-23,M272,False,0,0,0,0,0,
2026-06-24,M272,False,0,0,0,0,0,
2026-06-25,M272,False,0,0,0,0,0,
2026-06-26,M272,True,3,19.4,6,3,0,
2026-06-27,M272,False,0,0,0,0,0,
2026-06-28,M272,False,0,0,0,0,0,
2026-06-29,M272,False,0,0,0,0,0,
2026-06-30,M272,False,0,0,0,0,0,
2026-06-01,M273,True,5,37.9,11,3,0,
2026-06-02,M273,True,6,34.5,12,5,0,
2026-06-03,M273,False,0,0,0,0,0,
2026-06-04,M273,True,2,8,4,3,0,
2026-06-05,M273,False,0,0,0,0,0,
2026-06-06,M273,False,0,0,0,0,0,
2026-06-07,M273,False,0,0,0,0,0,
2026-06-08,M273,False,0,0,0,0,0,
2026-06-09,M273,False,0,0,0,0,0,
2026-06-10,M273,False,0,0,0,0,0,
2026-06-11,M273,True,2,15.5,5,0,4,690
2026-06-12,M273,False,0,0,0,0,0,
2026-06-13,M273,True,3,26,7,2,1,736
2026-06-14,M273,False,0,0,0,0,0,
2026-06-15,M273,False,0,0,0,0,0,
2026-06-16,M273,False,0,0,0,0,0,
2026-06-17,M273,False,0,0,0,0,0,
2026-06-18,M273,False,0,0,0,0,0,
2026-06-19,M273,True,3,15.4,7,5,3,30
2026-06-20,M273,False,0,0,0,0,0,
2026-06-21,M273,True,2,17.6,2,1,1,92
2026-06-22,M273,False,0,0,0,0,0,
2026-06-23,M273,False,0,0,0,0,0,
2026-06-24,M273,False,0,0,0,0,0,
2026-06-25,M273,False,0,0,0,0,0,
2026-06-26,M273,False,0,0,0,0,0,
2026-06-27,M273,False,0,0,0,0,0,
2026-06-28,M273,True,2,16.9,8,3,3,30
2026-06-29,M273,True,3,25.6,6,4,3,30
2026-06-30,M273,False,0,0,0,0,0,
2026-06-01,M274,False,0,0,0,0,0,
2026-06-02,M274,False,0,0,0,0,0,
2026-06-03,M274,True,2,16.9,9,3,0,
2026-06-04,M274,False,0,0,0,0,0,
2026-06-05,M274,True,4,16.1,12,3,0,
2026-06-06,M274,False,0,0,0,0,0,
2026-06-07,M274,False,0,0,0,0,0,
2026-06-08,M274,False,0,0,0,0,0,
2026-06-09,M274,True,4,28.6,10,6,1,204
2026-06-10,M274,True,3,29,7,3,0,
2026-06-11,M274,False,0,0,0,0,0,
2026-06-12,M274,False,0,0,0,0,0,
2026-06-13,M274,False,0,0,0,0,0,
2026-06-14,M274,False,0,0,0,0,0,
2026-06-15,M274,False,0,0,0,0,0,
2026-06-16,M274,False,0,0,0,0,0,
2026-06-17,M274,False,0,0,0,0,0,
2026-06-18,M274,False,0,0,0,0,0,
2026-06-19,M274,False,0,0,0,0,0,
2026-06-20,M274,True,4,19.8,5,0,3,265
2026-06-21,M274,False,0,0,0,0,0,
2026-06-22,M274,True,4,23,8,1,0,
2026-06-23,M274,False,0,0,0,0,0,
2026-06-24,M274,False,0,0,0,0,0,
2026-06-25,M274,True,3,19.6,8,1,0,
2026-06-26,M274,False,0,0,0,0,0,
2026-06-27,M274,False,0,0,0,0,0,
2026-06-28,M274,True,3,18.5,8,4,2,798
2026-06-29,M274,False,0,0,0,0,0,
2026-06-30,M274,False,0,0,0,0,0,
2026-06-01,M275,False,0,0,0,0,0,
2026-06-02,M275,False,0,0,0,0,0,
2026-06-03,M275,False,0,0,0,0,0,
2026-06-04,M275,False,0,0,0,0,0,
2026-06-05,M275,False,0,0,0,0,0,
2026-06-06,M275,False,0,0,0,0,0,
2026-06-07,M275,False,0,0,0,0,0,
2026-06-08,M275,False,0,0,0,0,0,
2026-06-09,M275,True,2,13.9,1,1,0,
2026-06-10,M275,True,1,4.9,0,1,2,421
2026-06-11,M275,False,0,0,0,0,0,
2026-06-12,M275,False,0,0,0,0,0,
2026-06-13,M275,False,0,0,0,0,0,
2026-06-14,M275,False,0,0,0,0,0,
2026-06-15,M275,False,0,0,0,0,0,
2026-06-16,M275,True,2,8.2,4,1,0,
2026-06-17,M275,True,4,25.5,11,4,0,
2026-06-18,M275,False,0,0,0,0,0,
2026-06-19,M275,False,0,0,0,0,0,
2026-06-20,M275,False,0,0,0,0,0,
2026-06-21,M275,False,0,0,0,0,0,
2026-06-22,M275,False,0,0,0,0,0,
2026-06-23,M275,False,0,0,0,0,0,
2026-06-24,M275,False,0,0,0,0,0,
2026-06-25,M275,True,2,20.3,6,2,4,416
2026-06-26,M275,False,0,0,0,0,0,
2026-06-27,M275,False,0,0,0,0,0,
2026-06-28,M275,True,1,14.4,5,1,4,365
2026-06-29,M275,False,0,0,0,0,0,
2026-06-30,M275,True,2,19.3,3,1,0,
2026-06-01,M276,False,0,0,0,0,0,
2026-06-02,M276,False,0,0,0,0,0,
2026-06-03,M276,False,0,0,0,0,0,
2026-06-04,M276,True,2,16,0,1,1,661
2026-06-05,M276,False,0,0,0,0,0,
2026-06-06,M276,False,0,0,0,0,0,
2026-06-07,M276,False,0,0,0,0,0,
2026-06-08,M276,False,0,0,0,0,0,
2026-06-09,M276,True,2,20.6,2,0,3,851
2026-06-10,M276,True,2,14,5,2,0,
2026-06-11,M276,False,0,0,0,0,0,
2026-06-12,M276,True,2,15.3,5,2,0,
2026-06-13,M276,False,0,0,0,0,0,
2026-06-14,M276,True,3,24.4,5,2,0,
2026-06-15,M276,False,0,0,0,0,0,
2026-06-16,M276,True,3,20.2,6,1,1,675
2026-06-17,M276,False,0,0,0,0,0,
2026-06-18,M276,True,2,19.6,6,2,4,1326
2026-06-19,M276,False,0,0,0,0,0,
2026-06-20,M276,False,0,0,0,0,0,
2026-06-21,M276,False,0,0,0,0,0,
2026-06-22,M276,False,0,0,0,0,0,
2026-06-23,M276,False,0,0,0,0,0,
2026-06-24,M276,True,2,4.2,2,0,0,
2026-06-25,M276,True,1,18.8,1,0,1,1442
2026-06-26,M276,False,0,0,0,0,0,
2026-06-27,M276,True,2,15.6,6,2,4,75
2026-06-28,M276,True,3,21.7,4,0,4,1109
2026-06-29,M276,True,2,6.2,2,2,1,1242
2026-06-30,M276,False,0,0,0,0,0,
2026-06-01,M277,True,1,15.1,4,3,0,
2026-06-02,M277,False,0,0,0,0,0,
2026-06-03,M277,True,1,15.9,0,0,0,
2026-06-04,M277,False,0,0,0,0,0,
2026-06-05,M277,False,0,0,0,0,0,
2026-06-06,M277,False,0,0,0,0,0,
2026-06-07,M277,True,3,11.3,7,2,0,
2026-06-08,M277,False,0,0,0,0,0,
2026-06-09,M277,False,0,0,0,0,0,
2026-06-10,M277,False,0,0,0,0,0,
2026-06-11,M277,False,0,0,0,0,0,
2026-06-12,M277,False,0,0,0,0,0,
2026-06-13,M277,False,0,0,0,0,0,
2026-06-14,M277,False,0,0,0,0,0,
2026-06-15,M277,True,1,12.1,1,0,0,
2026-06-16,M277,False,0,0,0,0,0,
2026-06-17,M277,False,0,0,0,0,0,
2026-06-18,M277,True,1,12.1,1,2,0,
2026-06-19,M277,False,0,0,0,0,0,
2026-06-20,M277,False,0,0,0,0,0,
2026-06-21,M277,True,1,14.9,0,0,0,
2026-06-22,M277,False,0,0,0,0,0,
2026-06-23,M277,False,0,0,0,0,0,
2026-06-24,M277,False,0,0,0,0,0,
2026-06-25,M277,False,0,0,0,0,0,
2026-06-26,M277,False,0,0,0,0,0,
2026-06-27,M277,False,0,0,0,0,0,
2026-06-28,M277,True,1,6.7,0,1,0,
2026-06-29,M277,False,0,0,0,0,0,
2026-06-30,M277,False,0,0,0,0,0,
2026-06-01,M278,True,3,23.6,8,2,0,
2026-06-02,M278,False,0,0,0,0,0,
2026-06-03,M278,False,0,0,0,0,0,
2026-06-04,M278,False,0,0,0,0,0,
2026-06-05,M278,False,0,0,0,0,0,
2026-06-06,M278,False,0,0,0,0,0,
2026-06-07,M278,False,0,0,0,0,0,
2026-06-08,M278,False,0,0,0,0,0,
2026-06-09,M278,False,0,0,0,0,0,
2026-06-10,M278,True,2,19.6,1,0,0,
2026-06-11,M278,True,2,14.1,6,3,1,546
2026-06-12,M278,False,0,0,0,0,0,
2026-06-13,M278,True,5,27.2,13,4,4,154
2026-06-14,M278,False,0,0,0,0,0,
2026-06-15,M278,False,0,0,0,0,0,
2026-06-16,M278,False,0,0,0,0,0,
2026-06-17,M278,True,2,18.5,6,2,0,
2026-06-18,M278,True,1,11.2,2,0,0,
2026-06-19,M278,False,0,0,0,0,0,
2026-06-20,M278,False,0,0,0,0,0,
2026-06-21,M278,False,0,0,0,0,0,
2026-06-22,M278,True,1,5.9,5,3,3,1522
2026-06-23,M278,False,0,0,0,0,0,
2026-06-24,M278,False,0,0,0,0,0,
2026-06-25,M278,False,0,0,0,0,0,
2026-06-26,M278,True,4,24.5,7,3,1,435
2026-06-27,M278,False,0,0,0,0,0,
2026-06-28,M278,True,3,16.7,8,3,0,
2026-06-29,M278,False,0,0,0,0,0,
2026-06-30,M278,False,0,0,0,0,0,
2026-06-01,M279,False,0,0,0,0,0,
2026-06-02,M279,True,1,9,5,0,0,
2026-06-03,M279,False,0,0,0,0,0,
2026-06-04,M279,False,0,0,0,0,0,
2026-06-05,M279,False,0,0,0,0,0,
2026-06-06,M279,False,0,0,0,0,0,
2026-06-07,M279,False,0,0,0,0,0,
2026-06-08,M279,False,0,0,0,0,0,
2026-06-09,M279,False,0,0,0,0,0,
2026-06-10,M279,False,0,0,0,0,0,
2026-06-11,M279,False,0,0,0,0,0,
2026-06-12,M279,False,0,0,0,0,0,
2026-06-13,M279,False,0,0,0,0,0,
2026-06-14,M279,False,0,0,0,0,0,
2026-06-15,M279,False,0,0,0,0,0,
2026-06-16,M279,False,0,0,0,0,0,
2026-06-17,M279,False,0,0,0,0,0,
2026-06-18,M279,True,1,8.1,8,3,0,
2026-06-19,M279,True,1,6.6,5,2,0,
2026-06-20,M279,False,0,0,0,0,0,
2026-06-21,M279,False,0,0,0,0,0,
2026-06-22,M279,True,1,7.1,4,1,0,
2026-06-23,M279,False,0,0,0,0,0,
2026-06-24,M279,False,0,0,0,0,0,
2026-06-25,M279,False,0,0,0,0,0,
2026-06-26,M279,False,0,0,0,0,0,
2026-06-27,M279,False,0,0,0,0,0,
2026-06-28,M279,False,0,0,0,0,0,
2026-06-29,M279,False,0,0,0,0,0,
2026-06-30,M279,False,0,0,0,0,0,
2026-06-01,M280,False,0,0,0,0,0,
2026-06-02,M280,True,3,18.4,7,3,0,
2026-06-03,M280,False,0,0,0,0,0,
2026-06-04,M280,False,0,0,0,0,0,
2026-06-05,M280,False,0,0,0,0,0,
2026-06-06,M280,False,0,0,0,0,0,
2026-06-07,M280,True,3,21.2,10,4,2,76
2026-06-08,M280,False,0,0,0,0,0,
2026-06-09,M280,False,0,0,0,0,0,
2026-06-10,M280,True,4,18.5,8,4,4,30
2026-06-11,M280,False,0,0,0,0,0,
2026-06-12,M280,True,3,11.2,5,0,3,30
2026-06-13,M280,False,0,0,0,0,0,
2026-06-14,M280,True,3,23.2,5,0,0,
2026-06-15,M280,False,0,0,0,0,0,
2026-06-16,M280,False,0,0,0,0,0,
2026-06-17,M280,False,0,0,0,0,0,
2026-06-18,M280,False,0,0,0,0,0,
2026-06-19,M280,False,0,0,0,0,0,
2026-06-20,M280,False,0,0,0,0,0,
2026-06-21,M280,True,2,21.4,7,3,0,
2026-06-22,M280,True,4,15.1,8,2,0,
2026-06-23,M280,True,5,17.3,12,4,0,
2026-06-24,M280,False,0,0,0,0,0,
2026-06-25,M280,False,0,0,0,0,0,
2026-06-26,M280,True,3,14.7,6,2,4,30
2026-06-27,M280,False,0,0,0,0,0,
2026-06-28,M280,False,0,0,0,0,0,
2026-06-29,M280,False,0,0,0,0,0,
2026-06-30,M280,True,3,23.5,1,1,4,521
