equipment_id,sensor_model,temperature_upper_c,pressure_upper_bar,vibration_limit_mm_s,inspection_cycle_days
EQ0001,SEN-B,227.1,6.09,4.5,90
EQ0002,SEN-B,213.9,5.47,4.5,30
EQ0003,SEN-C,201.3,7.32,4.5,90
EQ0004,SEN-B,206.2,6.41,4.5,60
EQ0005,SEN-B,171.1,7.24,4.0,60
EQ0006,SEN-A,217.3,8.25,3.5,120
EQ0007,SEN-B,205.7,6.82,5.0,60
EQ0008,SEN-A,186.6,6.32,5.0,60
EQ0009,SEN-A,213.1,5.18,5.0,60
EQ0010,SEN-C,210.6,6.2,4.5,60
EQ0011,SEN-C,224.5,6.92,3.5,60
EQ0012,SEN-C,221.0,5.96,4.0,120
EQ0013,SEN-C,237.8,5.46,4.0,120
EQ0014,SEN-C,230.6,4.13,4.0,30
EQ0015,SEN-C,197.7,4.88,4.5,30
EQ0016,SEN-B,180.0,7.36,3.5,120
EQ0017,SEN-C,200.6,6.44,3.5,120
EQ0018,SEN-C,191.7,7.1,3.5,90
EQ0019,SEN-B,153.8,5.6,4.0,30
EQ0020,SEN-A,204.1,5.61,5.0,120
EQ0021,SEN-A,189.0,8.26,4.0,90
EQ0022,SEN-C,228.5,6.5,4.5,90
EQ0023,SEN-B,200.9,8.08,4.0,30
EQ0024,SEN-B,192.2,6.7,4.0,30
EQ0025,SEN-A,220.3,7.28,3.5,120
EQ0026,SEN-B,176.9,7.27,4.0,120
EQ0027,SEN-C,214.3,6.77,5.0,90
EQ0028,SEN-B,242.8,7.41,3.5,90
EQ0029,SEN-A,209.3,7.34,5.0,120
EQ0030,SEN-C,203.3,5.95,4.0,90
EQ0031,SEN-A,212.1,4.08,3.5,90
EQ0032,SEN-B,198.8,5.31,5.0,90
EQ0033,SEN-B,210.0,5.32,4.0,60
EQ0034,SEN-B,200.8,6.19,4.0,90
EQ0035,SEN-A,214.0,6.49,3.5,60
EQ0036,SEN-A,167.1,5.9,5.0,90
EQ0037,SEN-C,218.0,5.85,4.0,90
EQ0038,SEN-A,205.3,7.88,3.5,30
EQ0039,SEN-A,200.4,5.81,5.0,30
EQ0040,SEN-A,211.5,5.86,5.0,60
EQ0041,SEN-B,197.9,7.5,4.0,90
EQ0042,SEN-B,169.7,6.46,3.5,90
EQ0043,SEN-C,178.5,5.07,4.0,30
EQ0044,SEN-B,223.1,7.44,5.0,90
EQ0045,SEN-C,203.4,6.52,4.5,90
EQ0046,SEN-B,238.3,6.1,4.0,120
EQ0047,SEN-B,185.9,6.3,4.5,90
EQ0048,SEN-A,225.4,6.7,5.0,90
EQ0049,SEN-B,197.9,7.58,3.5,60
EQ0050,SEN-C,174.7,4.44,4.0,120
EQ0051,SEN-C,199.3,5.47,3.5,90
EQ0052,SEN-B,195.2,5.41,5.0,90
EQ0053,SEN-A,187.4,6.67,3.5,120
EQ0054,SEN-B,191.1,7.23,3.5,90
EQ0055,SEN-B,192.5,7.48,4.5,120
EQ0056,SEN-A,225.9,6.19,4.5,60
EQ0057,SEN-A,216.7,6.46,3.5,120
EQ0058,SEN-C,201.8,5.16,5.0,30
EQ0059,SEN-A,232.1,6.46,5.0,30
EQ0060,SEN-B,202.0,7.76,3.5,60
EQ0061,SEN-A,176.7,5.87,5.0,30
EQ0062,SEN-B,202.1,5.69,4.5,90
EQ0063,SEN-A,230.8,7.67,4.0,60
EQ0064,SEN-A,211.9,6.89,5.0,120
EQ0065,SEN-C,202.6,6.68,5.0,120
EQ0066,SEN-C,191.7,6.76,4.0,90
EQ0067,SEN-A,228.1,6.9,3.5,90
EQ0068,SEN-A,211.6,4.49,5.0,120
EQ0069,SEN-B,224.4,6.63,4.0,60
EQ0070,SEN-B,200.2,7.64,5.0,30
EQ0071,SEN-C,192.4,6.54,4.5,120
EQ0072,SEN-B,195.5,7.97,3.5,90
EQ0073,SEN-B,186.4,6.96,3.5,90
EQ0074,SEN-C,193.6,6.01,4.5,120
EQ0075,SEN-A,189.9,5.06,5.0,120
EQ0076,SEN-B,228.1,5.66,4.5,60
EQ0077,SEN-B,172.4,6.18,3.5,30
EQ0078,SEN-A,190.6,6.31,5.0,60
EQ0079,SEN-B,201.0,6.72,3.5,30
EQ0080,SEN-C,223.5,5.18,5.0,120
EQ0081,SEN-A,205.3,5.89,5.0,60
EQ0082,SEN-B,260.0,5.87,5.0,30
EQ0083,SEN-A,166.6,5.53,4.0,120
EQ0084,SEN-B,190.1,5.36,4.5,30
EQ0085,SEN-C,201.4,5.19,5.0,60
EQ0086,SEN-C,166.6,7.03,4.5,30
EQ0087,SEN-A,190.4,5.01,3.5,60
EQ0088,SEN-A,231.3,7.76,3.5,90
EQ0089,SEN-C,206.4,6.35,3.5,120
EQ0090,SEN-A,208.4,7.87,4.5,30
EQ0091,SEN-A,206.7,6.45,3.5,30
EQ0092,SEN-C,206.3,6.34,4.0,60
EQ0093,SEN-B,191.7,7.0,4.5,30
EQ0094,SEN-C,180.8,6.0,3.5,90
EQ0095,SEN-C,161.7,7.38,5.0,60
EQ0096,SEN-C,215.4,6.09,5.0,60
EQ0097,SEN-B,244.4,6.18,4.5,120
EQ0098,SEN-B,202.3,6.07,4.5,120
EQ0099,SEN-C,180.7,6.95,4.0,30
EQ0100,SEN-B,180.8,8.87,5.0,60
EQ0101,SEN-A,221.8,5.74,3.5,30
EQ0102,SEN-A,211.9,8.64,5.0,120
EQ0103,SEN-B,184.4,6.47,4.5,30
EQ0104,SEN-B,192.4,7.35,4.5,120
EQ0105,SEN-C,189.4,6.38,3.5,90
EQ0106,SEN-B,196.0,7.68,3.5,30
EQ0107,SEN-B,197.7,6.11,4.5,120
EQ0108,SEN-C,188.2,6.51,4.0,120
EQ0109,SEN-C,213.8,6.32,5.0,60
EQ0110,SEN-A,232.4,6.41,4.5,90
EQ0111,SEN-C,195.9,6.27,5.0,30
EQ0112,SEN-C,199.2,6.69,4.5,90
EQ0113,SEN-B,190.3,8.17,4.5,30
EQ0114,SEN-B,198.1,6.51,4.5,120
EQ0115,SEN-C,198.2,6.28,4.5,90
EQ0116,SEN-B,260.4,6.81,4.0,120
EQ0117,SEN-C,203.1,3.88,4.0,90
EQ0118,SEN-C,235.0,5.5,3.5,60
EQ0119,SEN-A,200.3,7.05,3.5,90
EQ0120,SEN-A,200.7,7.03,4.5,60
EQ0121,SEN-C,179.8,6.26,3.5,120
EQ0122,SEN-A,234.8,5.23,5.0,30
EQ0123,SEN-C,236.9,5.72,4.0,120
EQ0124,SEN-C,233.5,7.5,4.5,30
EQ0125,SEN-A,219.4,6.45,4.5,120
EQ0126,SEN-B,185.7,5.8,4.5,90
EQ0127,SEN-B,205.3,5.51,3.5,120
EQ0128,SEN-B,245.1,6.73,5.0,120
EQ0129,SEN-B,209.6,6.93,5.0,30
EQ0130,SEN-A,230.8,5.53,4.0,30
EQ0131,SEN-B,207.3,6.63,3.5,120
EQ0132,SEN-A,201.5,6.31,4.0,60
EQ0133,SEN-B,198.1,6.41,4.0,120
EQ0134,SEN-A,192.6,6.26,3.5,120
EQ0135,SEN-B,239.0,6.69,4.0,30
EQ0136,SEN-A,225.3,6.25,5.0,60
EQ0137,SEN-C,194.4,5.73,4.5,90
EQ0138,SEN-A,225.0,7.1,3.5,120
EQ0139,SEN-A,195.0,6.24,3.5,120
EQ0140,SEN-A,187.3,6.9,4.0,90
EQ0141,SEN-C,177.8,3.52,3.5,120
EQ0142,SEN-B,205.7,6.98,4.0,60
EQ0143,SEN-A,243.5,5.22,4.5,30
EQ0144,SEN-A,198.0,6.14,4.0,90
EQ0145,SEN-C,221.6,6.61,4.0,90
EQ0146,SEN-C,216.3,7.64,3.5,60
EQ0147,SEN-C,207.7,7.01,5.0,30
EQ0148,SEN-C,230.8,5.92,4.0,120
EQ0149,SEN-B,183.8,6.44,3.5,120
EQ0150,SEN-B,204.8,6.93,4.0,120
EQ0151,SEN-C,202.6,3.9,3.5,120
EQ0152,SEN-A,220.4,8.34,4.5,60
EQ0153,SEN-B,212.3,4.94,5.0,90
EQ0154,SEN-C,197.2,5.82,4.5,60
EQ0155,SEN-C,193.5,7.88,4.0,90
EQ0156,SEN-C,200.4,7.83,3.5,60
EQ0157,SEN-B,196.4,6.9,4.5,120
EQ0158,SEN-A,201.7,7.17,3.5,30
EQ0159,SEN-B,208.6,5.86,5.0,30
EQ0160,SEN-B,220.7,5.64,5.0,120
EQ0161,SEN-B,181.4,6.9,4.0,60
EQ0162,SEN-C,198.3,4.82,4.5,30
EQ0163,SEN-B,198.7,5.56,3.5,90
EQ0164,SEN-C,171.9,5.42,3.5,30
EQ0165,SEN-A,202.1,7.23,3.5,90
EQ0166,SEN-C,210.9,7.02,4.0,120
EQ0167,SEN-B,230.2,6.55,5.0,120
EQ0168,SEN-A,189.9,7.74,3.5,90
EQ0169,SEN-B,191.3,6.93,4.0,60
EQ0170,SEN-B,177.5,4.87,4.5,30
EQ0171,SEN-C,185.5,6.11,5.0,60
EQ0172,SEN-C,214.8,5.53,4.0,120
EQ0173,SEN-B,209.2,5.85,4.0,120
EQ0174,SEN-B,203.4,8.88,3.5,120
EQ0175,SEN-C,199.7,5.14,4.0,120
EQ0176,SEN-B,171.0,5.84,5.0,90
EQ0177,SEN-B,216.2,6.0,4.5,90
EQ0178,SEN-B,196.9,8.34,4.0,30
EQ0179,SEN-B,185.3,6.54,5.0,30
EQ0180,SEN-B,207.8,6.13,5.0,90
EQ0181,SEN-C,188.5,5.59,4.0,30
EQ0182,SEN-C,166.9,6.79,3.5,120
EQ0183,SEN-A,225.6,7.91,3.5,90
EQ0184,SEN-B,204.8,5.32,3.5,90
EQ0185,SEN-B,240.3,7.48,4.5,60
EQ0186,SEN-C,222.9,5.2,4.5,90
EQ0187,SEN-B,227.8,5.8,5.0,60
EQ0188,SEN-C,251.6,6.14,5.0,60
EQ0189,SEN-A,206.0,5.91,3.5,60
EQ0190,SEN-C,179.3,6.35,5.0,90
EQ0191,SEN-A,219.0,6.79,4.0,60
EQ0192,SEN-A,193.8,7.72,3.5,30
EQ0193,SEN-C,169.7,5.69,4.5,30
EQ0194,SEN-A,202.8,5.6,3.5,60
EQ0195,SEN-C,231.3,8.24,3.5,90
EQ0196,SEN-C,226.7,8.35,4.5,120
EQ0197,SEN-B,192.4,6.45,4.5,90
EQ0198,SEN-A,224.1,7.97,4.5,90
EQ0199,SEN-C,187.4,5.3,4.0,120
EQ0200,SEN-C,233.0,5.13,4.0,90
EQ0201,SEN-C,226.1,5.85,4.5,120
EQ0202,SEN-A,182.2,4.54,4.0,120
EQ0203,SEN-A,230.4,6.41,4.0,30
EQ0204,SEN-B,212.9,6.73,4.0,90
EQ0205,SEN-B,253.8,5.25,4.0,120
EQ0206,SEN-C,204.2,5.43,3.5,120
EQ0207,SEN-A,201.6,8.5,3.5,30
EQ0208,SEN-B,205.1,4.64,4.0,60
EQ0209,SEN-C,234.2,4.16,4.5,90
EQ0210,SEN-B,187.9,5.96,5.0,90
EQ0211,SEN-B,204.8,7.4,4.0,60
EQ0212,SEN-C,203.6,6.69,3.5,120
EQ0213,SEN-B,221.9,6.84,5.0,60
EQ0214,SEN-A,224.1,7.35,3.5,120
EQ0215,SEN-A,208.8,5.26,5.0,60
EQ0216,SEN-A,179.7,6.77,5.0,30
EQ0217,SEN-A,207.9,7.28,5.0,90
EQ0218,SEN-C,200.8,6.0,3.5,60
EQ0219,SEN-B,185.2,4.23,3.5,60
EQ0220,SEN-A,189.9,6.95,3.5,120
EQ0221,SEN-A,230.8,6.48,5.0,90
EQ0222,SEN-C,194.7,7.51,4.5,120
EQ0223,SEN-B,189.9,7.23,5.0,120
EQ0224,SEN-B,264.0,5.4,5.0,90
EQ0225,SEN-B,194.4,8.74,4.0,90
EQ0226,SEN-B,210.5,6.6,4.5,120
EQ0227,SEN-C,162.2,5.73,4.0,90
EQ0228,SEN-B,210.2,7.75,5.0,120
EQ0229,SEN-C,227.2,8.49,4.0,120
EQ0230,SEN-B,192.4,4.26,3.5,120
EQ0231,SEN-B,214.2,6.28,3.5,90
EQ0232,SEN-A,218.0,6.35,4.5,30
EQ0233,SEN-C,181.7,4.36,3.5,60
EQ0234,SEN-C,201.3,5.84,4.5,90
EQ0235,SEN-C,213.8,5.55,4.0,90
EQ0236,SEN-B,190.9,3.59,4.5,60
EQ0237,SEN-C,194.5,7.32,4.0,30
EQ0238,SEN-B,222.5,3.78,3.5,30
EQ0239,SEN-B,241.2,5.51,4.5,30
EQ0240,SEN-B,223.3,5.13,4.5,120
