equipment_id,equipment_name,plant,line,equipment_type,manufacturer,install_date,last_inspection_date,rated_cycle_sec,target_temperature_c,target_pressure_bar,maintenance_grade,operation_status,monthly_runtime_hours,failure_count_90d
EQN001,신규설비-01,광주공장,C라인,프레스,미래자동화,2025-07-13,2026-08-18,39.6,174.9,4.79,A,가동,454.2,0
EQN002,신규설비-02,서울공장,C라인,프레스,미래자동화,2026-03-13,2026-05-22,35.3,183.0,3.85,C,대기,304.3,4
EQN003,신규설비-03,서울공장,A라인,포장기,미래자동화,2025-01-08,2026-08-25,37.4,168.5,5.99,B,가동,510.2,2
EQN004,신규설비-04,광주공장,A라인,검사기,한빛기계,2024-03-29,2026-08-12,43.3,173.9,3.67,A,가동,455.9,0
EQN005,신규설비-05,경기공장,C라인,검사기,한빛기계,2022-07-26,2026-04-13,44.1,179.9,5.25,A,점검,411.9,0
EQN006,신규설비-06,경기공장,D라인,사출기,대한정밀,2023-06-20,2026-07-23,34.8,179.0,4.36,C,가동,464.6,0
EQN007,신규설비-07,충남공장,C라인,프레스,한빛기계,2025-02-23,2026-04-29,45.4,187.5,4.17,C,대기,384.8,0
EQN008,신규설비-08,광주공장,C라인,레이저검사기,대한정밀,2025-06-05,2026-07-04,44.2,214.2,6.21,C,대기,492.1,1
EQN009,신규설비-09,충남공장,C라인,사출기,미래자동화,2022-07-23,2026-04-15,36.3,198.1,4.74,C,가동,432.8,2
EQN010,신규설비-10,경기공장,B라인,사출기,한빛기계,2025-02-04,2026-08-13,45.1,167.0,4.59,B,가동,486.1,1
EQN011,신규설비-11,광주공장,C라인,검사기,미래자동화,2025-06-30,2026-06-06,44.3,212.8,5.07,A,가동,452.9,1
EQN012,신규설비-12,광주공장,B라인,사출기,미래자동화,2021-01-21,2026-06-15,41.9,198.9,3.17,A,대기,278.7,2
EQN013,신규설비-13,광주공장,D라인,레이저검사기,한빛기계,2023-04-08,2026-05-08,40.2,188.2,6.24,B,가동,432.7,0
EQN014,신규설비-14,충남공장,B라인,사출기,미래자동화,2025-09-24,2026-05-18,38.3,180.0,5.29,B,점검,430.8,1
EQN015,신규설비-15,광주공장,D라인,레이저검사기,미래자동화,2025-02-19,2026-08-14,42.7,194.7,5.5,A,점검,440.7,0
EQN016,신규설비-16,경기공장,B라인,레이저검사기,미래자동화,2022-04-09,2026-05-18,34.3,175.4,5.74,B,대기,386.7,1
EQN017,신규설비-17,경기공장,D라인,사출기,미래자동화,2023-02-10,2026-05-13,47.5,175.9,5.65,C,대기,515.0,1
EQN018,신규설비-18,충남공장,D라인,레이저검사기,한빛기계,2025-07-10,2026-04-13,45.6,192.4,4.48,C,가동,510.5,0
EQN019,신규설비-19,경기공장,D라인,프레스,한빛기계,2026-03-15,2026-06-27,47.0,185.3,4.94,B,점검,434.9,0
EQN020,신규설비-20,서울공장,C라인,검사기,대한정밀,2021-10-17,2026-06-20,39.0,180.6,6.03,A,점검,322.9,1
EQN021,신규설비-21,충남공장,C라인,레이저검사기,대한정밀,2021-11-28,2026-08-26,51.5,162.8,4.48,B,가동,437.9,1
EQN022,신규설비-22,광주공장,C라인,포장기,대한정밀,2022-04-27,2026-07-14,40.8,170.1,5.47,A,가동,385.9,1
EQN023,신규설비-23,경기공장,B라인,사출기,한빛기계,2022-06-11,2026-08-25,32.4,188.5,5.41,A,점검,444.8,2
EQN024,신규설비-24,충남공장,C라인,포장기,한빛기계,2023-04-07,2026-04-10,36.9,212.2,6.82,A,점검,342.7,1
EQN025,신규설비-25,경기공장,A라인,사출기,한빛기계,2022-12-15,2026-05-04,42.8,171.0,4.47,C,점검,460.4,1
EQN026,신규설비-26,충남공장,D라인,검사기,한빛기계,2023-01-08,2026-05-28,44.5,186.4,4.13,A,점검,447.0,0
EQN027,신규설비-27,광주공장,A라인,포장기,미래자동화,2024-09-30,2026-06-24,47.0,174.3,5.42,C,점검,475.6,2
EQN028,신규설비-28,광주공장,D라인,레이저검사기,대한정밀,2023-03-03,2026-04-06,37.8,182.7,5.34,C,점검,406.5,2
EQN029,신규설비-29,충남공장,B라인,사출기,미래자동화,2021-04-23,2026-07-14,39.4,185.0,5.96,B,점검,314.3,1
EQN030,신규설비-30,서울공장,B라인,검사기,대한정밀,2022-05-07,2026-05-25,45.0,188.1,4.52,B,점검,504.6,1
EQN031,신규설비-31,경기공장,D라인,포장기,미래자동화,2024-08-19,2026-05-09,41.7,185.2,5.9,A,가동,475.6,0
EQN032,신규설비-32,서울공장,D라인,레이저검사기,한빛기계,2025-02-08,2026-05-29,39.0,174.2,5.65,C,점검,484.0,0
EQN033,신규설비-33,충남공장,B라인,포장기,한빛기계,2021-10-10,2026-08-17,26.9,160.8,6.91,C,점검,435.9,1
EQN034,신규설비-34,경기공장,B라인,사출기,미래자동화,2025-09-01,2026-08-10,36.9,173.7,5.06,B,대기,459.8,2
EQN035,신규설비-35,서울공장,D라인,레이저검사기,대한정밀,2024-07-26,2026-04-13,46.4,181.2,5.29,B,가동,345.3,2
EQN036,신규설비-36,경기공장,D라인,프레스,대한정밀,2023-02-23,2026-06-21,32.2,219.2,4.97,B,가동,368.8,0
EQN037,신규설비-37,충남공장,D라인,프레스,미래자동화,2021-08-11,2026-07-02,51.7,168.0,4.71,A,대기,595.9,1
EQN038,신규설비-38,서울공장,C라인,포장기,미래자동화,2025-07-11,2026-08-16,43.2,207.2,4.58,B,점검,390.1,1
EQN039,신규설비-39,충남공장,B라인,프레스,한빛기계,2024-08-15,2026-07-17,51.4,189.2,5.32,A,가동,415.9,1
EQN040,신규설비-40,충남공장,B라인,프레스,한빛기계,2021-11-13,2026-05-10,37.0,187.1,4.97,A,대기,477.5,0
