equipment_id,equipment_name,plant,line,equipment_type,manufacturer,install_date,last_inspection_date,rated_cycle_sec,target_temperature_c,target_pressure_bar,maintenance_grade,operation_status,monthly_runtime_hours,failure_count_90d,maintenance_required
EQ0001,설비-001,경기공장,D라인,포장기,대한정밀,2022-08-22,2026-07-23,41.2,207.1,4.83,B,가동,409.5,1,False
EQ0002,설비-002,서울공장,C라인,포장기,한빛기계,2025-03-26,2026-08-13,23.4,191.9,4.93,A,가동,474.8,1,True
EQ0003,설비-003,충남공장,B라인,사출기,미래자동화,2024-05-08,2026-05-04,43.4,188.3,5.89,C,가동,439.6,1,False
EQ0004,설비-004,서울공장,A라인,포장기,한빛기계,2024-02-03,2026-06-06,40.8,192.2,5.01,A,가동,472.4,3,False
EQ0005,설비-005,서울공장,B라인,포장기,미래자동화,2024-04-19,2026-06-04,40.8,147.1,6.28,A,가동,392.5,1,False
EQ0006,설비-006,충남공장,A라인,검사기,대한정밀,2019-03-13,2026-01-28,27.7,197.3,6.75,B,가동,520.5,2,False
EQ0007,설비-007,경기공장,D라인,포장기,대한정밀,2021-05-14,2026-06-15,37.5,189.7,5.59,A,가동,257.0,0,False
EQ0008,설비-008, Seoul Plant ,A라인,포장기,한빛기계,2022-02-06,2026-03-04,42.9,160.6,5.3,C,가동,525.4,3,True
EQ0009,설비-009,충남공장,C라인,검사기,대한정밀,2023-07-13,2026-02-27,51.5,189.1,4.48,B,가동,524.7,1,False
EQ0010,설비-010,경기공장,C라인,포장기,대한정밀,2021-10-28,2026-03-01,47.9,187.6,4.89,A,점검,421.6,1,False
EQ0011,설비-011,충남공장,B라인,검사기,대한정밀,2022-07-03,2026-04-04,50.5,195.5,6.08,B,가동,225.6,1,False
EQ0012,설비-012,서울공장,D라인,사출기,미래자동화,2024-01-24,2026-06-09,49.0,199.0,4.99,C,가동,476.8,2,False
EQ0013,설비-013,충남공장,B라인,포장기,한빛기계,2018-10-04,2026-05-22,20.7,208.8,4.72,B,가동,528.5,3,True
EQ0014,설비-014,경기공장,D라인,검사기,대한정밀,2022-11-03,2026-04-14,38.7,209.6,3.32,B,가동,492.8,2,True
EQ0015,설비-015,충남공장,B라인,포장기,대한정밀,2022-09-29,2026-03-03,41.3,172.7,3.71,A,가동,326.0,2,False
EQ0016,설비-016,경기공장,C라인,포장기,미래자동화,2020-05-20,2026-07-18,미측정,156.0,6.18,B,가동,515.7,1,True
EQ0017,설비-017,경기공장,D라인,포장기,미래자동화,2024-02-10,2026-02-16,31.8,174.6,5.41,A,가동,420.6,0,False
EQ0018,설비-018,경기공장,B라인,사출기,한빛기계,2021-05-27,2026-05-13,29.2,172.7,6.24,B,가동,376.8,0,False
EQ0019,설비-019,서울공장,C라인,포장기,한빛기계,2017-11-19,2026-05-05,43.9,132.8,4.9,C,가동,379.1,1,False
EQ0020,설비-020,서울공장,C라인,사출기,대한정밀,2018-07-31,2026-05-10,33.7,186.1,5.03,B,점검,382.5,0,False
EQ0021,설비-021,서울공장,B라인,포장기,한빛기계,2022-07-23,2026-06-19,32.6,175.0,6.99,B,가동,518.7,0,False
EQ0022,설비-022,충남공장,B라인,포장기,한빛기계,2023-09-11,2026-08-26,28.5,207.5,5.81,B,가동,461.2,0,False
EQ0023,설비-023,경기공장,A라인,프레스,대한정밀,2020-11-06,날짜오류,37.4,175.9,7.4,A,대기,509.4,2,True
EQ0024,설비-024,서울공장,A라인,프레스,한빛기계,2017-09-09,2026-03-16,40.8,171.2,5.59,C,가동,408.7,1,False
EQ0025,설비-025,충남공장,C라인,포장기,한빛기계,2020-07-15,2026-03-20,38.3,207.3,5.91,A,가동,515.2,0,False
EQ0026,설비-026,경기공장,D라인,사출기,대한정밀,2023-09-21,2026-02-08,38.2,160.9,6.1,B,가동,453.2,0,False
EQ0027,설비-027,충남공장,A라인,프레스,대한정밀,2022-02-08,2026-08-22,19.8,185.3,5.83,A,대기,337.4,3,True
EQ0028,설비-028,충남공장,D라인,사출기,대한정밀,2019-02-24,2026-07-12,56.9,213.8,6.71,B,대기,404.1,6,True
EQ0029,설비-029,충남공장,C라인,검사기,미래자동화,2016-06-08,2026-02-16,50.9,197.3,6.22,B,가동,452.2,0,True
EQ0030,설비-030,서울공장,B라인,포장기,미래자동화,2019-08-03,2026-04-04,29.6,186.3,5.38,B,가동,438.5,2,True
EQ0031,설비-031,서울공장,C라인,사출기,미래자동화,2018-01-28,2026-07-10,36.8,188.1,3.51,B,점검,462.9,2,True
EQ0032,설비-032,서울공장,D라인,검사기,대한정밀,2020-01-12,2026-06-24,54.3,174.8,,C,가동,388.8,1,False
EQ0033,설비-033,서울공장,D라인,프레스,미래자동화,2023-10-02,2026-03-23,36.8,194.0,4.82,A,가동,506.9,1,False
EQ0034,설비-034,경기공장,D라인,프레스,미래자동화,2016-08-05,2026-03-13,46.7,183.8,5.5,B,가동,313.8,1,False
EQ0035,설비-035,경기공장,D라인,포장기,미래자동화,2021-07-25,2026-05-01,43.7,196.0,5.21,A,가동,545.9,1,True
EQ0036,설비-036,경기공장,B라인,검사기,대한정밀,2023-07-03,2026-04-09,30.1,155.1,5.09,B,가동,524.9,1,False
EQ0037,설비-037,경기공장,B라인,포장기,한빛기계,2016-05-20,2026-06-22,45.1,203.0,4.95,A,가동,402.9,1,False
EQ0038,설비-038,경기공장,C라인,포장기,한빛기계,2025-01-20,2026-01-25,45.4,189.3,6.73,B,가동,394.1,1,False
EQ0039,설비-039,경기공장,A라인,검사기,한빛기계,2021-12-26,2026-07-10,51.6,187.4,5.18,B,가동,436.2,0,False
EQ0040,설비-040,경기공장,A라인,포장기,대한정밀,2019-02-26,2026-08-09,43.7,183.5,4.84,C,점검,403.1,3,True
EQ0041,설비-041,충남공장,B라인,포장기,미래자동화,2016-03-03,2026-04-07,22.2,179.9,6.32,B,가동,487.1,1,True
EQ0042,설비-042,경기공장,B라인,프레스,한빛기계,2025-04-02,2026-03-05,47.9,155.7,5.04,B,대기,296.0,1,False
EQ0043,설비-043,경기공장,B라인,사출기,대한정밀,2024-02-17,2026-04-01,38.0,156.5,4.55,C,가동,401.3,0,False
EQ0044,설비-044,서울공장,A라인,사출기,미래자동화,2023-07-18,2026-02-22,42.5,198.1,6.39,B,가동,475.0,1,False
EQ0045,설비-045,경기공장,A라인,프레스,한빛기계,2020-04-13,2026-07-24,미측정,185.4,5.42,C,가동,448.1,2,True
EQ0046,설비-046,서울공장,A라인,프레스,한빛기계,2022-12-25,2026-05-03,41.6,210.3,5.08,A,점검,447.7,2,False
EQ0047,설비-047,경기공장,C라인,사출기,대한정밀,2022-03-26,2026-08-07,38.3,165.9,5.2,B,가동,364.1,2,True
EQ0048,설비-048,충남공장,C라인,프레스,한빛기계,2016-08-28,2026-07-22,36.4,198.4,5.79,B,가동,439.3,1,True
EQ0049,설비-049,충남공장,A라인,포장기,한빛기계,2020-11-05,2026-06-01,50.8,172.9,6.58,B,점검,385.8,0,False
EQ0050,설비-050,충남공장,A라인,검사기,미래자동화,2024-09-27,2026-04-07,37.8,151.7,3.61,A,대기,435.6,1,False
EQ0051,설비-051,충남공장,B라인,포장기,대한정밀,2024-10-14,2026-04-14,42.4,170.3,4.88,A,가동,426.8,0,False
EQ0052,설비-052,경기공장,D라인,사출기,대한정밀,2017-08-02,2026-04-06,47.1,172.2,4.6,C,가동,394.4,0,False
EQ0053,설비-053,경기공장,A라인,프레스,대한정밀,2016-05-08,2026-05-17,50.7,165.4,5.71,C,가동,488.1,1,False
EQ0054,설비-054,충남공장,C라인,포장기,미래자동화,2023-04-05,2026-02-12,45.0,164.1,6.06,B,가동,447.9,0,False
EQ0055,설비-055,경기공장,C라인,포장기,한빛기계,2020-04-14,2026-06-20,48.7,168.5,6.98,B,대기,383.8,2,True
EQ0056,설비-056,경기공장,B라인,프레스,한빛기계,2016-09-25,2026-03-26,43.1,205.9,5.04,B,가동,531.1,0,False
EQ0057,설비-057,서울공장,C라인,포장기,한빛기계,2017-12-13,2026-08-02,30.7,198.7,5.31,B,가동,519.0,1,False
EQ0058,설비-058,서울공장,C라인,프레스,미래자동화,2021-06-08,2026-06-24,39.7,187.8,4.29,B,가동,362.6,1,False
EQ0059,설비-059,경기공장,A라인,프레스,한빛기계,2016-07-21,2026-08-12,60.7,206.1,4.97,B,가동,307.0,1,True
EQ0060,설비-060,서울공장,D라인,포장기,미래자동화,2023-08-29,2026-08-03,34.4,184.0,6.39,B,점검,409.3,1,False
EQ0061,설비-061,경기공장,D라인,검사기,대한정밀,2023-11-13,2026-08-08,45.2,158.7,4.85,B,가동,393.2,1,False
EQ0062,설비-062,서울공장,D라인,포장기,대한정밀,2019-08-14,2026-03-10,44.4,183.1,4.52,B,가동,490.0,0,False
EQ0063,설비-063,경기공장,D라인,사출기,미래자동화,2025-03-27,2026-03-30,28.4,204.8,7.04,C,대기,427.4,1,False
EQ0064,설비-064,경기공장,C라인,포장기,대한정밀,2023-11-30,2026-03-13,54.9,184.9,6.22,A,대기,544.2,0,False
EQ0065,설비-065,충남공장,D라인,사출기,한빛기계,2021-01-10,2026-04-23,41.2,188.6,5.74,B,가동,406.5,0,False
EQ0066,설비-066,서울공장,D라인,사출기,대한정밀,2017-04-20,2026-02-25,39.0,174.7,5.47,A,대기,384.6,3,True
EQ0067,설비-067,경기공장,C라인,포장기,미래자동화,2017-10-24,2026-07-18,44.1,205.1,5.84,C,점검,362.1,1,False
EQ0068,설비-068,충남공장,A라인,프레스,미래자동화,2024-12-16,2026-05-22,29.4,182.6,3.74,B,대기,457.1,2,True
EQ0069,설비-069,충남공장,A라인,프레스,미래자동화,2021-06-21,2026-06-17,41.0,199.4,5.61,B,가동,450.9,2,True
EQ0070,설비-070,충남공장,B라인,검사기,한빛기계,2024-02-29,2026-08-26,42.2,178.2,7.01,A,가동,431.8,1,False
EQ0071,설비-071,충남공장,D라인,사출기,한빛기계,2019-12-03,2026-08-02,43.0,178.4,5.93,B,가동,351.9,1,False
EQ0072,설비-072,서울공장,C라인,사출기,미래자동화,2023-12-01,2026-02-18,48.5,176.5,6.52,B,가동,295.0,2,False
EQ0073,설비-073,경기공장,C라인,프레스,미래자동화,2022-04-13,2026-08-04,49.6,166.4,5.81,A,가동,413.0,0,False
EQ0074,설비-074,서울공장,C라인,프레스,미래자동화,2023-07-18,2026-05-27,50.3,173.6,4.67,A,점검,505.1,1,True
EQ0075,설비-075,경기공장,A라인,사출기,미래자동화,2016-04-26,2026-05-09,37.3,174.9,4.29,A,가동,440.5,1,True
EQ0076,설비-076,서울공장,D라인,프레스,한빛기계,2020-11-14,2026-01-29,47.2,203.1,4.62,A,가동,494.5,0,True
EQ0077,설비-077,경기공장,A라인,사출기,대한정밀,2018-04-30,2026-02-07,29.7,155.4,4.99,B,가동,291.8,0,False
EQ0078,설비-078,서울공장,A라인,사출기,미래자동화,2018-06-16,2026-08-21,32.8,176.6,5.14,A,가동,398.2,3,True
EQ0079,설비-079,서울공장,A라인,사출기,한빛기계,2018-03-23,2026-05-29,51.5,182.0,5.68,A,가동,516.6,1,True
EQ0080,설비-080,경기공장,A라인,사출기,대한정밀,2022-06-22,2026-03-25,44.5,210.5,4.5,B,대기,489.4,0,False
EQ0081,설비-081,경기공장,A라인,포장기,한빛기계,2017-01-09,2026-06-02,48.0,187.3,4.75,C,가동,411.1,4,True
EQ0082,설비-082,경기공장,D라인,사출기,대한정밀,2019-03-03,2026-02-23,49.3,240.0,5.36,C,대기,388.6,0,False
EQ0083,설비-083,경기공장,D라인,프레스,미래자동화,2020-01-21,2026-06-19,37.0,147.6,4.43,B,대기,401.5,2,False
EQ0084,설비-084,경기공장,B라인,검사기,한빛기계,2021-08-19,2026-05-07,51.6,177.1,4.59,B,점검,476.2,0,False
EQ0085,설비-085,서울공장,A라인,검사기,대한정밀,2021-03-21,2026-04-15,41.6,181.4,3.73,C,가동,431.0,0,True
EQ0086,설비-086,서울공장,B라인,사출기,한빛기계,2020-11-12,2026-07-30,38.5,149.6,5.55,B,가동,390.8,0,False
EQ0087,설비-087,충남공장,D라인,검사기,미래자동화,2019-06-07,2026-06-13,48.1,164.4,4.42,C,가동,364.8,2,False
EQ0088,설비-088,충남공장,C라인,포장기,한빛기계,2024-09-12,2026-02-21,39.5,204.3,6.66,A,가동,630.5,0,True
EQ0089,설비-089,seoul plant,A라인,사출기,한빛기계,2019-01-17,2026-08-18,44.1,180.4,5.17,B,가동,474.6,1,False
EQ0090,설비-090,충남공장,B라인,검사기,한빛기계,2018-12-02,2026-04-15,57.4,189.4,6.4,B,가동,526.6,4,True
EQ0091,설비-091,충남공장,B라인,프레스,한빛기계,2024-04-06,2026-08-16,38.8,187.7,5.53,B,가동,332.0,2,False
EQ0092,설비-092,충남공장,C라인,사출기,한빛기계,2022-09-08,2026-04-24,39.1,190.3,5.36,B,가동,418.0,4,True
EQ0093,설비-093,서울공장,B라인,사출기,한빛기계,2017-02-26,2026-03-29,40.8,169.7,,C,가동,517.2,1,True
EQ0094,설비-094,서울공장,B라인,포장기,한빛기계,2018-02-09,2026-07-01,44.6,164.8,4.76,A,가동,440.4,1,True
EQ0095,설비-095,충남공장,C라인,프레스,한빛기계,2021-12-11,2026-08-06,48.9,143.7,6.18,C,가동,440.1,1,True
EQ0096,설비-096,경기공장,D라인,사출기,미래자동화,2016-02-10,2026-02-03,30.9,201.4,5.36,B,대기,317.8,2,True
EQ0097,설비-097,서울공장,D라인,사출기,한빛기계,2020-05-06,2026-07-03,59.3,215.4,5.43,C,가동,362.8,2,True
EQ0098,설비-098,서울공장,B라인,프레스,미래자동화,2025-03-17,2026-05-16,32.5,188.3,4.83,B,점검,435.8,3,False
EQ0099,설비-099,경기공장,D라인,포장기,한빛기계,2023-07-20,2026-03-08,44.3,163.7,5.74,C,가동,472.1,2,True
EQ0100,설비-100,충남공장,B라인,검사기,미래자동화,2016-05-27,2026-04-17,36.9,159.8,7.8,B,가동,465.4,2,True
EQ0101,설비-101,경기공장,A라인,검사기,미래자동화,2024-03-06,2026-06-04,30.6,195.8,5.04,A,가동,430.4,1,False
EQ0102,설비-102,경기공장,D라인,프레스,한빛기계,2019-12-17,2026-04-04,48.1,191.9,7.41,B,가동,506.7,1,False
EQ0103,설비-103,서울공장,C라인,프레스,한빛기계,2023-06-06,2026-05-02,39.5,166.4,5.12,B,가동,474.2,0,False
EQ0104,설비-104,경기공장,A라인,프레스,대한정밀,2020-09-21,2026-07-01,52.0,174.4,5.92,B,가동,333.8,4,True
EQ0105,설비-105,경기공장,C라인,검사기,미래자동화,2021-04-30,2026-03-03,39.5,167.4,5.4,B,가동,510.6,1,True
EQ0106,설비-106,경기공장,A라인,사출기,대한정밀,2021-04-26,2026-05-01,36.0,171.0,6.65,C,가동,534.4,0,True
EQ0107,설비-107,서울공장,A라인,사출기,대한정밀,2023-09-27,날짜오류,43.1,178.7,5.47,A,가동,581.8,3,True
EQ0108,설비-108,경기공장,D라인,사출기,한빛기계,2017-03-04,2026-04-05,39.8,161.2,5.74,B,가동,261.9,2,False
EQ0109,설비-109,경기공장,A라인,사출기,미래자동화,2019-04-27,2026-01-31,35.5,187.8,4.84,B,가동,445.3,2,True
EQ0110,설비-110,서울공장,A라인,사출기,한빛기계,2021-06-04,2026-03-25,미측정,205.4,5.77,A,가동,338.9,1,False
EQ0111,설비-111,경기공장,A라인,프레스,미래자동화,2025-01-25,2026-03-10,42.3,178.9,5.76,B,가동,337.9,2,False
EQ0112,설비-112,충남공장,D라인,검사기,한빛기계,2017-10-14,2026-04-08,40.7,171.2,6.12,B,가동,329.9,3,False
EQ0113,설비-113,서울공장,C라인,프레스,한빛기계,2021-10-14,2026-05-22,41.2,175.3,6.74,C,가동,383.1,0,False
EQ0114,설비-114,서울공장,B라인,포장기,한빛기계,2017-09-23,2026-01-30,37.7,178.1,5.38,C,가동,485.1,1,False
EQ0115,설비-115,서울공장,A라인,포장기,미래자동화,2017-05-21,2026-06-13,39.8,184.2,5.67,B,점검,457.4,1,False
EQ0116,설비-116,서울공장,D라인,프레스,대한정밀,2024-12-21,2026-07-24,32.2,234.4,6.23,A,가동,492.9,0,False
EQ0117,설비-117,경기공장,A라인,사출기,한빛기계,2017-11-22,2026-07-17,24.1,182.1,2.92,A,가동,440.9,0,False
EQ0118,설비-118,경기공장,D라인,프레스,대한정밀,2016-02-09,2026-01-29,42.8,209.0,4.85,B,대기,381.3,2,True
EQ0119,설비-119,경기공장,B라인,사출기,대한정밀,2022-03-26,2026-05-24,41.9,182.3,6.47,A,가동,459.1,0,False
EQ0120,설비-120,충남공장,B라인,프레스,미래자동화,2022-01-07,2026-05-25,56.8,184.7,6.31,C,가동,465.4,2,False
EQ0121,설비-121,서울공장,D라인,포장기,미래자동화,2025-02-07,2026-07-27,42.1,151.8,4.9,B,가동,241.2,2,False
EQ0122,설비-122,경기공장,A라인,사출기,대한정밀,2017-05-02,2026-06-12,45.4,205.8,4.13,C,가동,497.1,0,True
EQ0123,설비-123,경기공장,C라인,사출기,미래자동화,2016-05-14,2026-03-06,41.3,210.9,4.84,B,가동,445.6,1,False
EQ0124,설비-124,서울공장,A라인,포장기,한빛기계,2018-04-08,2026-08-24,30.9,204.5,6.91,B,대기,281.8,1,False
EQ0125,설비-125,서울공장,C라인,사출기,대한정밀,2025-01-03,2026-07-01,39.1,190.4,4.96,A,대기,318.0,3,False
EQ0126,설비-126,서울공장,D라인,사출기,대한정밀,2017-03-27,2026-06-23,54.0,173.7,4.62,B,점검,357.7,1,True
EQ0127,설비-127,충남공장,D라인,검사기,한빛기계,2017-08-07,2026-04-30,50.2,190.3,4.06,B,가동,416.1,2,True
EQ0128,설비-128,경기공장,C라인,프레스,한빛기계,2019-08-17,2026-03-10,46.7,218.1,5.52,C,가동,410.1,5,True
EQ0129,설비-129,서울공장,D라인,프레스,한빛기계,2018-08-17,2026-08-18,54.1,187.6,5.7,C,가동,623.7,0,False
EQ0130,설비-130,충남공장,A라인,사출기,한빛기계,2024-10-07,2026-04-09,36.8,211.8,4.45,C,가동,420.6,0,False
EQ0131,설비-131,경기공장,D라인,검사기,한빛기계,2018-01-15,2026-04-01,47.2,187.3,5.45,A,대기,512.7,4,True
EQ0132,설비-132,서울공장,A라인,사출기,미래자동화,2017-11-05,2026-08-02,43.1,177.5,5.24,B,점검,449.3,2,True
EQ0133,설비-133,서울공장,C라인,프레스,대한정밀,2021-07-31,2026-03-03,54.5,184.1,5.09,B,대기,300.8,1,False
EQ0134,설비-134,경기공장,A라인,프레스,대한정밀,2016-07-15,2026-08-10,51.9,170.6,4.9,C,대기,364.7,1,False
EQ0135,설비-135,충남공장,A라인,포장기,미래자동화,2016-08-20,2026-03-05,28.7,211.0,5.62,B,가동,439.4,0,True
EQ0136,설비-136,충남공장,D라인,사출기,한빛기계,2023-07-29,2026-04-20,38.6,198.3,4.92,B,가동,395.0,2,True
EQ0137,설비-137,충남공장,C라인,사출기,대한정밀,2016-02-23,2026-05-22,29.7,170.4,5.01,A,가동,505.5,1,True
EQ0138,설비-138,충남공장,A라인,검사기,미래자동화,2016-09-30,2026-04-17,36.7,198.0,6.0,B,가동,430.9,1,True
EQ0139,설비-139,경기공장,C라인,사출기,대한정밀,2021-09-06,2026-08-13,42.1,182.0,5.48,A,가동,474.2,0,False
EQ0140,설비-140,경기공장,B라인,사출기,한빛기계,2018-09-28,2026-05-18,47.0,170.3,6.08,B,가동,404.2,4,True
EQ0141,설비-141,충남공장,D라인,프레스,대한정밀,2023-05-05,2026-06-28,33.4,161.8,2.8,B,대기,349.5,0,False
EQ0142,설비-142,경기공장,C라인,사출기,한빛기계,2023-10-14,2026-07-18,49.5,184.7,5.82,B,점검,410.0,1,False
EQ0143,설비-143,서울공장,C라인,사출기,한빛기계,2018-05-28,2026-08-03,41.6,224.5,4.56,B,가동,413.9,3,True
EQ0144,설비-144,경기공장,C라인,검사기,한빛기계,2018-05-10,2026-07-01,48.7,174.0,5.49,B,가동,372.8,3,True
EQ0145,설비-145,충남공장,C라인,검사기,대한정밀,2016-08-25,2026-05-07,45.7,199.6,5.89,B,점검,395.0,1,False
EQ0146,설비-146,서울공장,D라인,사출기,미래자동화,2019-05-09,2026-06-29,43.0,204.3,6.47,B,가동,266.1,2,False
EQ0147,설비-147,서울공장,D라인,사출기,대한정밀,2021-04-30,2026-03-31,50.4,181.7,5.58,B,가동,492.6,2,True
EQ0148,설비-148,충남공장,D라인,검사기,한빛기계,2018-10-16,2026-06-25,43.4,214.8,4.98,B,가동,455.4,0,False
EQ0149,설비-149,경기공장,D라인,포장기,대한정밀,2023-05-26,2026-02-25,37.3,167.8,5.33,B,대기,324.4,2,False
EQ0150,설비-150,서울공장,C라인,사출기,대한정밀,2022-01-25,2026-01-26,38.7,176.8,5.63,A,가동,322.8,2,False
EQ0151,설비-151,서울공장,B라인,프레스,대한정밀,2021-08-28,2026-04-08,46.9,177.6,3.34,B,가동,535.7,0,False
EQ0152,설비-152,충남공장,B라인,사출기,대한정밀,2022-02-17,2026-04-06,44.9,197.4,7.01,B,점검,531.4,3,True
EQ0153,설비-153,충남공장,C라인,사출기,대한정밀,2018-06-03,2026-06-22,50.8,196.3,4.43,B,가동,386.9,1,False
EQ0154,설비-154,경기공장,D라인,사출기,미래자동화,2021-03-01,2026-02-23,39.8,182.2,5.24,C,가동,353.6,0,False
EQ0155,설비-155,경기공장,D라인,프레스,대한정밀,2023-01-16,2026-06-20,49.2,177.5,,B,대기,532.2,1,True
EQ0156,설비-156,경기공장,A라인,프레스,대한정밀,2016-07-03,2026-07-10,62.4,180.4,6.5,C,점검,340.1,3,True
EQ0157,설비-157,경기공장,C라인,포장기,한빛기계,2019-12-03,2026-02-26,41.9,173.4,6.0,A,점검,397.0,1,True
EQ0158,설비-158,충남공장,B라인,사출기,한빛기계,2018-09-08,2026-08-18,37.9,173.7,6.49,C,가동,567.4,2,True
EQ0159,설비-159,경기공장,A라인,사출기,한빛기계,2021-01-27,2026-06-13,46.5,180.6,5.31,B,대기,537.2,3,True
EQ0160,설비-160,경기공장,A라인,포장기,대한정밀,2021-06-16,2026-06-20,34.1,193.7,4.6,A,가동,392.4,0,False
EQ0161,설비-161,경기공장,A라인,사출기,한빛기계,2023-12-19,2026-06-07,51.0,162.4,5.67,B,점검,431.5,0,False
EQ0162,설비-162,경기공장,B라인,프레스,한빛기계,2020-04-27,2026-04-10,38.1,179.3,4.0,B,점검,421.6,2,False
EQ0163,설비-163,경기공장,D라인,프레스,대한정밀,2016-01-24,2026-06-15,29.7,186.7,4.35,C,가동,396.7,2,False
EQ0164,설비-164,서울공장,C라인,프레스,대한정밀,2020-09-02,2026-02-06,43.3,158.9,4.74,B,가동,363.8,3,False
EQ0165,설비-165,충남공장,D라인,프레스,대한정밀,2020-07-28,2026-06-22,49.2,174.1,6.04,C,가동,524.4,2,True
EQ0166,설비-166,경기공장,A라인,사출기,한빛기계,2020-11-03,2026-04-12,51.4,195.9,6.01,A,가동,447.9,1,False
EQ0167,설비-167,서울공장,C라인,프레스,미래자동화,2023-07-11,2026-07-15,38.0,209.2,5.12,B,가동,350.2,2,False
EQ0168,설비-168,충남공장,D라인,검사기,미래자동화,2020-04-08,2026-05-02,41.2,177.9,6.82,B,점검,498.5,2,True
EQ0169,설비-169,경기공장,A라인,포장기,미래자동화,2021-12-24,2026-07-31,39.5,177.3,6.1,B,가동,497.8,0,False
EQ0170,설비-170,서울공장,B라인,사출기,미래자동화,2023-02-07,2026-07-20,33.5,158.5,3.88,A,가동,490.1,0,False
EQ0171,설비-171,경기공장,A라인,포장기,대한정밀,2023-06-21,날짜오류,47.0,167.5,5.46,C,가동,455.8,0,False
EQ0172,설비-172,서울공장,D라인,포장기,한빛기계,2021-12-23,2026-06-11,41.1,199.8,4.84,B,가동,404.1,3,True
EQ0173,설비-173,서울공장,C라인,사출기,대한정밀,2019-10-06,2026-08-27,47.6,181.2,4.86,A,가동,297.1,1,False
EQ0174,설비-174,경기공장,A라인,사출기,대한정밀,2018-10-21,2026-03-21,42.9,183.4,7.52,A,가동,562.7,2,True
EQ0175,설비-175,경기공장,B라인,검사기,미래자동화,2025-02-27,2026-06-21,55.3,172.7,3.83,B,가동,382.0,0,False
EQ0176,설비-176,서울공장,D라인,프레스,한빛기계,2020-04-20,2026-06-20,35.6,145.0,4.77,B,가동,507.2,1,False
EQ0177,설비-177,충남공장,A라인,포장기,한빛기계,2018-12-07,2026-02-07,39.0,202.2,4.81,C,가동,436.6,1,False
EQ0178,설비-178,충남공장,A라인,검사기,미래자동화,2016-06-04,2026-06-15,34.3,178.9,7.75,A,가동,499.2,0,False
EQ0179,설비-179,서울공장,B라인,프레스,한빛기계,2023-04-19,2026-07-26,40.5,164.3,5.56,B,가동,403.6,4,True
EQ0180,설비-180,서울공장,A라인,프레스,대한정밀,2024-09-02,2026-03-29,44.1,187.8,5.35,B,가동,436.4,3,True
EQ0181,설비-181,충남공장,C라인,프레스,대한정밀,2022-12-11,2026-02-08,41.8,174.5,4.97,B,가동,429.7,0,False
EQ0182,설비-182,경기공장,D라인,프레스,한빛기계,2016-12-15,2026-06-15,35.0,143.9,5.42,B,가동,489.8,1,True
EQ0183,설비-183,경기공장,B라인,검사기,대한정밀,2017-09-15,2026-02-18,57.8,204.6,6.68,C,가동,309.0,3,True
EQ0184,설비-184,경기공장,C라인,포장기,대한정밀,2017-10-30,2026-05-29,29.8,184.8,4.72,A,가동,411.5,3,True
EQ0185,설비-185,서울공장,A라인,프레스,한빛기계,2023-06-15,2026-04-29,48.3,214.3,6.62,B,점검,431.5,1,False
EQ0186,설비-186,충남공장,A라인,프레스,한빛기계,2017-04-22,2026-04-14,46.5,193.9,4.69,C,가동,288.2,2,True
EQ0187,설비-187,경기공장,C라인,사출기,대한정밀,2018-02-06,2026-06-10,35.7,208.8,4.83,A,가동,573.4,5,True
EQ0188,설비-188,경기공장,B라인,프레스,대한정밀,2016-08-06,2026-07-06,56.0,235.6,4.94,B,가동,428.7,2,True
EQ0189,설비-189,서울공장,B라인,포장기,미래자동화,2023-04-20,2026-07-26,42.5,183.0,5.21,B,가동,400.0,2,True
EQ0190,설비-190,경기공장,C라인,프레스,대한정밀,2023-04-10,2026-07-21,47.2,151.3,5.67,B,가동,259.9,0,False
EQ0191,설비-191,서울공장,B라인,프레스,미래자동화,2023-03-03,2026-06-09,48.5,197.0,5.69,A,가동,393.2,1,False
EQ0192,설비-192,경기공장 ,C라인,프레스,한빛기계,2024-01-03,2026-02-26,37.5,176.8,6.42,A,가동,373.7,0,False
EQ0193,설비-193,서울공장,C라인,사출기,대한정밀,2022-12-18,2026-04-21,46.1,157.7,4.98,B,대기,477.7,1,False
EQ0194,설비-194,서울공장,B라인,프레스,미래자동화,2022-05-23,2026-07-27,38.8,183.8,4.4,B,가동,442.6,1,False
EQ0195,설비-195,경기공장,B라인,프레스,한빛기계,2021-06-12,2026-03-21,43.0,213.3,7.04,C,가동,506.4,0,False
EQ0196,설비-196,경기공장,A라인,사출기,미래자동화,2022-05-08,2026-06-08,45.9,205.7,6.87,A,대기,315.6,1,False
EQ0197,설비-197,경기공장,B라인,포장기,대한정밀,2022-08-16,2026-08-09,46.2,167.4,5.75,B,가동,280.7,1,False
EQ0198,설비-198,경기공장,C라인,포장기,한빛기계,2021-10-25,2026-07-25,32.2,199.1,6.78,C,점검,422.8,3,True
EQ0199,설비-199,경기공장,A라인,사출기,미래자동화,2022-04-04,2026-04-01,42.4,169.4,4.3,C,가동,321.7,1,False
EQ0200,설비-200,서울공장,C라인,포장기,미래자동화,2022-04-25,2026-05-23,49.0,209.0,4.17,C,가동,340.6,0,False
EQ0201,설비-201,서울공장,D라인,사출기,한빛기계,2017-03-20,2026-08-12,31.7,203.1,4.88,B,가동,374.6,2,True
EQ0202,설비-202,서울공장,D라인,포장기,한빛기계,2024-11-13,2026-02-01,43.1,164.2,3.78,B,가동,437.1,0,True
EQ0203,설비-203,경기공장,C라인,포장기,대한정밀,2020-06-02,2026-07-04,42.0,201.4,5.31,A,가동,368.1,1,False
EQ0204,설비-204,서울공장,A라인,사출기,미래자동화,2023-07-15,2026-03-29,미측정,197.9,5.29,C,대기,308.5,4,True
EQ0205,설비-205,서울공장,C라인,프레스,한빛기계,2024-12-07,2026-05-27,53.0,233.8,4.38,B,가동,499.6,1,False
EQ0206,설비-206,경기공장,D라인,사출기,미래자동화,2020-05-25,2026-03-31,50.3,187.2,4.31,A,가동,335.9,2,True
EQ0207,설비-207,경기공장,A라인,검사기,한빛기계,2019-02-19,2026-06-04,26.8,178.6,7.05,C,가동,382.7,1,False
EQ0208,설비-208,경기공장,C라인,포장기,대한정밀,2022-01-03,2026-06-04,35.0,187.1,3.55,B,가동,395.0,1,False
EQ0209,설비-209,경기공장,D라인,검사기,한빛기계,2018-11-29,2026-04-13,37.8,217.2,3.29,A,가동,501.8,0,True
EQ0210,설비-210,서울공장,D라인,사출기,한빛기계,2023-08-18,2026-04-08,38.4,162.9,5.28,C,가동,395.4,1,False
EQ0211,설비-211,경기공장,D라인,사출기,미래자동화,2021-07-13,2026-04-18,49.2,178.8,5.93,B,가동,413.6,2,True
EQ0212,설비-212,충남공장,C라인,프레스,미래자동화,2018-11-24,2026-07-05,40.9,188.6,5.81,B,대기,383.4,2,True
EQ0213,설비-213,경기공장,D라인,프레스,대한정밀,2018-06-25,2026-02-15,53.4,203.9,5.83,C,대기,394.0,1,False
EQ0214,설비-214,충남공장,D라인,검사기,미래자동화,2022-10-06,2026-07-26,29.3,198.1,5.95,A,가동,518.8,4,True
EQ0215,설비-215,경기공장,A라인,검사기,미래자동화,2018-08-17,2026-03-16,36.2,184.8,4.7,B,가동,546.4,1,True
EQ0216,설비-216,서울공장,D라인,프레스,미래자동화,2018-05-15,2026-03-19,42.6,163.7,5.28,A,가동,406.1,1,True
EQ0217,설비-217,경기공장,B라인,포장기,대한정밀,2020-05-08,2026-07-03,47.6,181.9,6.12,C,점검,326.7,3,True
EQ0218,설비-218,충남공장,D라인,사출기,대한정밀,2021-01-16,2026-02-10,48.9,186.8,5.48,A,가동,451.7,0,False
EQ0219,설비-219,충남공장,C라인,프레스,대한정밀,2020-03-17,2026-08-10,45.2,167.2,,B,가동,463.3,4,True
EQ0220,설비-220,서울공장,B라인,포장기,한빛기계,2019-03-01,2026-07-10,36.9,163.9,5.5,C,가동,496.2,2,True
EQ0221,설비-221,충남공장,A라인,사출기,대한정밀,2017-06-19,2026-04-20,24.8,205.8,5.05,B,가동,564.4,1,False
EQ0222,설비-222,충남공장,B라인,프레스,미래자동화,2024-04-07,2026-04-02,40.0,167.7,6.28,B,가동,342.9,2,False
EQ0223,설비-223,충남공장,C라인,프레스,한빛기계,2022-09-12,2026-08-04,42.6,176.9,6.29,B,가동,444.2,2,False
EQ0224,설비-224,경기공장,C라인,포장기,미래자동화,2016-05-02,2026-08-26,50.4,240.0,4.33,B,가동,427.7,3,True
EQ0225,설비-225,경기공장,A라인,포장기,미래자동화,2023-01-12,2026-03-24,31.7,167.4,7.4,C,가동,486.8,0,False
EQ0226,설비-226,경기공장,A라인,프레스,한빛기계,2018-06-05,2026-08-13,37.0,194.5,5.87,A,가동,416.5,2,True
EQ0227,설비-227,경기공장,C라인,포장기,한빛기계,2022-06-16,2026-05-09,44.4,149.2,5.21,B,가동,327.0,0,False
EQ0228,설비-228,충남공장,A라인,포장기,미래자동화,2020-03-11,2026-03-29,46.4,195.2,6.98,C,가동,338.5,2,False
EQ0229,설비-229,충남공장,B라인,사출기,한빛기계,2022-11-20,2026-04-30,42.9,213.2,7.55,B,가동,397.2,0,False
EQ0230,설비-230,경기공장,D라인,사출기,한빛기계,2020-12-04,2026-04-02,46.9,177.4,3.25,B,가동,463.5,1,True
EQ0231,설비-231,경기공장,D라인,포장기,미래자동화,2021-10-04,2026-07-20,43.7,195.2,5.09,A,가동,521.3,1,True
EQ0232,설비-232,충남공장,D라인,포장기,미래자동화,2024-06-06,2026-04-09,51.3,193.0,5.17,B,가동,348.1,0,False
EQ0233,설비-233,경기공장,C라인,포장기,미래자동화,2024-03-22,2026-05-27,33.6,157.7,3.59,B,가동,414.8,1,False
EQ0234,설비-234,경기공장,C라인,사출기,미래자동화,2017-11-24,2026-07-30,36.7,183.3,5.31,B,가동,393.3,2,False
EQ0235,설비-235,충남공장,C라인,포장기,미래자동화,2018-09-07,2026-02-04,49.6,186.8,4.34,B,가동,508.9,1,False
EQ0236,설비-236,경기공장,C라인,프레스,한빛기계,2024-01-20,2026-02-17,48.8,172.9,2.81,C,가동,358.8,0,False
EQ0237,설비-237,충남공장,D라인,프레스,한빛기계,2023-11-06,2026-05-21,34.6,173.5,6.59,C,가동,423.8,1,True
EQ0238,설비-238,경기공장,A라인,프레스,한빛기계,2018-02-20,2026-04-21,44.0,194.5,3.24,B,점검,396.5,0,False
EQ0239,설비-239,경기공장,B라인,검사기,한빛기계,2022-07-01,2026-04-10,31.8,218.2,4.79,A,가동,446.0,2,False
EQ0240,설비-240,서울공장,A라인,포장기,대한정밀,2019-12-01,2026-08-13,26.4,202.3,4.46,B,가동,458.7,0,False
EQ0001,설비-001,경기공장,D라인,포장기,대한정밀,2022-08-22,2026-07-23,41.2,207.1,4.83,B,가동,409.5,1,False
EQ0002,설비-002,서울공장,C라인,포장기,한빛기계,2025-03-26,2026-08-13,23.4,191.9,4.93,A,가동,474.8,1,True
EQ0003,설비-003,충남공장,B라인,사출기,미래자동화,2024-05-08,2026-05-04,43.4,188.3,5.89,C,가동,439.6,1,False
