member_id,preferred_gender,pref_age_min,pref_age_max,pref_height_min_cm,pref_height_max_cm,pref_income_min_10k_krw,pref_education_min,preferred_regions,long_distance_ok,acceptable_religions,smoking_ok,remarriage_ok,children_ok,deal_breakers,preference_strictness,preference_updated_at
M001,여성,28,44,159,171,7400,학사,서울|광주|경북|충북,False,무관,True,False,True,흡연,3,2026-03-22 10:50:00
M002,남성,33,41,173,183,6600,전문학사,경기,False,무관,True,False,True,,4,2026-06-24 19:26:00
M003,여성,30,40,157,167,7700,무관,인천,False,무관,False,True,False,재혼,5,2026-05-27 17:16:00
M004,남성,29,35,180,191,2700,학사,부산,True,무교,False,True,False,흡연|장거리,1,2026-06-11 09:33:00
M005,여성,34,44,151,176,6500,학사,서울,False,무관,False,True,False,흡연,2,2026-04-12 09:00:00
M006,여성,41,51,162,167,7500,학사,경기,False,무관,False,False,False,흡연,2,2026-03-17 12:01:00
M007,남성,30,40,180,184,4700,학사,전북|경남|인천|부산,True,무교,True,True,True,,4,2026-04-16 16:41:00
M008,여성,23,28,153,180,2900,전문학사,울산,True,기독교,True,True,False,,3,2026-03-30 13:42:00
M009,남성,34,42,172,194,5100,학사,경기,True,무관,True,True,False,,4,2026-04-20 14:38:00
M010,남성,49,55,171,187,3200,무관,강원|서울|충북|대구,False,무관,True,True,False,장거리|재혼,1,2026-03-25 10:29:00
M011,여성,23,32,150,170,8500,학사,서울,True,무교,False,False,True,재혼,4,2026-05-18 19:32:00
M012,남성,38,46,173,188,6600,석사,서울|전남,False,무관,False,False,True,,4,2026-06-20 11:27:00
M013,여성,36,44,157,173,5500,무관,경기,False,기독교,False,False,False,흡연|재혼,5,2026-05-11 18:42:00
M014,여성,30,42,156,182,5500,학사,충북|전남|세종|경남,True,기타,False,True,False,종교 불일치,4,2026-03-25 09:45:00
M015,남성,24,34,178,192,2500,학사,경남,True,무교,False,False,True,흡연,2,2026-06-14 16:42:00
M016,여성,26,36,162,180,3100,학사,서울,True,천주교,False,True,False,흡연|종교 불일치,5,2026-06-08 16:09:00
M017,남성,29,39,175,191,3700,전문학사,부산,False,무관,True,True,False,종교 불일치,3,2026-03-16 15:10:00
M018,여성,33,43,153,172,10700,학사,경기|부산,False,천주교,False,False,False,흡연|종교 불일치,3,2026-03-22 20:34:00
M019,남성,24,40,180,194,6800,학사,인천,False,무교,True,False,True,흡연|종교 불일치,4,2026-03-17 10:17:00
M020,여성,34,46,160,177,5500,학사,전남,False,무관,False,True,False,흡연,2,2026-06-05 16:51:00
M021,여성,27,43,155,177,7700,고졸,경기,True,무관,False,True,False,,2,2026-03-25 16:27:00
M022,남성,24,34,168,190,2500,무관,경기,False,무관,False,True,False,,5,2026-03-30 20:15:00
M023,여성,25,33,154,179,2500,고졸,울산|전남,False,불교,False,True,True,흡연|재혼,4,2026-03-31 10:13:00
M024,남성,35,43,176,189,6100,학사,경기,True,무관,False,True,False,흡연|종교 불일치,1,2026-06-05 14:01:00
M025,여성,27,43,150,172,5800,전문학사,강원,True,무관,False,True,True,흡연|종교 불일치,1,2026-03-09 20:49:00
M026,남성,33,43,179,189,14100,전문학사,서울|충남|경기,False,무교,False,True,False,,1,2026-06-29 20:05:00
M027,남성,42,54,179,190,2500,학사,서울,True,무교,False,False,True,,2,2026-06-15 13:32:00
M028,남성,35,47,168,192,2800,무관,서울,True,무교,False,False,False,흡연,5,2026-04-01 12:09:00
M029,여성,24,34,163,171,3800,전문학사,울산|충남,False,무교,False,False,False,재혼,1,2026-03-06 15:18:00
M030,남성,25,35,177,192,3600,고졸,전남|서울|충북,False,무교,False,False,False,흡연|종교 불일치,2,2026-05-04 10:59:00
M031,여성,37,47,150,171,6800,무관,강원|대전|경기|제주,False,무교,False,True,False,흡연,4,2026-05-08 15:27:00
M032,남성,37,43,175,192,5100,학사,경기,True,무교,False,True,True,,5,2026-05-08 19:45:00
M033,남성,28,40,180,184,7300,무관,전남|세종|부산,False,불교,True,True,False,흡연|장거리,2,2026-04-03 15:54:00
M034,여성,25,37,159,170,8400,학사,전북|대전|경기|세종,False,기독교,False,True,False,재혼,1,2026-05-18 18:52:00
M035,여성,27,35,151,179,8900,학사,부산,False,무교,False,True,False,흡연,4,2026-04-23 15:57:00
M036,여성,24,30,151,166,4800,학사,제주|충남|대구|서울,True,무관,True,True,False,장거리,4,2026-03-25 12:40:00
M037,여성,31,47,156,182,5500,전문학사,충남|세종,False,무관,False,False,True,,3,2026-06-21 10:41:00
M038,남성,32,40,172,183,6100,학사,경남|부산|경기|대구,False,무관,False,False,False,,3,2026-04-09 09:10:00
M039,남성,23,30,178,190,3100,학사,인천|경남,True,무관,False,False,False,,4,2026-03-15 19:29:00
M040,여성,26,42,153,179,12400,석사,서울,False,무관,False,True,True,,2,2026-06-03 13:38:00
M041,여성,24,36,160,180,5100,무관,서울,False,무관,True,True,True,,1,2026-04-30 16:02:00
M042,여성,31,39,152,179,5300,학사,서울|광주|경기,False,무관,True,False,False,,5,2026-04-29 17:15:00
M043,여성,23,34,160,169,4200,무관,대전|울산|인천,False,무교,False,False,False,흡연,4,2026-05-03 14:20:00
M044,남성,37,47,175,193,5400,무관,경기,False,기타,False,False,True,,5,2026-05-20 14:06:00
M045,여성,41,28,150,172,7000,학사,경남,False,무교,True,True,True,흡연|장거리,1,2026-05-20 17:21:00
M046,남성,38,44,173,190,7900,전문학사,전남|부산|세종,False,무관,True,True,False,종교 불일치|장거리,1,2026-03-22 13:05:00
M047,남성,30,40,174,181,6700,무관,경기,False,무관,True,True,True,,5,2026-04-27 10:00:00
M048,여성,32,48,154,182,6600,학사,경기|인천|세종,False,무관,False,False,False,재혼,3,2026-05-12 17:06:00
M049,남성,29,41,169,181,8700,학사,충남|전북|경기|경남,True,기독교,False,False,False,흡연,3,2026-05-06 11:46:00
M050,여성,38,48,162,182,10500,학사,서울,False,무관,False,True,False,흡연|재혼,2,2026-04-10 18:07:00
M051,남성,27,33,176,192,7400,학사,광주|세종|강원,False,기독교,False,True,False,흡연,4,2026-03-17 15:52:00
M052,남성,44,56,172,190,5100,학사,인천,True,불교,True,True,True,,4,2026-03-22 20:13:00
M053,여성,36,46,155,168,8600,석사,서울|강원|대전|제주,False,무관,True,True,False,,1,2026-03-21 11:42:00
M054,여성,37,49,163,173,6400,학사,서울,False,불교,False,False,True,흡연|장거리,1,2026-05-15 14:33:00
M055,남성,36,44,174,194,2700,전문학사,서울,False,불교,False,False,False,흡연,1,2026-03-02 20:06:00
M056,남성,24,36,180,187,5400,학사,부산,True,무관,False,False,False,흡연,5,2026-04-05 10:04:00
M057,남성,41,53,174,191,5000,무관,경북,True,무관,False,False,True,종교 불일치,3,2026-03-24 16:07:00
M058,남성,33,41,174,189,5700,학사,세종|경북|광주|경남,True,무관,False,True,False,종교 불일치,3,2026-04-14 20:31:00
M059,남성,44,50,174,186,7800,학사,경남,False,무관,True,True,False,흡연|종교 불일치,5,2026-05-21 18:30:00
M060,여성,28,34,158,175,2900,학사,인천|충북|대전,True,무관,True,True,True,종교 불일치,5,2026-03-06 14:31:00
M061,남성,29,39,178,183,7200,고졸,경기,False,무교,False,True,True,종교 불일치,5,2026-05-11 14:37:00
M062,남성,28,34,179,185,3000,석사,세종|인천|제주,False,무관,False,False,True,,3,2026-03-23 20:47:00
M063,여성,34,42,156,178,6900,전문학사,경기,False,무교,False,True,False,,5,2026-05-14 18:30:00
M064,여성,24,36,160,177,3700,전문학사,제주|대전|부산|울산,False,무관,False,True,False,재혼,1,2026-04-24 11:50:00
M065,남성,33,49,173,191,5700,학사,충남|세종,False,무관,False,True,False,흡연|장거리,3,2026-05-25 12:54:00
M066,남성,30,40,172,182,8700,무관,광주,False,천주교,False,False,True,흡연|재혼,3,2026-06-04 12:12:00
M067,남성,23,31,176,195,3500,학사,경기,False,기독교,True,False,False,,4,2026-03-07 19:52:00
M068,남성,24,32,179,189,2500,학사,서울,False,무관,False,True,True,,3,2026-05-11 19:14:00
M069,남성,31,43,172,190,4000,무관,서울,False,기타,True,False,False,,2,2026-05-09 15:35:00
M070,남성,29,41,179,184,4800,학사,전북,False,무관,True,True,True,,4,2026-04-08 18:46:00
M071,남성,43,51,172,195,3200,학사,경기,False,무관,True,True,False,흡연|종교 불일치,1,2026-05-23 17:33:00
M072,남성,30,46,175,195,8900,학사,서울,False,무교,True,False,True,흡연,1,2026-06-01 16:52:00
M073,여성,39,45,150,167,9100,학사,경기,True,무관,False,True,True,,5,2026-04-25 12:28:00
M074,여성,33,39,152,166,3200,무관,경기,False,무관,True,False,False,,5,2026-03-27 13:22:00
M075,남성,27,39,176,189,5200,무관,제주,True,무관,False,False,True,흡연,3,2026-04-16 11:34:00
M076,여성,27,43,153,180,2700,학사,울산,False,무관,False,False,True,장거리,3,2026-06-01 14:48:00
M077,남성,24,32,176,195,7200,무관,충남|서울|울산,False,무관,False,False,True,종교 불일치,2,2026-04-10 09:43:00
M078,여성,27,37,165,181,3700,학사,대구,False,무교,False,False,False,종교 불일치|장거리,5,2026-04-12 19:56:00
M079,여성,29,41,157,181,3600,고졸,경기,False,불교,True,False,False,,3,2026-04-14 18:52:00
M080,여성,32,44,163,173,5600,무관,경기,True,무관,False,True,True,흡연|장거리,2,2026-03-30 19:53:00
M081,여성,27,39,165,180,3500,무관,부산,False,무관,False,False,True,종교 불일치,2,2026-06-03 12:58:00
M082,남성,35,47,175,192,6200,학사,서울|세종|강원,True,무교,False,True,True,장거리,3,2026-03-26 17:16:00
M083,여성,31,37,150,171,3000,학사,경기|전북,False,무관,True,False,False,,1,2026-06-23 16:07:00
M084,남성,24,34,169,189,5300,고졸,경북|경남,True,무관,False,False,False,흡연,1,2026-03-09 12:45:00
M085,남성,36,46,168,190,3800,무관,광주,False,무관,False,True,False,,5,2026-04-28 11:15:00
M086,남성,33,45,175,192,4100,학사,대구|충남|대전|강원,False,무관,False,True,False,흡연|종교 불일치,1,2026-05-22 09:26:00
M087,남성,33,39,177,188,8000,학사,대전|경북,True,무교,False,False,False,흡연,1,2026-06-16 11:18:00
M088,남성,34,46,178,182,2800,학사,대전|광주|부산,False,무관,False,True,False,,3,2026-05-02 09:22:00
M089,남성,34,46,179,184,3100,무관,경기,True,무교,True,False,False,장거리,3,2026-03-20 19:00:00
M090,남성,29,37,177,183,7400,무관,대전,False,무관,False,False,True,,3,2026-05-01 12:43:00
M091,남성,32,48,168,183,4500,학사,충남,False,무관,False,True,True,,5,2026-04-07 18:50:00
M092,여성,32,48,152,170,3900,석사,광주,True,무관,True,False,False,,5,2026-04-25 16:51:00
M093,남성,41,49,169,195,8400,학사,서울,False,무관,True,True,False,,1,2026-06-28 13:47:00
M094,여성,23,29,156,178,2500,무관,서울,False,무관,False,True,True,,3,2026-05-29 09:14:00
M095,남성,28,40,176,193,8200,학사,강원,True,무관,True,False,False,,4,2026-06-17 19:15:00
M096,여성,25,33,150,180,3700,무관,충남|경북,False,무관,False,True,True,,1,2026-03-26 09:48:00
M097,남성,33,43,175,184,5900,학사,부산|충남|경기,True,무교,False,False,False,,4,2026-05-01 16:25:00
M098,남성,48,54,169,194,5200,학사,서울,False,무관,True,False,False,종교 불일치,4,2026-06-28 10:35:00
M099,여성,30,46,155,175,9800,고졸,서울,True,무관,False,False,False,흡연,1,2026-05-04 09:34:00
M100,여성,33,43,160,169,,무관,강원,False,무관,True,False,False,종교 불일치,5,2026-05-03 11:39:00
M101,남성,35,43,179,194,5700,무관,충남,False,무관,False,False,False,,2,2026-05-01 18:08:00
M102,여성,33,49,153,173,4700,석사,충남,True,무관,False,False,True,흡연|종교 불일치,5,2026-06-26 18:26:00
M103,여성,44,52,159,166,4100,무관,강원,True,무관,False,False,False,장거리,4,2026-04-20 10:43:00
M104,남성,28,40,177,190,6500,학사,전남,True,천주교,False,True,False,흡연,2,2026-04-28 13:05:00
M105,여성,33,43,155,170,7500,학사,부산,False,무관,True,False,True,흡연,5,2026-05-06 10:34:00
M106,남성,39,47,180,184,6600,무관,강원,False,무관,False,False,False,흡연,4,2026-04-30 13:26:00
M107,여성,28,38,156,178,7700,전문학사,부산|전북,False,무관,True,False,True,흡연,4,2026-04-06 15:55:00
M108,여성,23,30,156,169,6000,석사,세종|대구|경북,False,무교,False,True,True,,2,2026-03-19 18:30:00
M109,남성,33,43,173,182,9500,전문학사,경기,False,무관,True,False,True,,4,2026-03-26 18:43:00
M110,여성,26,38,159,178,5600,학사,부산|경북|울산|대구,False,무관,False,True,False,,3,2026-04-14 20:36:00
M111,남성,29,39,171,193,4900,학사,강원,False,무교,False,False,False,종교 불일치,5,2026-03-19 20:01:00
M112,남성,45,56,175,186,2500,무관,인천,True,무교,False,True,True,,5,2026-04-15 20:43:00
M113,여성,26,38,150,170,6400,학사,경기,False,기독교,True,False,False,흡연|재혼,1,2026-03-05 10:45:00
M114,남성,33,45,175,183,7500,학사,대전,False,불교,False,True,True,종교 불일치,3,2026-05-10 13:10:00
M115,남성,32,48,174,184,10100,석사,강원,False,무관,True,False,True,흡연|종교 불일치,2,2026-04-18 19:35:00
M116,여성,23,33,153,182,2500,무관,경남|강원|인천|대구,False,무관,False,False,False,흡연|재혼,1,2026-03-12 18:24:00
M117,여성,28,36,159,173,3400,고졸,광주|경남|충남|울산,True,무관,False,False,True,재혼,1,2026-03-21 13:33:00
M118,여성,23,28,151,181,3600,학사,서울|경남,False,무관,False,False,True,,3,2026-05-27 20:57:00
M119,남성,26,34,171,181,5400,학사,서울,False,무교,False,True,False,흡연|종교 불일치,3,2026-04-27 09:39:00
M120,남성,41,51,175,193,7100,고졸,세종,True,무관,False,True,False,흡연,5,2026-06-18 16:45:00
M121,남성,31,43,174,185,7900,무관,경기,False,무관,False,True,True,장거리|재혼,2,2026-04-09 11:37:00
M122,남성,26,36,171,188,6400,학사,서울,False,무교,True,True,False,흡연,2,2026-06-18 19:03:00
M123,남성,23,35,177,188,7900,학사,경기,False,무관,False,True,True,종교 불일치,4,2026-04-24 13:30:00
M124,남성,33,41,175,182,3500,학사,인천,True,무관,False,False,False,,3,2026-04-08 13:50:00
M125,남성,34,44,172,188,12800,학사,전북|대전|충북,False,무교,True,False,True,흡연,3,2026-05-08 18:05:00
M126,남성,23,32,180,184,11000,무관,경남|울산|강원,False,천주교,False,False,False,장거리,1,2026-06-20 19:13:00
M127,남성,29,39,170,192,7300,석사,경북|제주,False,불교,True,True,False,흡연|장거리,5,2026-05-23 15:39:00
M128,남성,37,45,168,186,11700,학사,제주,True,무관,False,False,True,,2,2026-04-07 20:46:00
M129,여성,23,31,165,176,6600,무관,충북,True,무관,False,True,True,흡연|종교 불일치|장거리,2,2026-06-14 09:44:00
M130,남성,33,39,169,194,6300,무관,서울,False,무관,False,False,True,흡연,4,2026-05-24 13:15:00
M131,남성,23,34,174,181,2700,무관,세종,False,무관,False,False,False,흡연|종교 불일치,3,2026-05-04 14:15:00
M132,남성,27,35,173,194,3400,학사,부산,False,기독교,False,False,True,흡연|장거리,1,2026-04-15 17:35:00
M133,여성,24,36,158,181,5800,무관,경기,False,무교,True,True,False,흡연|종교 불일치,4,2026-03-03 20:17:00
M134,남성,23,33,174,186,4600,석사,경기,False,무관,False,True,False,흡연|종교 불일치,3,2026-03-06 10:59:00
M135,남성,23,39,168,181,3200,무관,경기,False,기독교,True,True,True,,1,2026-06-20 09:09:00
M136,여성,34,50,158,181,2500,전문학사,경기|대구|전남,False,무관,True,False,True,,4,2026-03-17 19:26:00
M137,여성,23,33,153,180,3600,무관,경기,True,무관,False,True,False,,1,2026-06-19 14:10:00
M138,남성,37,47,177,194,6600,학사,대구,True,무관,True,False,True,흡연,3,2026-03-05 14:55:00
M139,남성,27,35,178,186,6200,석사,경기,True,무관,True,False,True,,4,2026-05-16 11:36:00
M140,여성,27,37,156,175,5000,학사,대구|대전|충남,False,무관,False,False,False,흡연,4,2026-03-05 13:10:00
M141,남성,31,41,172,183,8000,학사,광주|제주|전남|부산,True,무교,False,True,True,흡연,2,2026-04-29 16:32:00
M142,남성,38,50,172,181,6600,학사,전남,True,무관,True,True,False,종교 불일치,3,2026-05-28 19:57:00
M143,여성,31,37,157,181,4600,학사,전남,True,무교,False,False,False,장거리,1,2026-03-27 16:26:00
M144,여성,23,39,160,176,8400,학사,서울,False,기독교,False,False,True,흡연|종교 불일치,1,2026-06-09 10:09:00
M145,남성,31,43,173,181,7300,학사,부산,False,무관,False,True,False,흡연,2,2026-05-03 11:40:00
M146,남성,29,39,174,190,5400,무관,대구,False,무교,False,True,False,종교 불일치,4,2026-05-03 16:04:00
M147,남성,35,43,177,195,3800,무관,대전,False,무관,False,False,True,흡연,4,2026-04-21 20:23:00
M148,남성,28,38,179,184,5100,학사,대전,False,불교,False,False,True,흡연,3,2026-03-17 18:24:00
M149,여성,23,27,160,167,3100,무관,대전,False,무관,False,False,False,,4,2026-03-08 17:30:00
M150,남성,37,53,176,184,6500,무관,전북|세종,False,무관,False,False,False,,3,2026-03-03 19:30:00
M151,여성,28,36,155,182,2500,무관,서울,False,무관,True,True,True,재혼,1,2026-03-24 16:55:00
M152,여성,26,32,153,166,7400,학사,전북|전남,False,불교,False,False,True,,4,2026-05-28 19:18:00
M153,남성,32,40,169,188,7300,고졸,경북|세종|대전,False,무교,False,False,True,,4,2026-05-22 09:27:00
M154,여성,34,46,161,171,5300,전문학사,인천,False,무관,True,True,False,흡연,3,2026-04-23 18:47:00
M155,여성,29,39,157,167,4000,석사,경기,True,무관,True,False,False,,5,2026-04-26 09:31:00
M156,여성,23,32,160,173,6800,무관,인천,True,무관,True,False,False,종교 불일치,5,2026-05-05 20:46:00
M157,여성,26,38,160,168,3200,학사,부산|경남|인천|제주,True,기독교,False,False,False,,2,2026-05-01 12:16:00
M158,남성,23,35,177,183,2500,학사,경기,False,무관,False,True,False,종교 불일치,2,2026-03-02 12:32:00
M159,여성,23,33,161,181,4500,무관,경북|강원,True,무교,False,False,True,,2,2026-04-29 09:26:00
M160,여성,23,33,160,178,3700,학사,경북|대구,True,기독교,False,False,True,장거리,5,2026-04-17 10:33:00
M161,여성,30,42,158,169,5900,학사,인천,False,무관,False,False,True,흡연,4,2026-05-17 19:31:00
M162,여성,29,41,150,181,7200,학사,제주|충남|전북|인천,False,무관,False,True,False,흡연|종교 불일치|장거리,4,2026-05-23 09:18:00
M163,여성,28,38,153,171,3700,무관,서울|경기,False,기독교,False,False,False,종교 불일치,2,2026-04-29 15:27:00
M164,여성,23,32,153,181,6000,석사,경기,False,무관,False,False,False,흡연|장거리,3,2026-06-27 14:34:00
M165,남성,40,46,171,194,2500,학사,서울,True,무관,False,True,True,재혼,3,2026-06-06 10:51:00
M166,남성,36,42,172,182,8600,무관,대전|경남|경기,True,무관,True,False,False,흡연,5,2026-03-23 09:53:00
M167,남성,29,41,174,189,3900,무관,경기,False,무관,False,False,False,흡연,1,2026-05-02 20:38:00
M168,여성,30,38,151,180,7900,고졸,부산,True,무관,True,False,True,흡연,5,2026-06-18 09:03:00
M169,여성,24,40,159,177,6500,전문학사,인천|경기|경남|부산,False,무관,False,True,True,,2,2026-05-08 10:03:00
M170,남성,26,36,169,183,6300,무관,전북|제주,True,무교,True,False,True,재혼,3,2026-06-15 10:40:00
M171,여성,33,49,155,176,7500,무관,충남,False,무교,False,True,True,흡연|재혼,3,2026-05-17 13:10:00
M172,여성,31,43,165,176,2700,전문학사,서울,True,무관,False,False,True,흡연|장거리,3,2026-05-28 11:55:00
M173,여성,27,43,153,181,4900,학사,경기,False,천주교,False,False,False,종교 불일치|재혼,1,2026-04-01 19:35:00
M174,남성,34,42,170,184,3700,전문학사,충북|인천,False,무교,False,False,False,흡연,2,2026-03-28 14:34:00
M175,남성,29,39,178,193,7800,학사,충남,True,무관,True,True,False,흡연,5,2026-05-22 09:10:00
M176,남성,38,46,179,190,8500,학사,경북|인천,True,무교,True,True,True,장거리,5,2026-04-22 17:01:00
M177,여성,38,48,156,172,8100,학사,대구,False,기독교,False,True,True,흡연,5,2026-06-04 14:26:00
M178,여성,38,50,159,166,13600,학사,부산,False,무관,False,False,False,,3,2026-05-04 14:12:00
M179,여성,23,32,161,167,6600,학사,광주|부산|충남|전북,False,무관,False,True,False,흡연|종교 불일치,2,2026-05-27 17:50:00
M180,여성,26,34,163,177,7000,학사,대전|경남|전북,False,무교,True,True,False,흡연,2,2026-06-12 12:32:00
M181,여성,24,36,162,182,4000,학사,인천,False,무관,False,False,True,,5,2026-04-25 14:10:00
M182,여성,34,46,153,166,4200,무관,전북,False,무교,False,True,False,,3,2026-05-16 11:30:00
M183,여성,29,35,165,178,5000,학사,경기,False,무교,True,True,False,흡연,1,2026-06-12 15:45:00
M184,여성,40,46,155,166,5700,학사,세종,True,무관,False,True,True,,3,2026-06-03 18:28:00
M185,남성,37,47,169,183,8100,학사,광주|인천|서울,False,무교,True,True,False,,3,2026-05-09 14:55:00
M186,여성,36,52,156,176,3900,학사,서울,False,무관,True,True,True,,4,2026-06-11 12:09:00
M187,남성,27,35,180,189,4100,전문학사,서울,True,무관,True,True,True,,5,2026-06-16 14:25:00
M188,여성,24,30,164,173,6400,학사,서울,True,무관,False,False,False,,4,2026-05-11 20:30:00
M189,남성,43,34,172,193,4700,학사,강원|인천|대전|대구,True,천주교,False,True,False,재혼,4,2026-05-22 15:09:00
M190,여성,40,52,163,173,6300,학사,경남,False,무관,False,False,False,,4,2026-04-15 20:49:00
M191,남성,35,45,176,193,8300,학사,부산,False,무교,False,True,True,,3,2026-03-23 16:44:00
M192,여성,23,37,162,168,5500,전문학사,경기|전남|울산|부산,True,무관,False,False,False,흡연,2,2026-03-23 14:05:00
M193,여성,28,40,162,180,5000,전문학사,서울,True,무관,False,False,False,,1,2026-04-30 09:48:00
M194,여성,32,44,163,168,6700,무관,서울,False,무관,False,False,True,종교 불일치,2,2026-05-29 18:16:00
M195,여성,34,44,152,180,5300,무관,경기,True,무교,False,True,False,종교 불일치,1,2026-06-16 09:33:00
M196,여성,23,29,164,173,3700,전문학사,부산,False,무관,True,True,False,흡연|종교 불일치,5,2026-03-27 20:03:00
M197,남성,29,39,180,189,3000,무관,충남|경남|대전,False,무관,False,False,False,,4,2026-05-10 17:52:00
M198,여성,23,36,154,181,5500,학사,울산,False,무관,False,False,False,,3,2026-06-09 09:30:00
M199,남성,31,39,180,192,5000,학사,강원|서울|충북|경남,True,무관,False,False,True,종교 불일치|재혼,1,2026-06-02 10:30:00
M200,여성,31,37,158,180,8000,학사,서울|전남|경기|경남,True,무관,True,False,True,흡연,3,2026-04-21 09:40:00
M201,남성,29,37,179,190,5500,학사,경기,False,무교,False,False,True,,5,2026-03-20 13:21:00
M202,여성,26,34,162,170,3700,무관,인천|충남|울산,False,무관,False,False,True,흡연|종교 불일치,5,2026-04-14 18:14:00
M203,여성,31,41,164,181,3400,석사,제주,True,기독교,False,True,False,흡연,3,2026-06-03 11:18:00
M204,여성,25,35,163,177,4100,전문학사,경기,False,기독교,False,False,True,,1,2026-03-13 20:16:00
M205,여성,31,39,152,168,6800,전문학사,경기,False,무관,False,False,True,,2,2026-05-10 09:56:00
M206,남성,23,34,172,193,6300,학사,서울,False,무교,False,True,False,흡연,1,2026-03-12 20:55:00
M207,여성,35,45,162,177,4000,전문학사,경남|인천,False,불교,True,True,False,흡연,1,2026-06-02 18:52:00
M208,여성,25,35,159,166,4700,석사,서울,False,무교,False,True,False,흡연,5,2026-06-02 20:14:00
M209,남성,34,44,169,192,4200,학사,대구|부산|강원|인천,True,무교,False,True,False,,1,2026-05-22 17:19:00
M210,여성,26,36,153,170,3600,무관,대전,True,기독교,False,False,True,,4,2026-03-22 19:53:00
M211,남성,38,54,179,187,6500,학사,광주,False,무관,True,False,False,,1,2026-05-24 10:50:00
M212,남성,27,39,178,190,4400,전문학사,서울,False,천주교,False,False,False,흡연|종교 불일치,5,2026-03-13 12:51:00
M213,여성,23,29,151,172,11000,학사,경남,True,무관,False,True,False,,2,2026-03-01 09:09:00
M214,남성,31,41,176,194,3900,학사,전남|경기|경북,False,무교,True,False,False,,2,2026-05-08 09:26:00
M215,남성,23,34,169,183,5900,무관,서울|인천|경북,True,불교,False,False,False,,3,2026-03-15 09:58:00
M216,여성,30,42,154,173,4000,고졸,부산,False,기독교,False,True,False,흡연,3,2026-04-23 18:23:00
M217,여성,23,34,160,174,8700,전문학사,인천,False,무관,True,False,False,,2,2026-06-13 20:32:00
M218,남성,26,34,168,183,6400,무관,경남|서울,False,무교,True,False,True,장거리,4,2026-05-06 12:15:00
M219,여성,23,35,161,166,7500,학사,경기|경남|대전,True,무관,False,True,False,재혼,2,2026-03-05 14:32:00
M220,남성,27,39,175,188,5500,학사,서울,False,천주교,True,True,False,흡연,2,2026-03-20 09:16:00
M221,남성,25,35,174,181,3400,무관,경기,False,무교,False,True,False,흡연,3,2026-04-04 18:36:00
M222,남성,27,35,168,190,8000,무관,서울|인천,False,무교,True,True,False,,3,2026-05-11 10:01:00
M223,남성,31,41,177,193,5100,학사,부산|경기|울산,False,무교,False,False,False,,2,2026-03-27 10:49:00
M224,여성,35,45,151,181,6000,전문학사,충남|제주,False,무교,False,False,True,,1,2026-05-04 18:38:00
M225,여성,23,38,150,175,6000,무관,제주,False,무관,True,True,True,흡연,2,2026-04-24 18:25:00
M226,남성,44,52,169,194,5800,전문학사,경남|전남|경북|세종,False,무관,True,True,False,,1,2026-05-18 19:02:00
M227,여성,36,46,152,168,7400,전문학사,경기|세종|전북|전남,True,무교,True,True,True,흡연,5,2026-05-13 12:15:00
M228,여성,27,35,165,167,5200,전문학사,인천|서울|광주,False,무관,False,True,True,종교 불일치,4,2026-06-19 12:35:00
M229,여성,40,46,157,175,5000,전문학사,경북,True,무관,True,True,False,종교 불일치,5,2026-06-21 18:20:00
M230,남성,30,42,173,182,4900,무관,전남|울산|경남|서울,True,무관,False,False,False,재혼,4,2026-03-18 20:19:00
M231,여성,29,39,155,169,5800,고졸,대구|제주,True,기독교,True,False,True,흡연,2,2026-04-20 18:49:00
M232,남성,32,42,175,182,9500,석사,경기|인천,False,무교,False,False,True,,2,2026-03-11 13:38:00
M233,남성,30,42,175,195,8700,학사,서울|강원,False,무관,True,False,False,흡연,3,2026-04-09 16:28:00
M234,여성,33,43,165,166,4600,무관,서울,False,무관,False,False,False,,4,2026-06-16 11:27:00
M235,여성,24,34,163,178,5500,학사,대전|울산|전남|강원,False,무교,False,True,False,흡연,2,2026-03-07 12:45:00
M236,여성,24,40,151,176,7200,학사,경기,True,무관,False,True,False,,4,2026-03-25 12:02:00
M237,남성,35,45,168,195,7000,학사,충남,True,무관,False,True,False,흡연|종교 불일치|장거리,4,2026-05-20 18:09:00
M238,남성,23,33,177,188,6100,학사,서울|충북|경북,False,무교,False,False,False,흡연,5,2026-05-21 15:53:00
M239,여성,27,37,165,168,4500,학사,경기,False,무관,True,True,True,,3,2026-04-02 20:01:00
M240,여성,23,30,151,182,3200,학사,경기,True,무관,False,True,False,종교 불일치,3,2026-04-14 16:29:00
M241,여성,34,46,164,172,7600,석사,인천,False,천주교,False,False,True,종교 불일치,2,2026-05-23 10:30:00
M242,여성,25,41,153,176,2500,학사,경북,False,무관,True,False,True,흡연,5,2026-05-13 13:13:00
M243,남성,34,44,172,182,5900,학사,서울,False,무관,False,False,False,,2,2026-04-30 20:13:00
M244,여성,23,30,150,166,7900,전문학사,전남|대구|경남,True,무관,False,True,True,,3,2026-04-13 16:26:00
M245,여성,36,46,159,178,9300,학사,서울,False,무관,False,True,True,,5,2026-06-05 17:58:00
M246,남성,30,40,179,190,12400,학사,대구,False,무관,False,True,False,흡연|종교 불일치,3,2026-05-25 18:43:00
M247,남성,30,42,168,193,7700,전문학사,인천,False,무관,False,False,False,,3,2026-04-08 16:28:00
M248,여성,36,44,158,179,2800,학사,경북,False,무관,False,True,False,종교 불일치,2,2026-04-23 09:36:00
M249,남성,45,53,171,181,10100,전문학사,경기,False,무관,False,False,False,,4,2026-04-30 15:52:00
M250,여성,31,41,164,179,5700,학사,경기,False,무교,False,False,True,,1,2026-04-21 20:08:00
M251,남성,28,44,171,184,2500,고졸,경기,False,무관,False,True,False,,3,2026-04-24 20:39:00
M252,남성,38,50,174,188,3300,학사,서울,True,무교,False,False,False,,4,2026-05-07 10:14:00
M253,여성,28,38,164,181,7400,학사,서울,True,무관,False,True,False,흡연,4,2026-04-05 11:17:00
M254,남성,30,42,173,186,7600,무관,인천,False,불교,True,False,False,흡연,1,2026-03-09 15:57:00
M255,남성,34,46,174,184,4000,무관,전북,False,무교,False,False,False,흡연,5,2026-03-28 16:52:00
M256,여성,34,46,162,174,8000,고졸,전남,False,천주교,False,False,True,,2,2026-06-09 09:06:00
M257,남성,28,36,180,181,2500,석사,광주|경북|서울,False,무관,False,True,False,,1,2026-06-11 14:03:00
M258,남성,23,33,178,194,7800,무관,서울,True,무교,False,True,False,종교 불일치,5,2026-04-18 17:17:00
M259,여성,34,44,161,166,4500,고졸,세종|충북,False,무교,False,False,False,재혼,5,2026-05-14 11:59:00
M260,남성,25,35,171,192,3500,무관,부산,True,무관,False,True,True,흡연|장거리,1,2026-03-09 18:45:00
M261,여성,23,33,157,167,3900,학사,충남|전남|부산|울산,True,무관,False,True,False,,1,2026-04-23 20:44:00
M262,여성,26,38,165,179,6300,학사,경남,False,무관,True,False,False,흡연,4,2026-04-14 15:19:00
M263,여성,28,40,158,180,4200,전문학사,인천,True,무교,False,True,False,장거리|재혼,1,2026-05-30 17:50:00
M264,남성,48,56,173,194,7500,학사,경북|강원|부산,True,무관,False,True,False,,5,2026-06-23 11:20:00
M265,여성,23,38,155,171,4000,무관,부산,True,무관,False,False,False,,4,2026-03-30 20:39:00
M266,남성,31,41,174,185,4200,학사,경북|강원|대전|울산,True,무관,True,False,False,흡연,3,2026-06-20 15:02:00
M267,여성,26,38,155,173,4200,고졸,서울,False,무관,False,True,False,흡연,5,2026-05-19 09:33:00
M268,남성,31,47,177,184,5600,무관,경남,False,무관,True,False,True,흡연,2,2026-05-13 17:01:00
M269,남성,30,38,168,189,4400,학사,전남|인천|전북|광주,True,무관,True,True,False,,1,2026-04-24 19:03:00
M270,여성,23,27,165,182,5100,전문학사,전북,False,무관,False,False,False,,4,2026-05-23 15:59:00
M271,남성,31,39,179,188,9100,석사,인천,False,무교,False,False,False,,5,2026-03-06 15:17:00
M272,남성,47,55,176,186,8100,전문학사,경남,False,무교,True,True,False,,4,2026-03-27 10:18:00
M273,남성,36,44,180,193,5100,무관,경기,True,무관,True,False,True,,2,2026-04-19 16:23:00
M274,여성,27,35,150,172,5900,학사,서울|제주|경남|충북,False,천주교,False,False,True,,3,2026-04-11 15:19:00
M275,남성,23,33,174,192,6700,학사,충북,False,무관,False,False,True,,4,2026-06-24 10:21:00
M276,남성,39,49,179,193,7200,학사,경기,True,불교,True,True,True,재혼,3,2026-03-16 09:49:00
M277,여성,34,42,158,169,2800,학사,강원|대전,False,무관,False,False,True,,2,2026-05-12 10:46:00
M278,여성,31,43,159,178,6400,학사,서울,True,무관,False,False,True,,5,2026-04-01 10:44:00
M279,여성,27,39,155,169,5700,무관,충북,True,무관,True,True,False,,5,2026-03-07 20:49:00
M280,여성,26,42,162,177,7600,학사,경기,False,천주교,False,False,False,,1,2026-06-03 15:15:00
M281,남성,23,36,175,194,4000,학사,대전,True,천주교,True,False,False,종교 불일치,5,2026-05-29 09:06:00
M282,남성,34,46,180,186,3600,학사,제주|전남|부산|서울,True,불교,False,True,True,,1,2026-06-15 13:07:00
M283,여성,23,28,151,173,7300,전문학사,서울,False,무관,False,True,False,종교 불일치,1,2026-04-08 15:14:00
M284,남성,32,38,177,181,8300,전문학사,세종|대구,True,무관,False,True,True,종교 불일치,3,2026-06-11 09:39:00
M285,여성,26,34,150,179,6200,석사,충남,False,무관,False,False,True,종교 불일치,2,2026-03-10 16:32:00
M286,남성,23,30,180,182,5100,학사,경남,True,무관,False,True,False,흡연|종교 불일치,5,2026-06-20 15:46:00
M287,여성,30,40,161,167,2500,학사,인천|대전,False,무관,False,False,False,재혼,1,2026-06-28 09:34:00
M288,여성,23,34,160,169,11300,석사,서울,False,무교,False,False,True,장거리,2,2026-05-05 13:03:00
M289,여성,27,43,152,182,6100,전문학사,경남,False,천주교,False,False,False,,5,2026-06-27 12:02:00
M290,남성,28,36,168,181,5100,학사,경기|강원|대구,True,무관,False,True,False,흡연|종교 불일치,5,2026-03-04 15:46:00
M291,여성,23,32,157,170,5200,무관,대구,False,불교,False,False,True,흡연,4,2026-03-24 11:43:00
M292,남성,23,32,170,184,4700,학사,전남|경북|울산|제주,False,무관,False,False,False,흡연|장거리,5,2026-05-16 18:03:00
M293,남성,30,40,174,183,8600,학사,경기|광주,True,무관,False,False,True,흡연,4,2026-05-01 16:31:00
M294,여성,30,42,152,166,6500,학사,서울,True,무관,False,True,False,흡연,1,2026-06-25 16:58:00
M295,남성,26,36,180,191,7200,무관,대구,False,기타,True,False,False,재혼,1,2026-06-26 13:11:00
M296,남성,31,43,174,185,3300,무관,울산|경남|경북|광주,True,기독교,True,False,False,장거리,3,2026-06-18 18:03:00
M297,남성,27,37,178,189,4000,석사,서울,False,무교,False,False,True,흡연,2,2026-03-15 10:31:00
M298,남성,30,42,173,182,5900,학사,대전|경남|세종,False,무관,False,True,False,흡연,4,2026-06-13 20:54:00
M299,여성,43,49,151,169,8600,학사,서울,True,불교,True,True,False,종교 불일치,2,2026-04-28 13:09:00
M300,남성,33,45,176,194,,무관,충남,False,무관,False,True,True,,2,2026-06-06 10:28:00
M301,남성,42,52,179,195,8100,학사,인천,True,불교,False,True,True,흡연,3,2026-06-01 13:37:00
M302,남성,33,43,180,185,8800,학사,세종|경북|서울|강원,False,천주교,True,False,True,,4,2026-03-17 15:42:00
M303,여성,35,41,155,170,7700,학사,광주,True,무관,False,False,True,,4,2026-06-20 11:21:00
M304,남성,35,43,171,187,6000,학사,부산,False,무관,False,False,False,흡연,2,2026-04-15 12:38:00
M305,여성,25,37,152,169,4400,학사,부산|제주,False,천주교,False,False,True,흡연,2,2026-06-01 09:24:00
M306,여성,30,38,158,177,7900,전문학사,경기,False,무관,False,True,False,흡연,4,2026-03-20 15:04:00
M307,남성,33,45,169,187,4300,무관,경기,False,무관,False,False,True,종교 불일치|재혼,1,2026-03-20 19:10:00
M308,남성,23,31,178,192,4900,학사,서울|인천|경북|대전,True,무관,False,False,False,,2,2026-05-09 17:22:00
M309,여성,33,45,155,171,12400,고졸,경기,True,무관,False,False,True,,2,2026-03-13 18:25:00
M310,여성,38,48,157,174,4200,무관,경기,True,무관,True,True,False,,4,2026-04-19 14:56:00
M311,여성,37,47,157,171,4500,고졸,서울,False,무관,True,False,True,종교 불일치,5,2026-04-29 11:58:00
M312,남성,25,37,172,193,2800,고졸,서울,True,기독교,False,False,False,,5,2026-06-03 16:46:00
M313,남성,25,35,168,184,3900,학사,경기|전남|경북|세종,False,기독교,True,True,True,,3,2026-04-01 16:39:00
M314,남성,39,47,169,187,3500,학사,경북,False,무관,True,True,True,,2,2026-06-24 10:54:00
M315,여성,33,41,159,172,11000,무관,전북|제주|세종|경기,False,무관,False,False,False,흡연,2,2026-03-05 13:38:00
M316,여성,24,36,160,168,7100,학사,전남|대전|경기|서울,True,무관,True,False,False,,2,2026-05-29 09:56:00
M317,남성,32,44,176,182,3400,학사,대구|전남,True,천주교,False,False,False,,4,2026-05-09 14:58:00
M318,남성,31,43,171,193,6500,전문학사,충남|부산|전북,True,무관,False,False,False,종교 불일치,1,2026-04-21 20:08:00
M319,여성,27,43,153,179,9000,석사,서울,False,무관,False,True,True,,2,2026-05-20 20:38:00
M320,여성,26,36,158,169,5100,무관,경기,False,무관,False,True,False,재혼,3,2026-04-11 10:41:00
M321,남성,23,33,174,187,5300,무관,서울,False,무교,False,True,True,흡연,4,2026-06-10 17:57:00
M322,남성,35,43,170,183,4300,석사,충북,True,무관,True,True,False,흡연|장거리,2,2026-03-07 19:31:00
M323,남성,39,47,180,188,11000,학사,광주,False,무관,False,False,False,장거리,4,2026-04-13 20:40:00
M324,여성,25,37,151,174,8500,학사,충남|서울|대전|전북,False,무관,False,False,True,흡연,2,2026-06-20 12:51:00
M325,여성,24,40,154,181,3400,전문학사,울산|서울|제주|전북,True,기타,True,False,False,,5,2026-04-18 12:11:00
M326,남성,30,40,179,183,5500,학사,부산|대전|인천,False,무교,False,True,True,재혼,2,2026-04-16 13:31:00
M327,남성,32,44,175,181,3900,학사,경기,True,무관,False,True,True,흡연|장거리|재혼,5,2026-05-01 14:50:00
M328,남성,34,50,170,194,5200,전문학사,인천|제주,True,무관,True,False,True,흡연|재혼,1,2026-06-11 11:34:00
M329,남성,26,34,169,186,5800,학사,전북|전남,False,무관,False,True,False,장거리,2,2026-05-04 12:39:00
M330,남성,27,37,174,190,3500,무관,강원,False,무관,False,True,True,,2,2026-03-14 18:06:00
M331,남성,24,40,178,182,4200,학사,충북,True,무관,False,False,False,흡연|종교 불일치|장거리,1,2026-05-12 12:16:00
M332,여성,38,46,155,167,5400,학사,울산|광주|경기,False,무관,False,True,True,,1,2026-04-23 18:24:00
M333,남성,47,36,177,184,4700,학사,경기,False,기독교,False,True,False,종교 불일치,1,2026-03-29 10:38:00
M334,여성,25,33,161,181,4100,학사,경기,False,무관,True,False,False,종교 불일치,3,2026-05-20 20:31:00
M335,여성,23,38,161,177,3000,고졸,대전,False,천주교,True,False,False,,5,2026-04-07 18:32:00
M336,남성,25,33,179,191,6100,전문학사,서울,True,천주교,False,True,False,종교 불일치,4,2026-06-20 17:17:00
M337,남성,36,46,176,185,9700,학사,인천|충남|충북|전남,False,무관,False,False,True,장거리,2,2026-03-28 16:53:00
M338,여성,23,29,160,177,7100,학사,부산,False,무관,False,False,False,장거리,2,2026-04-28 19:50:00
M339,남성,42,50,175,192,4400,무관,충남,False,무관,True,False,False,흡연,4,2026-04-16 13:18:00
M340,여성,34,40,151,173,7000,학사,서울,False,무교,False,True,False,흡연|장거리,3,2026-06-16 20:15:00
M341,여성,25,35,165,177,2600,무관,서울,True,기독교,False,True,False,종교 불일치,5,2026-03-12 19:33:00
M342,여성,38,46,156,175,10800,전문학사,충남|대전,True,무관,False,False,False,재혼,4,2026-06-07 09:18:00
M343,남성,38,50,174,195,6300,학사,서울,True,무관,False,True,False,장거리,1,2026-03-13 10:56:00
M344,남성,32,38,176,183,5500,학사,부산|제주|전북,False,무관,False,True,True,,4,2026-06-01 16:15:00
M345,남성,42,48,172,191,6400,학사,경북,True,무관,False,False,False,,2,2026-05-27 15:56:00
M346,남성,40,50,174,195,8600,학사,경남,True,불교,False,True,False,흡연,3,2026-04-22 17:13:00
M347,여성,25,35,158,178,11400,학사,경북,True,무관,False,True,False,,5,2026-04-25 20:52:00
M348,남성,35,43,171,190,4600,석사,대전|광주|부산,True,무관,False,True,True,종교 불일치,5,2026-05-07 16:19:00
M349,여성,25,37,158,168,3400,전문학사,경기|경남|부산,False,무관,False,True,False,,5,2026-05-30 20:24:00
M350,남성,41,49,170,188,3700,학사,충북,True,기독교,True,False,True,흡연,5,2026-05-11 17:48:00
M351,남성,29,37,171,184,5600,무관,서울,False,기독교,True,True,False,,3,2026-06-04 20:08:00
M352,남성,44,54,179,188,5600,학사,경기,False,기독교,True,True,True,흡연,3,2026-03-12 14:32:00
M353,여성,31,41,160,174,6900,전문학사,서울,False,불교,False,True,True,,3,2026-03-15 15:06:00
M354,여성,32,40,151,170,3000,학사,대구,True,무관,False,True,False,흡연,1,2026-03-10 15:31:00
M355,여성,23,30,152,178,7000,고졸,경기,True,천주교,False,False,False,흡연,5,2026-06-10 18:06:00
M356,남성,30,38,168,189,4700,무관,경기,False,불교,False,False,False,,1,2026-05-07 16:16:00
M357,여성,27,35,164,175,6900,학사,경기,True,무교,False,False,True,,4,2026-05-12 13:59:00
M358,남성,35,47,174,195,2700,전문학사,충북|부산|경기,False,무관,False,False,False,,3,2026-04-04 17:21:00
M359,남성,30,40,170,195,7900,무관,경기,True,무관,False,False,True,,4,2026-05-23 12:29:00
M360,여성,26,34,156,173,3100,학사,울산,False,무관,True,True,True,흡연,5,2026-03-30 14:04:00
M361,여성,36,48,159,178,4700,학사,세종,True,무관,False,False,True,,3,2026-06-19 09:01:00
M362,남성,31,41,173,192,3900,석사,충북|경북|강원,True,천주교,False,True,True,흡연,2,2026-04-15 10:24:00
M363,여성,24,30,165,169,8000,학사,부산|세종|제주,True,무관,True,False,False,흡연,2,2026-06-04 14:16:00
M364,여성,23,27,159,181,7300,학사,부산|전남,False,무관,True,False,True,,5,2026-04-24 17:07:00
M365,남성,32,40,175,181,10800,고졸,강원|인천|세종,False,기독교,False,False,True,장거리,3,2026-03-14 19:14:00
M366,여성,34,42,152,177,7500,학사,서울,False,무관,True,True,False,흡연,2,2026-04-08 12:45:00
M367,여성,32,42,162,179,5100,학사,제주|강원|광주,True,무교,False,True,True,장거리,2,2026-05-19 20:30:00
M368,여성,30,40,153,181,3300,고졸,경기,True,무관,False,False,True,,5,2026-03-16 09:46:00
M369,여성,32,44,159,181,4700,무관,전남|인천|부산|충북,False,무관,True,False,False,재혼,4,2026-05-07 19:40:00
M370,남성,32,48,178,182,7900,학사,전북,False,천주교,False,False,False,,3,2026-04-16 19:11:00
M371,여성,33,41,161,168,7500,학사,충남|광주|서울,False,불교,False,False,True,,1,2026-03-18 17:49:00
M372,여성,28,38,164,175,6000,무관,인천,False,기독교,False,True,True,장거리,5,2026-05-02 20:08:00
M373,남성,37,53,173,192,8500,석사,부산,True,무관,False,False,False,,5,2026-04-21 10:28:00
M374,여성,39,49,151,171,7300,무관,경기,True,기독교,False,False,False,종교 불일치,5,2026-04-24 16:28:00
M375,여성,29,37,164,176,7100,학사,서울|경북,False,무관,False,True,True,장거리,5,2026-04-10 11:00:00
M376,여성,26,38,164,175,4300,학사,대전,True,무관,True,True,False,흡연,3,2026-05-14 15:21:00
M377,여성,26,34,164,174,6100,전문학사,전남|충북|경남,False,천주교,True,True,True,,3,2026-05-16 19:21:00
M378,여성,25,37,154,169,6000,무관,경기,True,무교,False,True,True,흡연,2,2026-05-30 09:02:00
M379,남성,31,41,178,188,6700,학사,경기|제주|광주,False,무관,False,True,False,흡연|재혼,3,2026-03-11 09:05:00
M380,여성,28,34,160,169,2600,전문학사,대구|경남|경기|울산,False,불교,False,False,False,,1,2026-06-24 18:46:00
M381,여성,23,37,151,173,5000,무관,서울,False,무관,False,True,True,장거리,4,2026-04-24 20:49:00
M382,여성,26,38,165,172,2500,학사,인천|제주|부산,False,무관,False,True,False,흡연,4,2026-03-18 14:58:00
M383,여성,32,44,163,171,9300,무관,서울|대구|인천,True,무관,False,True,True,,5,2026-03-18 09:55:00
M384,남성,26,38,168,192,7100,학사,경기,False,무관,False,True,True,장거리,1,2026-04-06 11:39:00
M385,여성,25,35,153,179,3000,학사,경기,True,무관,False,False,False,흡연,3,2026-04-04 15:14:00
M386,여성,29,37,162,181,6800,무관,서울,True,무관,False,True,True,,2,2026-04-10 12:48:00
M387,남성,28,44,177,183,5600,무관,인천,True,무관,False,False,False,흡연|장거리,1,2026-04-18 20:25:00
M388,남성,29,35,175,190,6700,학사,광주|대구,True,무관,True,False,False,흡연,1,2026-05-23 11:54:00
M389,남성,35,51,168,189,2500,학사,서울,False,무관,False,False,False,흡연|재혼,5,2026-06-19 17:54:00
M390,여성,23,33,160,178,5100,석사,경남|충북,False,무관,False,False,True,,2,2026-05-27 11:39:00
M391,여성,23,30,152,178,7000,무관,경북,False,무교,True,False,False,종교 불일치,3,2026-03-20 09:29:00
M392,여성,26,38,150,172,5300,석사,서울|경기,False,무교,True,False,True,,4,2026-06-26 10:53:00
M393,남성,25,37,172,189,4300,학사,경기,False,기타,False,True,True,,2,2026-05-07 12:56:00
M394,남성,35,45,170,184,8000,무관,충북,True,무관,False,False,False,,4,2026-05-16 12:03:00
M395,여성,35,41,155,171,2500,석사,경기|광주|울산,False,천주교,True,True,True,,3,2026-04-25 13:42:00
M396,여성,32,42,163,174,7200,무관,경기,False,무관,False,True,False,흡연|재혼,4,2026-03-31 20:05:00
M397,남성,31,43,173,186,4000,학사,서울|경기,True,무교,False,False,False,,2,2026-05-11 14:09:00
M398,여성,24,32,157,180,5700,무관,충남,False,무관,False,True,True,흡연,5,2026-03-07 15:26:00
M399,남성,29,35,170,195,5200,학사,대구,False,무관,False,True,True,,2,2026-05-12 14:38:00
M400,여성,25,37,165,175,4000,학사,인천,False,불교,False,True,True,흡연|종교 불일치,1,2026-04-04 15:22:00
M401,남성,31,37,173,189,4400,학사,충남,False,무관,False,False,False,,4,2026-03-21 10:25:00
M402,남성,28,40,180,195,9800,석사,서울|충북|세종|전북,True,무관,False,True,False,,1,2026-03-12 10:42:00
M403,남성,35,45,180,191,5100,학사,부산,False,무관,False,False,False,,5,2026-06-03 12:20:00
M404,남성,31,43,179,188,11900,무관,대전,True,무관,False,False,True,재혼,3,2026-03-15 12:18:00
M405,남성,28,38,179,182,4600,학사,인천,True,무관,False,False,False,,1,2026-03-16 17:38:00
M406,남성,38,46,178,181,7400,학사,전북|경기|부산,False,무교,False,True,True,흡연,2,2026-05-26 17:25:00
M407,남성,25,35,174,182,6000,학사,경남|경기,False,무교,False,True,False,종교 불일치,2,2026-05-27 14:10:00
M408,여성,32,38,164,170,2500,무관,전북|경북,False,천주교,False,False,False,흡연,3,2026-05-15 19:21:00
M409,여성,26,34,163,178,5400,무관,광주,True,기독교,False,False,True,종교 불일치|장거리,1,2026-04-04 12:14:00
M410,남성,35,47,172,182,3700,무관,세종,False,무관,True,True,True,,1,2026-03-06 17:02:00
M411,여성,27,39,160,170,7300,무관,대구|부산,False,무관,False,True,False,흡연,3,2026-03-24 20:16:00
M412,여성,35,43,152,182,6700,학사,충남|울산|전남|광주,False,천주교,True,False,False,,4,2026-04-26 13:45:00
M413,남성,26,34,175,185,6200,무관,서울|광주|전북|인천,False,무관,True,False,False,흡연,4,2026-04-18 20:52:00
M414,남성,32,48,171,186,2500,학사,서울|전북|경북,False,무교,False,True,False,흡연|종교 불일치,1,2026-04-07 19:39:00
M415,여성,26,42,162,166,6100,학사,서울,False,무관,False,True,False,종교 불일치,3,2026-03-05 18:18:00
M416,여성,25,35,158,166,5900,학사,대구,False,무관,False,False,True,흡연,5,2026-04-14 14:07:00
M417,남성,33,45,170,189,3200,학사,강원,True,무관,False,True,True,흡연,3,2026-03-20 14:57:00
M418,여성,30,46,156,176,2900,무관,경북,False,무관,False,True,True,,1,2026-03-16 15:51:00
M419,여성,30,36,150,171,2500,학사,세종|인천,False,기독교,False,True,True,흡연|장거리,5,2026-05-09 12:30:00
M420,남성,35,45,179,183,3700,무관,제주|서울|부산|경기,False,기타,True,True,True,,1,2026-05-17 14:19:00
M421,여성,30,36,155,172,3700,학사,경기|제주|전남|경남,True,천주교,False,True,False,,3,2026-04-03 19:03:00
M422,여성,35,43,151,179,5900,석사,경기|전남|대전,False,불교,False,True,False,흡연,4,2026-06-23 11:53:00
M423,여성,33,49,153,166,5400,학사,경기,True,무교,True,False,False,,4,2026-04-10 14:50:00
M424,여성,23,29,161,178,6000,무관,대전,True,무관,False,True,False,,4,2026-05-04 09:15:00
M425,남성,43,49,180,191,7300,전문학사,경남,False,무관,False,True,True,흡연|장거리|재혼,3,2026-06-26 10:08:00
M426,남성,32,42,169,189,5900,학사,전북,False,무교,False,True,False,흡연,2,2026-05-01 15:18:00
M427,여성,32,40,157,175,4700,학사,서울,False,기타,False,False,False,종교 불일치|재혼,3,2026-05-01 16:11:00
M428,여성,39,47,158,180,7000,무관,서울,True,무교,False,True,True,흡연,1,2026-06-07 16:47:00
M429,남성,33,41,170,183,3600,학사,제주|경기|부산,True,무관,True,True,True,,2,2026-05-27 15:18:00
M430,여성,35,47,163,182,5200,고졸,경기,False,기독교,False,True,False,흡연|종교 불일치,3,2026-06-15 10:57:00
M431,남성,23,39,176,182,2800,전문학사,경기,False,무관,False,False,True,,5,2026-05-05 15:29:00
M432,남성,23,33,172,189,2600,학사,부산,False,무교,True,False,False,,5,2026-06-13 18:56:00
M433,남성,23,32,168,191,8400,무관,울산|대전|광주,False,천주교,False,True,True,,5,2026-05-11 18:23:00
M434,남성,23,31,170,190,6200,무관,서울,True,무교,False,True,True,흡연,4,2026-03-20 11:01:00
M435,여성,30,40,151,182,2500,무관,광주|세종,False,무관,False,True,False,흡연|장거리,2,2026-05-17 14:27:00
M436,남성,27,39,170,193,5800,무관,충북|인천,True,불교,True,False,True,흡연|재혼,1,2026-05-31 18:47:00
M437,여성,30,42,152,166,3400,무관,서울|충남,False,무관,True,True,False,흡연,1,2026-05-07 17:10:00
M438,남성,26,38,178,183,7700,학사,대구|울산|강원|제주,True,무관,False,True,True,종교 불일치,5,2026-06-18 20:01:00
M439,남성,45,55,172,185,2800,무관,충북,True,불교,True,True,False,흡연|장거리,2,2026-04-08 14:03:00
M440,남성,26,38,169,189,4600,무관,경기,False,천주교,True,True,False,종교 불일치|장거리,4,2026-05-07 12:49:00
M441,여성,29,39,159,177,2800,학사,경기|부산,False,불교,False,True,False,흡연,1,2026-06-13 16:47:00
M442,여성,28,40,150,177,6300,무관,경기|강원|광주,True,무관,True,False,False,,5,2026-05-26 13:26:00
M443,여성,24,36,160,180,2600,전문학사,충북|울산|인천,False,무관,False,False,False,흡연,5,2026-05-19 15:27:00
M444,남성,40,46,169,185,5900,무관,대전,True,무교,False,False,False,흡연,2,2026-05-09 11:57:00
M445,여성,23,31,152,178,5300,전문학사,경기,False,무교,False,False,False,흡연,3,2026-05-30 14:54:00
M446,여성,31,39,162,171,8100,전문학사,대전|강원|경북|세종,True,무관,True,True,False,흡연|종교 불일치,2,2026-04-03 12:34:00
M447,여성,28,44,161,177,8500,학사,광주|제주|대전,True,무관,True,True,False,,5,2026-06-19 15:41:00
M448,여성,30,38,157,177,4300,전문학사,대전,False,무교,False,True,True,종교 불일치,1,2026-05-19 09:10:00
M449,여성,29,37,151,178,2500,고졸,울산,False,무관,False,False,True,흡연|장거리,1,2026-04-16 16:18:00
M450,남성,30,42,170,181,7800,고졸,서울,False,기독교,False,True,False,장거리,2,2026-05-08 12:42:00
M451,남성,32,42,171,192,6200,학사,서울,False,무관,False,True,True,종교 불일치,2,2026-04-30 17:03:00
M452,여성,37,47,151,181,10500,학사,부산|제주|경남,False,천주교,False,False,False,흡연,5,2026-05-20 19:02:00
M453,여성,28,38,159,166,5300,고졸,인천|경남,False,천주교,True,True,False,,5,2026-06-27 12:49:00
M454,여성,32,38,157,173,7600,학사,충남,False,천주교,False,False,True,장거리,4,2026-05-05 20:22:00
M455,여성,29,39,165,170,6900,전문학사,서울,False,무관,False,False,True,,2,2026-04-15 09:49:00
M456,남성,27,37,172,190,5700,학사,전남|대구,True,무관,True,True,True,흡연,2,2026-04-23 10:28:00
M457,남성,33,45,178,182,8400,무관,인천,False,무교,False,True,True,흡연,4,2026-05-25 10:08:00
M458,여성,25,35,161,166,4400,무관,경기,True,무관,False,True,True,흡연,5,2026-04-05 16:55:00
M459,남성,28,38,179,185,6400,무관,제주|전북|인천|충북,False,불교,False,False,False,,2,2026-03-10 17:02:00
M460,여성,33,43,160,176,12600,학사,경기,False,무교,False,True,False,흡연|장거리,1,2026-06-08 18:44:00
M461,남성,43,53,173,183,6400,학사,인천|전남,True,무관,True,False,True,,3,2026-06-13 09:32:00
M462,여성,34,46,159,182,4600,전문학사,전북|대전|부산|충북,False,무관,False,True,True,흡연|종교 불일치|재혼,3,2026-05-17 19:49:00
M463,여성,31,39,157,166,5300,학사,제주,True,무관,True,True,True,,4,2026-05-19 19:12:00
M464,남성,28,40,171,190,7200,학사,경기,True,무관,False,False,True,장거리,2,2026-03-14 18:33:00
M465,여성,23,33,151,172,7700,학사,대전,True,무관,False,True,False,,3,2026-04-06 11:05:00
M466,남성,36,52,170,194,5700,무관,경기|강원|전남,True,무교,False,True,False,,2,2026-04-13 12:41:00
M467,여성,40,56,163,177,7900,무관,인천,False,무관,False,True,True,흡연,2,2026-03-11 10:39:00
M468,여성,33,43,165,172,6000,학사,경기,True,무관,False,True,False,장거리,2,2026-06-02 18:13:00
M469,여성,23,29,165,174,2600,학사,경북,False,무관,False,True,False,,5,2026-06-05 14:33:00
M470,여성,33,45,160,170,3600,무관,경남|충북|전남,False,무교,False,False,True,,3,2026-05-06 15:55:00
M471,여성,39,47,150,181,4800,전문학사,인천,False,무관,False,False,True,,3,2026-04-10 19:38:00
M472,남성,30,38,174,181,6100,학사,부산|경기|경북|대전,False,무교,True,False,False,흡연,5,2026-05-14 11:26:00
M473,여성,23,29,156,177,4400,무관,서울,False,무교,True,True,False,,4,2026-05-01 11:40:00
M474,여성,26,36,162,177,14300,학사,충북,False,불교,False,True,True,,5,2026-05-28 14:07:00
M475,여성,23,29,154,175,3600,고졸,경기,True,기독교,True,False,True,,4,2026-06-21 10:22:00
M476,남성,39,49,176,182,4000,무관,인천|충남|광주|제주,False,무관,True,True,True,장거리,3,2026-05-30 14:55:00
M477,남성,48,37,179,186,2500,고졸,강원,False,기독교,False,True,True,종교 불일치,4,2026-05-22 20:07:00
M478,남성,40,52,168,182,6100,학사,경기|서울|경북|경남,False,무관,True,True,True,재혼,5,2026-05-12 13:52:00
M479,여성,35,47,151,170,6000,석사,광주|서울|경기,True,무관,False,True,True,흡연,2,2026-06-13 15:44:00
M480,남성,38,50,174,181,2600,학사,서울,False,무관,False,False,False,,2,2026-04-07 17:22:00
M481,남성,23,34,175,192,7300,학사,경기,True,무관,True,True,False,흡연|장거리|재혼,4,2026-03-13 13:25:00
M482,남성,42,52,173,195,2600,무관,충북,True,무관,False,False,True,종교 불일치,5,2026-05-23 14:32:00
M483,여성,25,37,157,176,3900,전문학사,경기|전남|제주|광주,True,무관,False,False,True,,5,2026-04-07 11:38:00
M484,여성,26,36,159,177,4700,무관,인천|광주|대구,False,무관,False,True,False,흡연,5,2026-06-24 19:25:00
M485,여성,28,36,158,168,6800,학사,서울,True,무관,True,True,False,종교 불일치|재혼,3,2026-05-28 16:13:00
M486,남성,24,34,180,187,6300,전문학사,경기,False,기독교,False,False,False,흡연,5,2026-05-03 09:48:00
M487,남성,35,41,173,187,9400,학사,서울,False,무관,False,True,True,,1,2026-03-20 17:12:00
M488,남성,34,42,180,186,3000,학사,서울,False,무관,False,True,True,흡연,4,2026-06-08 15:21:00
M489,남성,31,37,171,192,8000,학사,전북|경북|부산|경남,False,불교,True,True,True,흡연,2,2026-03-13 20:26:00
M490,남성,27,35,174,184,6200,무관,부산,False,무관,False,True,False,재혼,1,2026-05-14 13:29:00
M491,여성,23,29,157,177,2800,학사,경기,True,무교,False,True,False,,2,2026-06-21 16:49:00
M492,남성,39,55,179,195,7500,학사,대전|충북|대구,False,천주교,True,True,True,흡연,5,2026-03-07 09:15:00
M493,여성,30,42,163,176,4000,무관,경기,False,불교,False,False,False,,5,2026-04-10 19:44:00
M494,남성,26,34,178,195,8800,학사,광주|전남|경남,False,불교,False,False,False,,5,2026-05-15 19:02:00
M495,여성,23,33,155,176,5600,무관,서울,False,무관,False,False,True,흡연,1,2026-05-29 09:54:00
M496,여성,23,28,164,171,2500,학사,경기,False,무교,False,False,True,장거리,1,2026-04-09 17:15:00
M497,남성,23,31,176,188,5000,학사,경남,True,기타,False,True,True,흡연|종교 불일치,4,2026-04-20 17:59:00
M498,여성,41,49,159,166,4900,학사,세종,True,불교,False,False,True,흡연,5,2026-03-08 11:33:00
M499,남성,26,34,168,190,6100,학사,부산|전남,False,무교,False,False,False,흡연,1,2026-06-23 19:48:00
M500,여성,35,45,159,175,,전문학사,대전,True,무관,False,False,False,흡연|종교 불일치|장거리,4,2026-03-09 20:55:00
M501,여성,33,39,161,181,2600,학사,서울,False,무관,False,True,True,흡연,1,2026-06-02 13:03:00
M502,여성,23,28,157,167,3400,학사,경기,False,무관,False,True,False,흡연,3,2026-05-20 09:35:00
M503,여성,34,44,155,182,3800,석사,경기|경북,False,무교,True,False,False,,2,2026-04-28 18:04:00
M504,남성,37,43,177,181,8800,무관,충북|광주|제주|충남,False,무관,False,False,True,,5,2026-03-24 19:02:00
M505,남성,46,56,168,188,5000,석사,전남|인천|경기|충남,False,무관,False,False,True,재혼,5,2026-05-01 18:43:00
M506,남성,31,39,180,190,6400,학사,부산|울산|경북,False,불교,True,True,False,,4,2026-03-17 17:30:00
M507,남성,35,43,174,194,7500,전문학사,인천,False,무교,False,True,True,흡연,5,2026-05-30 15:18:00
M508,여성,24,36,151,168,5600,학사,서울|인천,True,무관,False,False,True,흡연,4,2026-04-26 14:48:00
M509,여성,34,44,165,176,6200,무관,서울,True,무관,False,True,True,,3,2026-05-03 14:09:00
M510,여성,27,37,165,172,4600,학사,대구,False,무관,False,True,True,,3,2026-05-02 19:09:00
M511,여성,29,41,158,181,6500,석사,전북|강원|경북|대구,False,기독교,False,False,False,,3,2026-03-06 13:18:00
M512,남성,31,43,175,189,6300,무관,서울|인천,False,무관,False,True,True,흡연,5,2026-06-08 13:44:00
M513,여성,27,37,158,181,5900,석사,서울,True,무관,False,True,False,종교 불일치,4,2026-06-03 14:17:00
M514,여성,30,38,163,171,2500,무관,경기,False,무관,False,False,True,흡연|장거리,1,2026-05-30 14:07:00
M515,남성,34,50,178,189,11400,학사,부산|대전|서울|광주,False,무관,False,True,False,,3,2026-03-27 16:48:00
M516,남성,31,41,168,184,5800,무관,서울,False,무관,False,True,True,,4,2026-06-20 13:49:00
M517,남성,32,38,172,186,5200,전문학사,경기,False,무관,True,False,True,재혼,3,2026-06-10 19:53:00
M518,여성,32,44,157,177,4300,석사,경기,False,무관,False,True,False,,2,2026-05-02 11:44:00
M519,남성,30,38,173,194,3400,학사,서울,False,천주교,True,False,False,흡연,2,2026-06-10 14:24:00
M520,여성,35,47,164,173,6200,전문학사,충북|서울|대전,False,무관,True,False,False,흡연|종교 불일치,3,2026-03-02 12:35:00
M521,여성,24,32,160,172,8100,전문학사,세종|서울|경남,False,무관,False,False,True,흡연,3,2026-06-07 12:50:00
M522,남성,44,52,177,188,10400,학사,인천,False,천주교,False,False,False,,4,2026-03-23 18:52:00
M523,여성,40,50,151,167,5600,학사,경기|전북|충북,False,무관,False,True,True,장거리,5,2026-04-08 10:02:00
M524,여성,35,41,152,167,4000,학사,대구,True,무관,False,False,False,,5,2026-04-13 14:30:00
M525,남성,37,47,172,187,5800,전문학사,충북|세종,False,무관,False,False,True,,1,2026-04-04 16:50:00
M526,남성,28,38,169,193,6400,무관,서울,True,무관,True,False,False,흡연|종교 불일치|재혼,2,2026-05-22 16:25:00
M527,남성,34,44,171,192,5100,석사,경남,False,무관,False,True,False,흡연,5,2026-04-24 14:37:00
M528,여성,23,30,161,167,7600,학사,인천|충남|대구,False,무교,False,False,False,흡연|종교 불일치,2,2026-05-23 12:48:00
M529,남성,36,52,176,195,5800,무관,광주,False,불교,False,False,True,,5,2026-06-06 09:33:00
M530,남성,24,32,171,182,4600,석사,서울|대구|울산|전북,True,무관,False,True,False,재혼,4,2026-05-29 16:41:00
M531,여성,27,43,160,166,2600,무관,서울,False,무관,False,False,True,흡연|종교 불일치,2,2026-05-28 18:10:00
M532,남성,40,52,177,181,4800,고졸,대전|인천|경기|세종,True,무관,True,True,False,흡연|장거리|재혼,1,2026-06-18 13:43:00
M533,남성,37,45,176,195,3700,학사,인천,False,무관,True,True,True,흡연|장거리,2,2026-05-15 15:31:00
M534,남성,42,50,173,183,3800,학사,경기,True,무관,False,False,False,재혼,4,2026-04-10 17:36:00
M535,여성,37,43,151,174,5000,전문학사,서울|경기,False,무관,True,True,False,흡연,4,2026-03-30 11:38:00
M536,여성,23,32,157,168,4500,무관,경기,True,무관,False,True,False,,5,2026-05-01 12:59:00
M537,여성,33,43,151,170,3400,무관,대구,False,무관,False,False,False,종교 불일치|장거리,5,2026-06-09 19:00:00
M538,남성,43,51,179,190,3600,무관,경기|경북|제주,False,천주교,False,False,False,장거리,3,2026-05-08 14:31:00
M539,여성,32,40,159,167,7400,전문학사,경기,True,무관,False,True,True,,2,2026-04-05 15:29:00
M540,남성,35,41,178,190,4600,학사,경기|대전|전북,True,무관,False,False,False,,2,2026-03-14 09:19:00
M541,남성,34,44,179,186,7300,전문학사,서울,False,무교,False,True,False,,2,2026-06-28 16:59:00
M542,남성,36,48,169,183,3100,학사,경기,False,무교,False,True,False,,2,2026-04-15 17:08:00
M543,여성,32,42,152,177,2600,학사,경기,True,무교,False,False,False,흡연,4,2026-06-12 09:21:00
M544,여성,28,38,153,173,6400,학사,경기|충남,True,무관,False,True,False,흡연|재혼,5,2026-03-14 12:52:00
M545,남성,27,39,177,195,6800,무관,서울,True,불교,False,True,True,,3,2026-05-28 17:29:00
M546,남성,31,39,172,181,7200,학사,경남,True,천주교,True,False,True,,5,2026-05-22 17:22:00
M547,여성,38,48,155,171,6100,무관,경남|세종|대전,False,무관,False,False,False,장거리,2,2026-03-26 20:44:00
M548,남성,41,51,176,190,12900,석사,서울,True,천주교,True,False,False,재혼,3,2026-04-20 13:56:00
M549,남성,25,35,170,194,5400,학사,경기,False,천주교,False,False,False,종교 불일치,2,2026-06-09 15:12:00
M550,남성,24,36,177,181,5400,학사,강원,False,무관,False,False,True,,1,2026-03-02 20:19:00
M551,남성,32,42,168,192,5400,고졸,강원,False,천주교,True,True,False,,3,2026-04-07 09:39:00
M552,남성,34,46,180,185,4000,학사,경남,True,무관,False,False,False,장거리,3,2026-03-31 14:08:00
M553,여성,32,42,164,176,7100,무관,서울,True,무관,False,False,True,종교 불일치,4,2026-04-20 18:18:00
M554,여성,31,37,165,167,2500,전문학사,충남|부산,True,무관,False,True,False,,5,2026-03-14 10:22:00
M555,남성,24,40,177,188,4500,전문학사,충남|대구|울산,True,무관,False,False,False,장거리,4,2026-05-05 10:23:00
M556,여성,23,31,156,172,5500,무관,울산|충북,False,무관,False,False,False,,1,2026-06-13 09:18:00
M557,남성,36,46,179,185,5700,석사,충남,False,무관,True,True,False,종교 불일치,5,2026-04-06 10:05:00
M558,남성,23,33,168,184,4900,무관,경북|대구|대전,True,무관,False,True,False,,2,2026-05-27 13:52:00
M559,여성,23,35,150,174,6000,무관,서울|대전,False,무교,False,True,True,흡연,4,2026-06-08 16:54:00
M560,여성,31,39,153,171,5800,학사,인천,True,무교,True,False,False,흡연,1,2026-06-28 11:37:00
M561,남성,36,48,177,183,4700,학사,서울,False,무관,False,True,False,,3,2026-06-05 11:27:00
M562,여성,37,47,163,171,5000,무관,전남,False,무관,False,True,True,흡연,5,2026-06-18 16:51:00
M563,여성,23,37,162,180,2500,무관,경기,False,무관,False,False,False,종교 불일치,1,2026-03-22 19:49:00
M564,남성,28,40,173,190,3900,학사,대전|충남|제주|서울,True,무관,False,False,False,흡연,2,2026-03-17 13:18:00
M565,남성,39,45,174,192,3800,무관,경기|세종,False,무교,False,False,False,종교 불일치|재혼,1,2026-05-08 09:23:00
M566,남성,25,33,174,182,3400,무관,전남|부산|대구|제주,False,무관,True,False,False,종교 불일치,1,2026-04-07 12:37:00
M567,남성,42,54,177,187,8800,전문학사,부산|전북|경남|충남,True,무관,True,False,True,흡연|장거리,5,2026-03-04 20:34:00
M568,여성,23,33,153,176,6100,고졸,대전,False,무관,False,False,False,,3,2026-04-23 11:56:00
M569,남성,28,36,172,190,6700,전문학사,서울|울산|대전,False,기독교,False,False,False,,4,2026-06-09 19:46:00
M570,여성,27,35,161,178,6900,무관,인천,False,무관,True,False,True,흡연|장거리,1,2026-04-28 12:14:00
M571,여성,25,31,165,174,4700,학사,제주|인천,True,무관,True,False,True,,2,2026-04-30 20:14:00
M572,남성,38,48,168,183,6800,무관,전남,True,천주교,True,True,True,종교 불일치,5,2026-06-23 20:42:00
M573,여성,28,40,159,167,7900,학사,부산,False,무교,False,True,False,종교 불일치,5,2026-03-14 11:51:00
M574,남성,29,45,177,193,4300,학사,경남,False,무관,False,True,False,,5,2026-06-07 10:23:00
M575,남성,35,43,173,183,6200,고졸,부산,False,무관,True,False,True,흡연,1,2026-03-23 10:27:00
M576,여성,27,37,163,177,7700,학사,울산,False,천주교,False,True,False,,2,2026-03-17 13:13:00
M577,여성,29,45,164,169,4900,무관,전북,False,불교,False,True,False,종교 불일치,5,2026-04-27 13:34:00
M578,여성,31,43,153,180,5800,전문학사,경기,False,무관,False,True,True,,4,2026-05-07 14:52:00
M579,여성,23,33,153,166,6100,학사,충남|세종|제주,False,기독교,True,False,False,종교 불일치,1,2026-04-22 11:20:00
M580,여성,23,29,150,166,8100,학사,경북,False,천주교,False,True,True,흡연,5,2026-06-22 11:37:00
M581,여성,24,34,153,176,5100,학사,제주,False,기타,False,True,True,,2,2026-06-14 20:57:00
M582,남성,28,44,173,191,4400,학사,강원|부산,False,천주교,False,True,False,종교 불일치|재혼,1,2026-03-22 14:56:00
M583,여성,37,45,157,176,3400,무관,강원|서울|전남,False,무관,False,False,False,종교 불일치,4,2026-04-25 10:34:00
M584,남성,26,42,174,191,2500,무관,서울|충북|경남,False,무교,True,False,False,,5,2026-05-06 15:01:00
M585,여성,23,31,165,175,6300,학사,부산|세종|경기,True,천주교,True,True,True,종교 불일치,2,2026-06-28 09:45:00
M586,여성,31,43,157,175,7600,고졸,대전|충북|경북|대구,False,무관,False,True,True,흡연,1,2026-05-12 09:27:00
M587,여성,25,33,153,173,2900,전문학사,서울,True,무관,True,False,True,종교 불일치,2,2026-03-30 20:51:00
M588,남성,32,40,178,190,8300,석사,서울,False,무관,False,False,False,종교 불일치,4,2026-03-17 11:53:00
M589,남성,27,37,179,189,5000,학사,제주|전남,True,무관,False,True,False,,4,2026-06-24 16:28:00
M590,여성,30,42,152,166,3800,학사,서울,False,무교,False,True,False,흡연|종교 불일치|장거리|재혼,2,2026-06-03 10:14:00
M591,남성,36,52,179,189,4000,학사,서울,False,천주교,False,True,False,,2,2026-04-11 13:41:00
M592,남성,24,36,172,195,4000,고졸,경남,False,기독교,False,True,False,,4,2026-03-09 19:37:00
M593,남성,28,38,174,195,3500,학사,경북,False,기독교,True,False,True,,2,2026-05-04 17:09:00
M594,여성,23,32,157,180,4200,전문학사,부산,False,무관,False,True,True,흡연,5,2026-05-03 18:46:00
M595,여성,33,45,154,177,9200,무관,경기,True,무관,True,False,False,,2,2026-03-07 15:54:00
M596,여성,30,38,159,182,9800,무관,서울|경기,False,무관,False,False,False,장거리,5,2026-06-08 18:08:00
M597,여성,34,42,164,168,5200,학사,서울,False,무관,False,False,True,흡연,4,2026-05-25 18:00:00
M598,여성,34,46,154,177,5800,학사,부산|서울,False,무교,True,True,False,종교 불일치,2,2026-06-19 20:06:00
M599,여성,26,34,155,174,9000,전문학사,인천,False,천주교,False,True,False,흡연|장거리,1,2026-04-07 10:42:00
M600,여성,23,34,152,173,5000,석사,경기,False,무관,False,True,True,종교 불일치,2,2026-03-28 20:51:00
M601,여성,29,39,165,172,7300,무관,대전,False,기타,True,False,False,종교 불일치|장거리,4,2026-03-04 15:56:00
M602,여성,35,47,161,168,7600,학사,경기,False,무교,True,True,False,재혼,1,2026-05-24 18:42:00
M603,여성,29,41,162,177,7700,고졸,부산,True,무교,False,True,True,종교 불일치,1,2026-04-29 17:40:00
M604,남성,31,47,171,182,6300,전문학사,경남|제주,False,무교,False,False,True,,3,2026-06-07 15:41:00
M605,남성,39,47,179,191,5700,학사,울산|인천,False,불교,False,True,False,,5,2026-03-22 10:23:00
M606,남성,26,34,175,188,3700,학사,강원,True,무교,True,True,False,흡연,4,2026-04-12 09:26:00
M607,남성,33,49,170,181,6800,무관,울산,False,무관,False,False,True,흡연,1,2026-04-06 20:11:00
M608,남성,42,52,177,190,3900,학사,대전,False,무관,False,True,False,흡연,5,2026-04-19 20:26:00
M609,남성,34,46,175,195,10700,전문학사,광주|부산|강원,False,무교,False,False,True,흡연,2,2026-03-18 10:22:00
M610,여성,23,33,163,167,4100,석사,충북|인천|부산|대전,True,무관,False,False,True,흡연,5,2026-03-09 19:25:00
M611,여성,38,50,165,172,5300,학사,전북,True,무교,True,False,False,종교 불일치|재혼,5,2026-06-21 11:18:00
M612,여성,29,37,162,168,3700,학사,경북|전북,True,불교,False,False,False,종교 불일치|장거리,4,2026-05-26 18:27:00
M613,여성,23,30,160,172,10000,학사,서울,False,기독교,False,True,False,흡연,5,2026-03-21 15:12:00
M614,남성,38,46,178,181,6500,학사,전북,False,무관,False,True,True,,5,2026-03-24 14:32:00
M615,여성,32,48,161,180,6900,학사,전북,False,무교,True,False,False,,3,2026-03-01 20:43:00
M616,남성,24,40,171,189,4600,학사,경기|전남,True,기독교,False,False,False,,5,2026-03-22 16:16:00
M617,여성,32,42,161,177,2600,학사,대전|대구|경남|울산,True,무교,False,False,False,흡연,1,2026-04-15 09:58:00
M618,남성,26,38,170,190,10000,학사,경기,True,기타,False,True,False,종교 불일치,2,2026-03-14 19:21:00
M619,여성,23,28,164,176,5400,학사,경북,False,무관,False,True,True,장거리,1,2026-05-11 18:39:00
M620,여성,36,46,165,168,5300,학사,경기,False,무교,False,False,False,흡연,5,2026-03-08 18:10:00
M621,남성,38,23,175,194,3300,무관,경기,True,무관,False,False,True,,3,2026-06-16 13:11:00
M622,여성,33,39,165,169,4800,학사,부산,True,무관,False,False,False,재혼,2,2026-04-20 09:52:00
M623,여성,23,35,160,182,8300,학사,대전,False,무교,False,True,False,,3,2026-06-09 10:51:00
M624,여성,26,42,165,182,4700,전문학사,서울|전북|충남,True,무관,False,False,True,흡연,1,2026-03-25 17:01:00
M625,남성,37,49,170,185,4900,무관,서울|충남|충북|전남,False,기독교,False,True,False,장거리,4,2026-05-06 20:20:00
M626,여성,23,32,151,178,3000,무관,부산,False,무관,False,False,False,,2,2026-06-21 10:38:00
M627,여성,23,32,159,176,4100,학사,전북|대구|세종|부산,False,천주교,False,True,True,,4,2026-05-10 15:15:00
M628,남성,29,41,174,181,5400,학사,경기|전남|대구|부산,False,무교,False,False,False,,1,2026-06-29 16:23:00
M629,여성,29,37,164,172,5900,학사,서울,True,무관,False,True,False,종교 불일치,3,2026-03-17 09:17:00
M630,남성,46,54,179,194,6200,석사,부산,False,무관,False,True,True,흡연,4,2026-06-13 17:01:00
M631,여성,24,30,161,179,6200,학사,강원|경기|대구|광주,False,불교,False,False,False,,3,2026-03-07 19:16:00
M632,여성,39,55,159,176,4700,학사,대구|대전|부산,True,무교,True,False,False,흡연,1,2026-06-12 14:01:00
M633,남성,27,37,172,194,6500,학사,강원,False,무교,False,True,False,,3,2026-04-25 20:24:00
M634,여성,35,43,160,166,5800,무관,경기,False,무관,True,True,True,재혼,3,2026-03-09 15:55:00
M635,남성,28,38,173,194,6000,고졸,충남,True,무교,False,False,True,흡연,3,2026-04-28 13:49:00
M636,여성,28,34,153,175,2500,무관,인천|대구,False,불교,False,False,False,,2,2026-04-16 17:26:00
M637,여성,35,51,154,178,3700,학사,전북,True,무관,True,True,False,,5,2026-04-16 20:41:00
M638,남성,36,48,178,192,7900,전문학사,강원,True,불교,True,False,False,,3,2026-04-12 13:37:00
M639,여성,28,36,164,168,5600,학사,광주,True,무교,True,False,False,흡연|종교 불일치,1,2026-06-16 12:37:00
M640,여성,28,44,158,181,7000,학사,경북|인천,False,무관,False,False,False,장거리,3,2026-06-01 10:44:00
M641,남성,44,52,171,182,7900,무관,경북|대구|부산,False,무관,False,True,False,흡연,1,2026-03-22 20:15:00
M642,여성,33,49,155,179,5600,학사,충북|경북|강원|대구,True,무관,False,False,False,종교 불일치,4,2026-03-03 09:22:00
M643,남성,28,38,169,182,8500,학사,서울,True,무관,True,False,True,종교 불일치,2,2026-03-10 18:32:00
M644,남성,28,44,172,194,3400,전문학사,제주,False,무관,False,True,False,,1,2026-06-09 14:32:00
M645,남성,35,45,179,184,2600,석사,경기|광주,False,기독교,False,True,False,장거리,5,2026-04-03 19:49:00
M646,남성,41,49,178,195,4600,고졸,경북|부산,False,무관,False,False,False,흡연|재혼,3,2026-04-24 10:05:00
M647,남성,37,49,173,183,8400,학사,세종,True,무관,True,True,False,,3,2026-04-09 17:54:00
M648,여성,23,30,163,179,3000,무관,경남|인천,False,무교,False,True,True,흡연,5,2026-05-08 19:46:00
M649,남성,38,50,174,190,2800,학사,경기,False,천주교,True,False,True,종교 불일치|장거리,3,2026-06-22 15:09:00
M650,여성,23,29,162,166,5100,석사,서울,False,무관,False,True,False,흡연|종교 불일치,4,2026-03-07 20:58:00
M651,남성,41,56,177,186,3700,전문학사,경남,True,무관,False,False,False,흡연,2,2026-05-18 09:56:00
M652,남성,33,41,172,193,9600,학사,부산,False,무관,False,True,False,,4,2026-06-10 20:43:00
M653,남성,39,45,174,181,4300,무관,대구,False,천주교,True,True,True,,3,2026-05-03 17:46:00
M654,남성,33,45,179,193,5400,학사,서울|세종,False,불교,False,False,False,흡연|종교 불일치,5,2026-03-04 17:57:00
M655,여성,25,37,165,180,7200,학사,경기,False,무관,False,False,False,,1,2026-04-17 16:43:00
M656,여성,25,33,152,170,5200,학사,부산,False,무관,True,True,False,종교 불일치|재혼,1,2026-05-24 16:43:00
M657,남성,27,39,173,182,8100,무관,서울|경남|전북|제주,False,무관,False,False,True,흡연,1,2026-03-28 19:36:00
M658,남성,27,39,171,188,5500,학사,울산|충남,False,무교,False,False,False,,3,2026-06-26 14:09:00
M659,여성,30,40,156,182,8700,전문학사,경기,False,무교,False,True,False,,5,2026-04-23 17:46:00
M660,남성,30,42,173,193,5800,학사,경남|세종|서울,False,무관,True,True,True,흡연|장거리,5,2026-05-23 18:08:00
M661,여성,37,45,158,174,5400,무관,인천|충북,True,기독교,True,True,False,흡연,5,2026-05-11 20:03:00
M662,여성,38,48,162,172,7900,무관,강원,True,무관,False,False,False,종교 불일치,4,2026-03-24 13:33:00
M663,남성,33,43,170,193,4900,학사,전남|경기,False,무관,True,False,True,종교 불일치|재혼,5,2026-03-07 13:33:00
M664,여성,28,34,151,182,3800,전문학사,경기|부산|경남|강원,True,기독교,False,True,False,,3,2026-04-08 19:25:00
M665,남성,39,49,180,192,7900,석사,경기,False,기독교,False,True,False,흡연,3,2026-05-17 12:14:00
M666,여성,25,35,152,180,10000,학사,충북,False,기독교,True,True,False,흡연,3,2026-04-17 19:00:00
M667,여성,23,36,151,182,8300,학사,서울|충남|전북|광주,False,기독교,False,False,True,흡연,3,2026-05-17 14:34:00
M668,남성,27,33,174,192,4700,무관,경기,False,무관,True,True,False,종교 불일치,4,2026-06-22 15:17:00
M669,여성,27,35,162,177,2500,무관,경남,True,무교,True,True,False,종교 불일치,2,2026-04-28 11:41:00
M670,남성,30,40,172,183,8200,학사,서울|경기,False,무관,False,False,False,장거리,1,2026-05-16 10:44:00
M671,여성,43,49,157,174,4000,학사,부산|충남,False,무교,False,False,False,흡연,2,2026-05-26 18:05:00
M672,여성,23,30,153,172,3700,전문학사,대구,False,천주교,True,True,True,장거리,2,2026-04-05 15:30:00
M673,남성,35,43,175,181,5800,무관,인천,True,무교,False,False,False,,5,2026-03-28 20:54:00
M674,남성,32,48,169,191,4000,학사,울산|서울|경기,True,무관,False,False,False,,3,2026-03-15 15:58:00
M675,여성,23,31,152,177,8500,학사,경북,False,무관,False,False,False,재혼,3,2026-06-04 09:17:00
M676,남성,42,52,170,194,7000,학사,대전,True,무관,False,True,False,종교 불일치,5,2026-03-21 19:09:00
M677,여성,28,38,153,182,7700,학사,서울,False,무관,True,False,True,흡연,3,2026-04-23 15:28:00
M678,여성,31,41,158,175,8200,학사,세종|경북|대구,False,무관,False,True,False,,4,2026-06-08 15:49:00
M679,여성,34,42,160,180,6500,학사,전남,False,무관,False,False,True,,1,2026-05-11 20:01:00
M680,남성,36,44,168,188,5100,고졸,충남|인천|세종,False,무관,True,False,True,,5,2026-06-25 10:42:00
M681,여성,23,30,163,174,9100,석사,서울,True,무관,False,False,True,,3,2026-05-21 14:14:00
M682,여성,37,47,161,179,8900,무관,서울|울산|경남|충남,False,기타,False,False,False,,3,2026-05-23 16:02:00
M683,여성,23,30,156,177,6600,전문학사,부산,False,무관,False,True,False,,2,2026-04-04 18:06:00
M684,남성,37,49,180,182,6300,무관,서울,False,무관,False,True,True,종교 불일치,4,2026-05-06 16:18:00
M685,남성,35,43,176,181,6800,학사,경기,False,불교,False,False,True,흡연|장거리,4,2026-05-09 09:38:00
M686,남성,36,48,170,185,8600,학사,세종,True,무교,True,False,False,,4,2026-05-22 10:32:00
M687,남성,25,37,173,181,3800,학사,서울|전북,False,무관,True,True,False,장거리|재혼,5,2026-05-13 18:02:00
M688,여성,24,36,156,174,5900,전문학사,인천|경북|세종,True,불교,True,False,True,,5,2026-06-15 11:57:00
M689,여성,39,49,164,171,12600,전문학사,충북,True,무교,True,False,True,,5,2026-06-19 15:33:00
M690,여성,30,38,150,171,4400,고졸,제주|경기|울산|충북,True,무관,False,True,False,흡연|장거리,5,2026-06-10 14:36:00
M691,여성,32,42,152,169,5200,학사,충북,True,무관,False,False,True,종교 불일치|재혼,1,2026-03-14 16:12:00
M692,남성,36,44,171,189,9200,학사,경기,True,기독교,True,True,False,,3,2026-05-29 14:00:00
M693,남성,36,48,168,191,2500,학사,서울,False,불교,False,False,False,,4,2026-06-10 20:54:00
M694,여성,23,33,151,179,4700,석사,경기,True,무관,False,False,True,흡연|종교 불일치,4,2026-03-31 13:25:00
M695,남성,25,41,180,191,6600,석사,충남|서울|전남|경남,True,무교,False,False,True,,5,2026-05-11 12:35:00
M696,남성,24,36,170,195,2500,무관,경기,False,무관,False,True,False,,4,2026-03-19 11:24:00
M697,남성,28,40,179,183,2500,무관,세종,True,무교,True,True,True,재혼,5,2026-05-05 19:26:00
M698,남성,34,42,180,188,3200,학사,서울|인천|대전|경남,True,무교,False,True,False,장거리,4,2026-05-23 20:15:00
M699,남성,28,36,173,185,4400,석사,부산,True,무관,False,False,False,장거리,4,2026-04-23 19:01:00
M700,여성,36,46,153,175,,무관,울산,True,무관,False,True,False,,2,2026-06-10 13:34:00
M701,남성,35,41,173,184,2600,전문학사,경기,False,무관,False,False,False,,2,2026-05-08 12:44:00
M702,남성,23,28,180,186,3600,학사,서울,True,무관,False,False,True,흡연,5,2026-03-27 18:45:00
M703,남성,29,45,173,190,6700,전문학사,경기|서울,False,무관,False,True,True,종교 불일치,4,2026-06-10 17:17:00
M704,여성,40,46,163,180,6300,무관,전북,True,불교,True,True,True,재혼,3,2026-03-18 11:13:00
M705,여성,32,40,153,176,8900,전문학사,광주,False,천주교,False,True,False,,5,2026-03-11 19:54:00
M706,여성,23,35,159,167,2500,학사,부산|경기|인천,True,무교,False,True,False,,2,2026-04-13 20:33:00
M707,남성,26,32,169,182,4600,고졸,세종|충북,False,무교,True,True,True,흡연,3,2026-05-12 19:33:00
M708,남성,35,45,174,188,7700,학사,서울,True,무관,True,True,True,흡연|장거리,4,2026-03-16 18:19:00
M709,남성,32,38,174,190,3200,학사,강원|광주,False,기독교,True,True,True,,3,2026-03-31 19:22:00
M710,남성,33,41,169,188,3900,석사,경기,False,무관,False,False,True,흡연,5,2026-04-25 15:13:00
M711,남성,32,40,179,194,2500,무관,경기|충북,False,무관,True,False,False,,1,2026-05-19 15:15:00
M712,남성,34,46,175,188,3900,학사,전남|부산,True,무관,False,True,False,흡연|장거리,1,2026-06-08 12:38:00
M713,남성,34,44,175,190,4200,학사,부산,True,무관,False,True,True,흡연,4,2026-03-29 10:07:00
M714,여성,31,47,165,182,6300,학사,세종|충북|대전|울산,True,무관,False,False,False,,5,2026-03-26 12:37:00
M715,남성,30,40,179,185,2500,학사,인천,False,무교,False,True,False,흡연,1,2026-03-25 13:09:00
M716,여성,39,47,155,170,7000,학사,전남,False,천주교,False,True,False,,3,2026-05-19 09:30:00
M717,여성,23,31,154,167,5900,무관,서울,True,무관,False,False,False,흡연,3,2026-06-13 12:33:00
M718,여성,25,41,164,179,4000,무관,충북,False,기독교,False,False,False,종교 불일치|재혼,3,2026-05-25 18:27:00
M719,여성,26,42,164,166,3400,무관,경북,False,무관,False,False,True,흡연,3,2026-03-05 15:58:00
M720,남성,42,54,174,183,7400,학사,경기,False,무관,False,True,False,,3,2026-05-06 17:09:00
M721,남성,27,39,172,185,2600,고졸,경북|울산|경기,False,무관,False,False,True,흡연,1,2026-06-12 16:50:00
M722,여성,23,32,159,173,5100,학사,서울,False,무관,False,False,False,,3,2026-03-08 12:21:00
M723,남성,44,54,173,191,11500,학사,울산,True,무관,False,True,False,재혼,3,2026-05-19 12:30:00
M724,여성,23,31,156,180,4400,고졸,충북,True,무교,False,True,False,,3,2026-05-01 12:23:00
M725,여성,33,41,163,168,6100,무관,경기,False,무관,False,False,False,,1,2026-05-02 18:02:00
M726,여성,34,44,162,181,5200,학사,경기,True,천주교,True,False,True,,2,2026-06-14 18:14:00
M727,남성,32,40,171,187,6400,고졸,서울,True,무관,False,False,False,,4,2026-03-12 20:26:00
M728,여성,31,43,151,169,5900,고졸,서울,False,무관,True,False,False,장거리,3,2026-03-12 13:05:00
M729,남성,30,38,172,187,9600,학사,경북|대전,True,무관,False,True,False,흡연,2,2026-05-26 11:16:00
M730,남성,37,45,175,188,7600,전문학사,서울|광주|경남|부산,True,불교,True,False,True,,5,2026-03-30 19:40:00
M731,여성,29,35,159,167,6500,석사,대구,True,무교,True,True,True,흡연,1,2026-06-18 12:44:00
M732,여성,23,31,151,166,3400,무관,서울|울산|전북|대전,False,무관,False,True,False,,5,2026-04-19 14:42:00
M733,남성,36,46,174,189,2500,전문학사,전북,False,무교,True,False,False,재혼,2,2026-05-16 16:34:00
M734,남성,23,32,172,191,5800,전문학사,경남,False,무관,False,False,False,,1,2026-03-21 20:34:00
M735,여성,23,32,156,166,6700,전문학사,울산|서울,True,천주교,False,False,True,흡연,2,2026-06-21 17:51:00
M736,남성,28,36,174,191,6500,학사,부산,False,무관,False,True,False,,4,2026-04-04 19:41:00
M737,남성,37,47,176,195,7300,무관,서울,False,천주교,False,True,False,흡연,1,2026-04-15 19:43:00
M738,남성,32,38,174,193,2500,학사,경기,False,무관,False,True,False,흡연|재혼,4,2026-06-08 16:52:00
M739,여성,23,35,154,182,10000,무관,전남|경남|전북,False,무관,False,True,True,장거리|재혼,3,2026-05-16 19:45:00
M740,여성,31,43,157,171,3200,학사,울산|세종,True,무교,False,False,False,장거리,1,2026-06-04 20:25:00
M741,여성,23,31,151,168,3000,학사,서울,True,무관,False,True,False,흡연,5,2026-03-12 13:28:00
M742,여성,25,35,164,173,4600,석사,인천,False,무교,True,False,True,종교 불일치,2,2026-04-11 16:45:00
M743,여성,41,51,163,172,9800,전문학사,전북,False,무교,False,True,True,,5,2026-06-26 17:42:00
M744,남성,35,47,178,189,2600,학사,경기,True,불교,False,False,False,흡연|종교 불일치,5,2026-05-18 13:06:00
M745,남성,41,51,174,183,7300,고졸,서울,True,무관,False,False,False,,3,2026-03-25 10:13:00
M746,여성,25,37,161,166,3000,학사,충북|인천|경남,True,불교,False,True,True,흡연,1,2026-06-22 10:20:00
M747,남성,40,48,172,184,4400,무관,대구,False,무관,False,False,True,흡연,2,2026-05-03 18:34:00
M748,남성,26,36,168,193,3700,학사,경남|서울|광주|전남,True,기독교,False,True,True,,3,2026-03-18 16:26:00
M749,남성,31,47,171,181,9700,학사,서울|부산|대전|경북,True,무관,True,True,False,흡연|장거리,2,2026-04-03 10:44:00
M750,여성,23,33,150,168,5100,고졸,경남,False,무관,False,False,False,재혼,2,2026-04-20 14:02:00
M751,여성,33,41,160,170,5800,무관,부산,True,무관,True,True,False,종교 불일치,1,2026-04-07 20:21:00
M752,여성,30,42,157,166,4300,학사,서울|전남,False,기타,False,False,True,,2,2026-04-25 10:52:00
M753,남성,34,44,168,188,4100,무관,경기,True,무관,False,True,True,흡연,4,2026-06-27 15:25:00
M754,남성,30,38,171,187,4200,고졸,인천,False,무관,False,True,False,흡연,4,2026-03-07 09:40:00
M755,남성,23,29,172,185,4800,학사,충남|울산|경북,True,무관,False,False,True,흡연|장거리,5,2026-04-18 13:17:00
M756,남성,31,47,177,181,8100,무관,강원|대구,False,기독교,False,False,False,흡연,4,2026-06-13 11:17:00
M757,여성,28,40,159,171,7800,학사,경기,False,천주교,True,False,True,흡연,5,2026-03-03 10:25:00
M758,남성,25,37,169,187,9200,전문학사,경기|경남|부산|대전,False,무관,False,False,True,장거리,1,2026-05-14 09:02:00
M759,여성,32,48,153,172,4800,학사,대전|전북,False,무교,False,True,True,,1,2026-05-22 12:47:00
M760,여성,25,33,163,173,7000,학사,서울|대구,False,무관,False,False,True,종교 불일치,1,2026-05-10 19:58:00
M761,여성,37,45,155,166,6300,무관,서울,False,천주교,False,True,False,,2,2026-06-14 11:09:00
M762,여성,26,42,163,170,5400,학사,대전,False,기독교,True,False,True,흡연,2,2026-04-17 12:30:00
M763,여성,23,32,163,168,8100,전문학사,충북,True,무관,False,True,True,,4,2026-05-25 09:35:00
M764,여성,34,44,152,181,3500,학사,충북|충남,True,불교,True,True,False,,5,2026-03-21 11:23:00
M765,남성,47,32,168,181,3300,학사,세종,False,무교,False,False,False,흡연,3,2026-06-18 10:50:00
M766,여성,27,35,165,166,2900,학사,충남,False,무관,False,True,False,흡연|장거리,5,2026-03-13 14:38:00
M767,남성,28,38,171,184,6300,무관,서울|광주,False,무교,False,False,False,흡연,1,2026-04-04 10:32:00
M768,남성,30,38,177,192,5100,무관,서울,False,무관,False,False,True,흡연,4,2026-06-23 14:13:00
M769,남성,26,36,177,187,3300,무관,부산|울산|경기|세종,False,불교,False,False,False,종교 불일치|장거리,2,2026-05-13 16:30:00
M770,여성,23,32,160,169,7800,석사,서울,False,무교,True,True,False,흡연,3,2026-03-28 13:05:00
M771,여성,27,43,159,178,11300,학사,부산,False,무관,False,True,False,,1,2026-06-18 17:59:00
M772,남성,25,41,176,192,4500,학사,전남,False,무교,False,True,False,재혼,2,2026-04-07 16:07:00
M773,남성,25,37,169,188,9900,석사,경기,True,무교,False,True,False,,3,2026-06-27 11:48:00
M774,여성,25,33,162,169,7400,학사,인천|울산|충남|경남,False,무관,False,False,False,흡연,4,2026-03-05 12:33:00
M775,남성,34,44,172,183,4900,학사,부산|강원|전남|경북,True,무관,True,True,True,종교 불일치|재혼,2,2026-04-08 10:39:00
M776,남성,25,37,168,191,5300,무관,광주|경남|전북,False,불교,False,True,False,,2,2026-04-10 17:20:00
M777,여성,24,40,153,170,10500,학사,강원|경남,True,무관,True,True,True,흡연,1,2026-05-09 13:00:00
M778,여성,26,42,162,168,5000,학사,대전|강원|대구,False,무관,True,True,False,,3,2026-04-30 09:45:00
M779,여성,29,39,162,172,7700,무관,대구,True,무관,False,True,True,,2,2026-06-16 13:18:00
M780,여성,25,33,155,177,2800,학사,경남,False,무관,True,False,True,,4,2026-03-28 20:00:00
M781,여성,31,41,164,176,6500,무관,전북,False,무관,True,False,True,,2,2026-04-23 12:43:00
M782,남성,35,45,180,193,6100,학사,경기|충북,False,무관,False,True,False,종교 불일치,2,2026-04-12 12:05:00
M783,여성,29,35,157,176,8400,무관,서울,True,무관,False,True,True,,2,2026-03-23 17:03:00
M784,남성,23,33,169,190,4900,학사,충남,True,무교,True,False,True,,1,2026-03-14 10:52:00
M785,여성,30,40,152,179,4700,학사,충남|대전|부산|대구,True,무관,True,False,False,,1,2026-04-15 20:35:00
M786,여성,29,45,163,167,3100,학사,부산|광주|세종|충남,False,무관,True,True,False,,4,2026-05-12 18:17:00
M787,여성,23,31,152,180,7500,무관,서울,False,무교,False,False,False,흡연|종교 불일치,3,2026-04-23 17:26:00
M788,여성,30,42,159,178,6500,전문학사,부산,False,무관,True,True,False,,3,2026-03-25 13:32:00
M789,남성,33,45,177,185,5400,무관,충북|경기,False,불교,True,True,True,종교 불일치,2,2026-03-13 16:06:00
M790,남성,32,42,173,193,5600,전문학사,서울|경북,True,무관,False,False,True,흡연|종교 불일치,2,2026-05-06 10:33:00
M791,남성,40,50,175,181,4300,전문학사,경기,False,무관,False,False,False,흡연|장거리,5,2026-06-13 15:36:00
M792,여성,23,37,159,179,7900,무관,세종,True,무교,False,False,False,,5,2026-04-25 17:19:00
M793,남성,32,44,169,188,4900,학사,울산|충북|서울,True,무교,True,True,False,흡연|장거리,1,2026-06-11 11:41:00
M794,여성,23,29,154,177,8000,전문학사,광주,False,무관,True,False,False,,1,2026-04-14 16:47:00
M795,남성,31,39,177,181,4100,학사,경기|제주,False,천주교,True,True,True,흡연,3,2026-05-11 13:02:00
M796,남성,29,39,177,195,3200,무관,전북,False,무관,True,True,False,흡연,5,2026-05-13 14:28:00
M797,남성,36,48,177,190,6500,석사,충남,True,무관,False,True,False,,5,2026-04-26 11:04:00
M798,여성,24,34,154,175,4900,학사,대구,False,무관,False,False,False,,3,2026-04-27 18:06:00
M799,여성,25,37,159,174,3700,석사,전남|세종|제주,False,기독교,False,False,True,흡연|재혼,5,2026-06-13 11:01:00
M800,여성,23,38,154,169,4000,학사,경북,False,무관,True,True,False,,3,2026-05-24 11:20:00
M801,여성,23,36,152,176,7200,학사,서울|충북|전북,True,무교,False,True,False,,5,2026-03-27 12:19:00
M802,남성,46,52,169,185,10500,학사,충북|대구|광주,False,무교,False,True,True,흡연|종교 불일치|장거리,3,2026-05-30 09:02:00
M803,여성,32,44,162,169,8000,학사,충북,True,무관,True,False,False,흡연|장거리|재혼,4,2026-04-22 19:43:00
M804,남성,26,42,173,186,4600,학사,경남,False,무관,False,False,False,,3,2026-05-19 18:53:00
M805,남성,39,49,171,188,9300,무관,대구|경남|충북|울산,True,무교,True,True,False,흡연,2,2026-04-22 20:16:00
M806,여성,28,34,165,174,9900,무관,서울,True,무관,True,False,False,종교 불일치|재혼,4,2026-04-10 11:47:00
M807,여성,29,45,163,172,5800,석사,부산,False,무관,False,True,False,,3,2026-05-12 16:09:00
M808,여성,29,37,158,176,9500,학사,경기,True,무교,False,True,False,,4,2026-06-02 12:31:00
M809,남성,30,38,171,181,6300,학사,충남|인천,False,무교,True,True,False,흡연,2,2026-05-01 18:57:00
M810,남성,29,37,180,192,6600,전문학사,광주,True,무관,True,False,False,,3,2026-05-01 19:55:00
M811,남성,26,32,172,181,3200,학사,경기,True,천주교,True,False,True,종교 불일치|장거리,4,2026-04-18 14:51:00
M812,남성,27,37,169,186,3600,학사,경기,False,무관,False,True,True,,4,2026-05-09 09:45:00
M813,남성,35,47,177,186,4100,학사,경기,True,무관,False,False,True,흡연|장거리,5,2026-03-04 09:46:00
M814,남성,25,37,171,184,6700,석사,경북,False,무관,False,False,True,재혼,3,2026-06-19 16:17:00
M815,남성,35,47,177,195,3300,학사,경기,False,무관,False,True,False,,2,2026-04-07 17:24:00
M816,남성,30,40,174,193,5000,학사,경남|부산|경북|서울,False,무교,False,False,False,종교 불일치|장거리,1,2026-04-30 20:06:00
M817,여성,23,33,165,175,5900,고졸,서울,True,무관,True,False,False,흡연|장거리,2,2026-06-24 16:17:00
M818,남성,34,42,171,192,10100,무관,서울,False,무관,False,False,False,흡연,2,2026-04-23 15:06:00
M819,남성,33,43,179,193,3600,전문학사,울산|전북|충남|부산,False,기독교,False,False,False,흡연|장거리,1,2026-06-23 12:48:00
M820,여성,23,30,152,174,4700,학사,경기,False,불교,False,True,True,흡연,3,2026-05-06 13:53:00
M821,남성,29,41,175,193,6500,학사,서울|경기,False,기독교,False,True,True,,3,2026-05-22 20:06:00
M822,남성,23,32,176,184,7300,학사,서울,False,무교,False,False,False,,3,2026-04-21 18:44:00
M823,남성,23,34,168,194,6500,고졸,경남,True,무교,False,True,True,흡연|장거리,4,2026-03-31 15:00:00
M824,여성,30,40,152,169,3800,학사,강원,False,무관,True,True,True,흡연,4,2026-06-04 16:00:00
M825,남성,41,51,172,191,8700,학사,경기,True,무교,True,True,False,,5,2026-03-13 17:37:00
M826,남성,35,51,170,181,7000,석사,제주|경기,False,무관,False,True,False,,3,2026-04-22 13:54:00
M827,여성,28,36,154,167,9400,학사,부산|경남,False,기독교,False,True,False,,3,2026-04-22 16:17:00
M828,남성,23,38,176,185,5900,학사,충북,False,무교,False,False,False,종교 불일치,3,2026-06-13 19:55:00
M829,남성,33,49,175,189,2500,학사,부산,False,무교,False,True,True,,5,2026-04-10 17:50:00
M830,여성,27,35,158,179,7300,무관,서울,True,무교,True,False,True,장거리,1,2026-03-04 11:43:00
M831,남성,32,42,174,182,6800,전문학사,대구,False,기독교,False,True,False,,3,2026-04-02 15:31:00
M832,여성,23,29,151,167,6000,학사,전남,False,무관,True,False,False,흡연|종교 불일치,3,2026-06-06 13:54:00
M833,남성,25,35,174,181,8300,학사,충남|충북,False,무관,False,False,True,흡연|장거리,1,2026-04-14 10:46:00
M834,남성,33,43,176,195,9700,전문학사,제주|경기|충북|부산,False,무관,False,False,False,,5,2026-06-03 15:21:00
M835,여성,25,31,162,174,12200,무관,전남,True,무교,True,True,False,,1,2026-04-27 18:20:00
M836,여성,25,33,156,182,4500,무관,충남|대구,False,무관,True,True,True,흡연,3,2026-06-01 18:22:00
M837,여성,27,37,155,167,6400,무관,경북|부산,False,무교,False,False,False,종교 불일치,2,2026-06-22 17:54:00
M838,남성,30,36,178,192,12600,학사,서울,False,불교,False,False,False,흡연|장거리,4,2026-05-30 09:25:00
M839,여성,35,45,159,168,6400,무관,울산,True,무관,False,True,False,종교 불일치,1,2026-04-28 18:10:00
M840,여성,24,32,157,167,6300,학사,대전|광주|충북|서울,True,무관,False,True,False,,4,2026-03-20 17:06:00
M841,남성,38,46,168,187,5300,전문학사,대전|전남,False,천주교,False,False,False,,5,2026-05-17 13:29:00
M842,여성,35,47,158,170,4500,학사,인천,False,무교,True,True,True,흡연|종교 불일치,3,2026-05-26 14:30:00
M843,여성,35,47,157,169,9000,학사,경남,False,무관,True,True,False,,1,2026-05-27 18:28:00
M844,남성,40,48,180,184,6400,무관,울산,False,천주교,False,False,False,장거리,4,2026-06-07 15:57:00
M845,남성,28,36,171,182,3800,학사,경기|세종|전남,False,천주교,False,False,False,흡연|종교 불일치,5,2026-05-17 18:16:00
M846,여성,35,41,162,171,4500,무관,대구|부산,True,무관,False,False,False,흡연|장거리,3,2026-04-21 17:45:00
M847,남성,30,40,171,184,7100,석사,경북|인천,True,무관,False,False,False,,3,2026-03-05 09:21:00
M848,여성,33,49,158,181,11700,학사,경기|광주,False,무관,False,True,False,흡연|종교 불일치,2,2026-06-13 10:39:00
M849,남성,38,48,170,185,7800,학사,경남|대전,False,무관,True,False,True,종교 불일치|재혼,1,2026-04-24 13:13:00
M850,여성,29,35,152,167,8200,학사,전남|경북|인천|울산,False,무관,False,True,True,,1,2026-03-23 16:26:00
M851,남성,29,37,170,185,5300,학사,서울|경기,False,무관,False,False,True,,5,2026-04-25 12:05:00
M852,여성,35,43,153,166,5700,학사,경기,False,불교,True,False,False,장거리,1,2026-03-04 10:48:00
M853,여성,28,38,164,177,3400,학사,세종,False,무관,False,False,False,흡연,3,2026-04-11 19:54:00
M854,여성,28,38,160,170,4300,학사,광주,False,무관,False,False,False,장거리,1,2026-03-07 15:43:00
M855,여성,38,44,151,177,4100,무관,부산|제주,False,무교,True,False,False,흡연,5,2026-06-28 14:06:00
M856,남성,32,48,180,186,6500,학사,대구|제주|부산|경기,False,무교,False,True,True,장거리,5,2026-06-07 19:17:00
M857,여성,31,41,150,173,9300,석사,서울,False,무교,True,False,False,,2,2026-05-01 17:44:00
M858,여성,23,35,151,178,8600,무관,인천,True,천주교,False,False,True,장거리,3,2026-05-16 15:30:00
M859,여성,23,29,165,182,4400,학사,서울,True,무관,True,True,False,흡연,1,2026-04-14 19:42:00
M860,여성,29,37,158,175,3800,학사,대전,False,무관,False,True,True,재혼,4,2026-03-10 13:19:00
M861,여성,30,40,163,180,8800,학사,광주,True,무관,False,True,True,,5,2026-03-01 20:38:00
M862,남성,42,52,168,194,8000,학사,경기,False,무관,False,True,True,흡연|장거리,1,2026-06-22 17:18:00
M863,남성,30,42,175,181,4700,무관,울산|강원,True,무교,True,True,False,,5,2026-05-31 12:44:00
M864,여성,23,29,154,179,7800,무관,부산|대전|강원,True,무관,True,False,True,흡연|종교 불일치,5,2026-04-25 12:19:00
M865,남성,27,39,168,194,8400,전문학사,서울,False,무관,True,True,True,흡연|장거리,1,2026-03-21 13:25:00
M866,남성,26,36,180,192,6500,학사,울산,False,무관,False,True,False,,5,2026-04-11 16:22:00
M867,여성,38,48,159,174,8400,학사,대구,False,무관,True,False,False,,3,2026-05-18 18:44:00
M868,남성,37,49,174,183,7800,학사,대구,True,무관,True,True,True,종교 불일치,4,2026-05-24 19:36:00
M869,여성,23,35,156,174,2500,무관,경기,True,무관,False,False,False,흡연|종교 불일치,5,2026-04-17 09:07:00
M870,남성,27,39,177,186,4900,무관,충남,False,무관,False,False,False,,4,2026-03-31 16:17:00
M871,여성,27,43,164,171,5300,학사,강원,False,무관,True,True,False,,2,2026-03-20 18:57:00
M872,남성,36,44,169,188,6100,무관,전북,False,무관,False,True,True,흡연,3,2026-05-08 20:47:00
M873,남성,27,37,170,181,7800,학사,경기,False,무관,False,False,True,흡연,2,2026-05-01 17:33:00
M874,여성,34,46,161,173,5800,학사,서울,True,불교,False,True,True,흡연|장거리,1,2026-06-18 13:46:00
M875,남성,23,32,175,185,3000,학사,대전|경기|세종|강원,False,무관,False,False,True,,4,2026-06-12 09:57:00
M876,남성,30,38,177,181,9000,고졸,서울|전남|충남,True,무관,True,False,True,재혼,1,2026-04-20 09:39:00
M877,여성,30,40,164,179,4100,학사,경기,False,불교,False,False,True,종교 불일치,5,2026-03-19 13:13:00
M878,여성,28,36,160,178,5700,고졸,서울,True,무교,False,False,True,흡연,2,2026-04-18 17:14:00
M879,남성,40,52,177,181,4400,석사,세종|인천|전남,False,무교,True,False,False,흡연,1,2026-06-19 18:57:00
M880,여성,26,36,155,173,2500,학사,인천,False,무관,True,False,False,종교 불일치,2,2026-03-12 10:54:00
M881,여성,46,56,156,181,7800,무관,서울,False,기타,False,False,False,,3,2026-03-11 09:27:00
M882,여성,24,36,152,182,5900,학사,경북|인천|대구,False,무관,False,False,False,,1,2026-06-22 17:35:00
M883,여성,23,28,163,180,5800,전문학사,충북,True,무관,True,True,True,장거리|재혼,1,2026-03-04 16:00:00
M884,남성,28,38,170,191,2500,전문학사,경기,False,무교,True,True,False,,3,2026-03-12 10:12:00
M885,남성,39,51,174,184,5500,전문학사,대구,True,무관,True,False,False,종교 불일치|장거리,3,2026-05-07 13:30:00
M886,남성,25,35,173,194,2500,학사,제주,False,불교,False,False,False,,3,2026-05-21 20:52:00
M887,남성,25,37,177,194,3000,무관,인천|대전|경기|전남,True,기독교,False,False,False,흡연|장거리,1,2026-04-01 18:26:00
M888,남성,34,46,172,183,7100,무관,광주|경북|경기|세종,False,무교,True,False,True,장거리,4,2026-06-16 17:53:00
M889,여성,29,37,164,170,3200,학사,제주|충북,False,기독교,False,False,False,,4,2026-05-24 13:11:00
M890,남성,36,46,169,181,3900,학사,부산|경기,False,무관,False,False,False,,4,2026-05-27 12:26:00
M891,여성,38,50,156,171,4700,전문학사,충남|서울,False,기타,True,False,True,,1,2026-04-09 14:50:00
M892,여성,30,46,160,172,2500,학사,충남,True,무교,False,False,False,흡연|재혼,4,2026-06-23 17:28:00
M893,여성,33,45,150,178,3300,학사,경기|인천,False,무관,False,True,False,종교 불일치,4,2026-06-16 13:31:00
M894,남성,29,45,174,189,4100,학사,부산|경북|전남|세종,False,기독교,True,False,False,흡연,4,2026-05-08 16:41:00
M895,여성,28,44,160,170,6000,무관,경기|충남|서울|충북,True,무교,True,True,True,,2,2026-03-20 20:13:00
M896,여성,23,32,158,167,4200,무관,경기|서울|강원,False,무관,False,False,False,종교 불일치,4,2026-06-14 16:27:00
M897,남성,34,42,170,183,4700,학사,경남|대전|광주,False,무관,False,True,False,,4,2026-03-17 16:48:00
M898,남성,33,43,174,187,3700,학사,서울,True,무교,False,False,True,재혼,4,2026-06-08 11:58:00
M899,남성,23,34,176,184,6100,전문학사,대구|경남,False,무교,False,True,False,재혼,4,2026-03-30 15:32:00
M900,여성,27,43,156,176,,전문학사,서울,True,불교,True,False,False,,1,2026-04-16 15:56:00
M901,여성,35,51,155,177,3000,학사,세종|대전|제주|경기,True,불교,True,False,False,장거리,3,2026-03-01 12:16:00
M902,남성,36,44,174,184,6100,무관,제주|부산|충남,True,무교,False,True,True,종교 불일치,5,2026-03-30 20:27:00
M903,남성,38,46,174,183,3800,학사,강원,False,무관,False,False,False,장거리,1,2026-03-18 20:18:00
M904,여성,35,47,162,178,8300,학사,대구,False,무관,False,False,True,종교 불일치|장거리,5,2026-03-24 19:31:00
M905,여성,30,46,158,178,5400,학사,대구,False,불교,False,False,False,종교 불일치,2,2026-03-31 15:38:00
M906,남성,35,45,173,182,5000,석사,경기|광주|인천,False,기독교,True,True,False,흡연|장거리,1,2026-06-26 10:41:00
M907,남성,29,39,174,190,2500,무관,서울|경기,True,무관,False,False,True,재혼,4,2026-05-31 09:34:00
M908,남성,38,48,178,193,7200,학사,경남,False,무교,False,False,False,,3,2026-06-01 18:47:00
M909,여성,40,31,162,174,8500,무관,경기,False,무관,False,True,False,장거리|재혼,1,2026-04-04 17:10:00
M910,남성,39,47,169,189,7600,학사,경기,False,무관,False,True,True,,4,2026-06-02 19:05:00
M911,여성,31,39,161,175,5500,무관,서울|전남,True,무관,False,True,True,,2,2026-06-07 09:02:00
M912,여성,34,44,154,168,2600,학사,경기,False,무관,True,False,False,,3,2026-03-06 10:32:00
M913,남성,30,46,179,194,3100,학사,서울|인천|전북,False,무관,False,False,False,,4,2026-05-19 19:06:00
M914,여성,33,39,151,181,6300,학사,세종,False,무관,False,True,False,흡연|장거리,5,2026-05-14 11:14:00
M915,여성,39,45,158,170,7800,무관,경북,False,무관,False,False,True,종교 불일치,4,2026-05-23 17:08:00
M916,여성,23,30,155,173,2500,무관,세종,False,무관,False,False,True,흡연|종교 불일치,5,2026-05-17 18:02:00
M917,여성,35,47,154,169,7900,무관,서울,False,천주교,False,True,True,흡연|종교 불일치,4,2026-04-03 09:30:00
M918,남성,32,44,179,188,5100,석사,경기|대구,False,무관,False,False,False,흡연,5,2026-05-11 20:30:00
M919,여성,23,29,160,170,4400,무관,서울|대구|울산,True,무교,False,True,False,흡연|종교 불일치,5,2026-04-10 17:38:00
M920,여성,28,34,162,168,7600,학사,경남|경북|인천|세종,True,무교,False,True,False,,4,2026-05-25 11:01:00
M921,여성,32,42,153,172,3200,학사,서울,False,기독교,False,False,True,,5,2026-03-30 18:00:00
M922,남성,40,48,177,184,2500,무관,충남|대구|강원,False,무관,False,False,False,종교 불일치,5,2026-04-22 20:58:00
M923,남성,23,31,169,194,8000,학사,대전|광주|세종,False,무관,True,True,False,,4,2026-05-11 14:55:00
M924,남성,28,40,177,183,10500,학사,세종|울산|서울|전북,False,무관,False,True,False,흡연,4,2026-06-14 15:45:00
M925,여성,31,41,150,166,3300,학사,대전|전북|전남|제주,True,무관,True,False,False,흡연|종교 불일치,4,2026-04-05 14:31:00
M926,남성,23,29,180,188,3200,전문학사,대구|전북|경북,False,기타,True,False,False,흡연,2,2026-03-02 15:42:00
M927,남성,28,38,169,185,6300,학사,대구,False,무관,True,False,True,종교 불일치,3,2026-06-26 19:13:00
M928,여성,28,40,162,182,5800,전문학사,광주|울산,False,무교,False,False,False,종교 불일치,5,2026-05-07 12:34:00
M929,여성,34,46,151,167,5800,학사,경기,False,무교,True,False,False,,4,2026-04-20 13:43:00
M930,남성,35,45,172,181,8900,학사,서울|세종,False,불교,False,True,True,흡연|종교 불일치,5,2026-04-12 14:08:00
M931,여성,23,28,158,175,3600,학사,서울,False,기타,False,False,True,흡연,3,2026-04-23 18:16:00
M932,남성,39,47,180,182,4900,무관,광주|충북,False,기독교,True,False,True,,2,2026-05-13 18:54:00
M933,남성,35,47,172,190,3200,전문학사,부산,True,불교,False,True,False,종교 불일치,1,2026-03-18 15:16:00
M934,남성,31,41,180,187,7300,학사,제주|부산|서울,True,기독교,False,False,True,,1,2026-05-26 14:47:00
M935,남성,38,44,173,183,3800,전문학사,전남,True,무관,False,False,False,,2,2026-04-20 10:01:00
M936,남성,23,34,177,189,5000,학사,광주|강원|세종,False,무관,True,False,False,재혼,1,2026-03-01 10:26:00
M937,남성,27,37,170,181,6100,학사,경기,True,무교,False,False,False,흡연|종교 불일치,2,2026-04-06 10:44:00
M938,남성,36,46,179,195,11700,전문학사,경기|대구,True,무관,False,True,False,재혼,4,2026-04-09 15:27:00
M939,여성,27,39,156,174,4800,학사,세종,False,무관,False,False,False,,5,2026-04-11 12:43:00
M940,남성,25,35,174,188,7300,전문학사,충북,False,천주교,True,True,False,흡연,5,2026-05-01 17:18:00
M941,남성,29,41,171,182,6800,전문학사,부산,False,무관,False,False,False,,2,2026-05-02 17:11:00
M942,남성,33,41,177,185,5400,학사,충북|대구|충남,True,무교,True,False,True,흡연|장거리,5,2026-03-12 15:20:00
M943,여성,23,27,164,173,6500,전문학사,서울|충남,False,무관,False,True,True,흡연,3,2026-06-18 15:04:00
M944,남성,40,50,174,194,6900,학사,서울|충남|전남,True,무교,False,False,True,흡연,5,2026-05-25 12:39:00
M945,남성,34,46,171,181,9600,석사,경기|광주|강원,True,기독교,False,False,False,,5,2026-04-29 10:10:00
M946,남성,43,51,170,190,5900,학사,대구,True,무관,False,True,False,종교 불일치,3,2026-06-08 13:11:00
M947,남성,33,41,172,181,8500,학사,경기,False,무관,False,False,True,,2,2026-05-17 16:44:00
M948,남성,26,32,173,192,5700,학사,서울|충남,True,천주교,True,True,True,,2,2026-04-21 10:58:00
M949,여성,33,49,151,177,9200,학사,서울,False,무관,False,False,False,흡연|장거리,4,2026-06-05 11:21:00
M950,남성,40,52,178,181,9000,학사,경기,False,무관,False,True,False,재혼,2,2026-04-01 15:49:00
M951,남성,23,34,171,185,3900,학사,서울,False,무교,False,True,False,,4,2026-04-16 11:07:00
M952,남성,39,49,178,193,4900,전문학사,경기,True,무교,False,True,False,흡연,5,2026-05-29 13:56:00
M953,여성,32,42,157,178,3600,무관,대구,False,무관,True,True,False,흡연,4,2026-03-13 14:16:00
M954,여성,31,47,157,172,14000,무관,서울,False,무관,False,False,False,장거리,5,2026-03-08 14:41:00
M955,남성,34,44,175,187,4900,학사,대구,False,무관,False,True,False,종교 불일치,4,2026-06-26 17:34:00
M956,남성,37,45,180,195,3900,고졸,경기,False,무관,False,True,False,,5,2026-05-23 18:33:00
M957,여성,29,39,163,181,5500,무관,경남,False,기독교,False,True,True,장거리,2,2026-03-22 11:40:00
M958,남성,34,46,179,190,5300,전문학사,경북,False,불교,False,False,True,,5,2026-05-15 15:07:00
M959,남성,23,31,178,188,6300,학사,서울,False,무교,False,True,True,,2,2026-06-26 13:35:00
M960,남성,35,43,179,192,5200,학사,경기|서울,False,무관,False,False,True,,5,2026-03-02 20:49:00
M961,여성,30,40,152,176,5900,학사,서울,True,무관,False,False,False,,2,2026-05-18 18:31:00
M962,여성,46,54,152,177,5500,학사,서울,False,무관,False,True,False,종교 불일치,4,2026-06-10 15:01:00
M963,남성,32,42,170,191,6600,학사,강원|경북|충남,True,무관,False,False,False,,1,2026-05-25 11:26:00
M964,여성,34,40,152,173,3800,무관,서울,False,무관,True,True,False,,4,2026-03-21 12:38:00
M965,여성,28,40,155,169,4000,학사,서울,False,무관,False,False,False,흡연,3,2026-04-14 12:42:00
M966,여성,31,41,160,174,6300,학사,경기,False,무관,False,True,False,,1,2026-04-10 17:39:00
M967,여성,33,39,152,181,6700,학사,전북,True,무교,True,True,True,,5,2026-03-08 14:44:00
M968,남성,36,48,171,186,6300,무관,서울,True,무관,True,True,False,재혼,3,2026-04-22 15:10:00
M969,여성,29,45,156,177,7500,학사,인천,False,무관,False,True,False,,2,2026-06-08 18:57:00
M970,여성,30,36,154,178,7100,학사,경기|대구|경북,False,무관,False,False,True,장거리,2,2026-03-17 10:12:00
M971,남성,37,45,173,193,3900,학사,부산,False,무관,False,False,True,종교 불일치,4,2026-04-29 09:28:00
M972,여성,24,40,161,170,7600,무관,울산|전남|경북|대전,True,불교,True,True,False,,5,2026-06-21 19:48:00
M973,남성,40,52,175,181,9900,전문학사,경기|부산,True,무교,False,True,True,,2,2026-04-27 16:19:00
M974,남성,36,44,173,186,4300,학사,인천|대구,True,무관,False,True,False,,4,2026-05-31 09:59:00
M975,남성,34,40,172,194,4000,학사,대전,True,무관,False,True,False,장거리,3,2026-03-05 19:09:00
M976,여성,35,41,157,173,8400,학사,울산|광주|충북|부산,True,무교,False,True,False,종교 불일치,4,2026-04-30 15:16:00
M977,남성,32,42,170,189,7300,무관,경기,True,무관,True,False,True,흡연|장거리,5,2026-03-10 18:36:00
M978,여성,28,34,151,171,3600,무관,경기,False,무교,False,False,True,,2,2026-06-08 12:32:00
M979,여성,34,50,165,172,7600,무관,서울,False,무관,False,False,True,,5,2026-03-13 18:11:00
M980,남성,28,36,174,193,7200,무관,경북|서울|세종,False,무관,True,False,False,종교 불일치|장거리,5,2026-05-27 15:38:00
M981,여성,30,42,158,170,2500,학사,서울,True,불교,True,True,True,종교 불일치,3,2026-05-18 11:52:00
M982,여성,39,47,152,182,4000,무관,부산,True,무관,False,False,True,종교 불일치,4,2026-06-28 12:06:00
M983,남성,36,44,174,188,6900,전문학사,서울,True,천주교,True,True,True,,1,2026-04-09 19:41:00
M984,여성,23,36,159,173,4700,무관,서울|부산|충북,False,무관,False,True,False,,4,2026-03-05 09:12:00
M985,남성,29,41,174,194,4100,학사,대구|대전,True,무관,True,False,False,흡연|장거리,2,2026-06-17 18:13:00
M986,여성,30,42,159,178,8100,무관,서울,True,기독교,False,True,False,종교 불일치,2,2026-06-01 18:39:00
M987,남성,25,37,174,189,8400,학사,제주,False,무관,False,True,True,,4,2026-03-16 18:31:00
M988,여성,23,37,154,173,12900,학사,충북,True,무관,False,False,False,흡연|장거리,5,2026-06-26 14:07:00
M989,남성,27,37,172,187,4500,학사,인천,False,무관,False,False,True,,2,2026-06-10 12:07:00
M990,여성,30,36,154,180,5300,석사,서울,False,무관,False,True,True,흡연|장거리,3,2026-06-05 12:22:00
M991,남성,23,28,168,194,9800,무관,강원|세종|광주|경기,False,무관,False,False,False,흡연,1,2026-05-07 11:30:00
M992,여성,25,41,160,178,5500,전문학사,인천,False,무교,False,True,True,,4,2026-03-18 20:07:00
M993,남성,29,41,176,195,7200,학사,서울,True,무관,False,False,False,,3,2026-04-28 18:06:00
M994,여성,27,39,162,168,9600,학사,제주|세종|경기|대구,False,무교,False,False,False,흡연|장거리,4,2026-05-03 09:13:00
M995,남성,34,46,180,192,8100,학사,서울,False,천주교,False,False,False,흡연|종교 불일치|재혼,2,2026-04-26 10:44:00
M996,여성,36,44,157,179,7000,무관,인천|광주|부산,True,무교,True,True,True,,4,2026-05-11 19:32:00
M997,여성,25,31,160,168,2500,학사,경남,False,무관,False,False,True,종교 불일치|장거리|재혼,1,2026-05-23 12:16:00
M998,여성,28,40,150,175,7800,석사,울산|대전,False,무관,True,False,False,,1,2026-05-04 15:52:00
M999,여성,27,39,158,173,3000,학사,제주,False,무관,True,False,False,흡연,2,2026-03-01 18:29:00
M1000,여성,36,46,164,176,7200,학사,충남|광주|대구|서울,True,기독교,True,True,False,장거리,3,2026-03-09 12:01:00
