table_name,column_name,korean_name,meaning,dtype_clean,unit_or_values,recommended_week_lesson,teaching_use,sensitivity
members,member_id,회원 ID,회원 한 명을 구분하는 합성 식별자,string,M001 형식,1주 1교시,list·dict·merge의 공통 키,식별
members,name,이름,수업용 합성 이름이며 실제 인물이 아님,string,합성 한글 이름,1주 1교시,list 정렬·출력,개인
members,gender,성별,회원이 등록한 성별,category,남성/여성,1주 1교시,범주형 자료 이해,민감
members,age,나이,기준일의 만 나이,integer,세,1주 1~7교시,조건·집계·수치 전처리,개인
members,residence_region,거주 지역,현재 거주 광역 지역,category,서울/경기 등,1주 4~6교시,표기 통일·groupby·선호지역 비교,개인
members,occupation_type,직업 유형,직업을 넓은 유형으로 분류한 값,category,전문직/대기업/IT 등,1주 4~7교시,value_counts·OneHotEncoder,개인
members,annual_income_10k_krw,연소득,회원의 연간 소득,integer,만원,1주 1~7교시,type·정렬·결측·스케일링,민감
members,membership_tier,회원권 등급,서비스 이용 요금제,category,베이직/프리미엄/VIP,1~3주,groupby·대시보드 필터,업무
members,signup_datetime,가입일시,서비스에 가입한 날짜와 시각,datetime,YYYY-MM-DD HH:MM:SS,1주 4~6교시,to_datetime·dt,업무
members,signup_channel,가입 경로,회원이 유입된 채널,category,검색광고/지인추천/행사/SNS/제휴,1~3주,인코딩·대시보드,업무
members,profile_completion_rate,프로필 완성도,필수 프로필 항목 입력 비율,integer,0~100%,1~3주,파생변수·스케일링·PCA,업무
members,profile_status,프로필 상태,완성도에 따른 상태 범주,category,완료/작성 중/미완료,1주,조건문·파생열,업무
members,is_active,활성 회원 여부,최근 활동 기준 활성 상태,boolean,True/False,1주,조건 필터,업무
members,recommendation_response_rate_prior,이전 추천 응답률,목표기간 이전 추천에 응답한 비율,float,0~1,1~3주,결측치·스케일링·PCA,업무
members,consultation_count_prior,이전 상담 횟수,목표기간 이전 상담 완료 횟수,integer,회,1~3주,집계·PCA,업무
members,login_week1,1주차 로그인일,6월 첫째 주 로그인한 날짜 수,integer,일,1주 3교시,NumPy 2차원 배열,업무
members,login_week2,2주차 로그인일,6월 둘째 주 로그인한 날짜 수,integer,일,1주 3교시,NumPy 2차원 배열,업무
members,login_week3,3주차 로그인일,6월 셋째 주 로그인한 날짜 수,integer,일,1주 3교시,NumPy 2차원 배열,업무
members,login_week4,4주차 로그인일,6월 나머지 기간 로그인한 날짜 수,integer,일,1주 3교시,NumPy 2차원 배열,업무
members,profile_views_30d,30일 프로필 조회 수,6월 한 달 동안 다른 프로필을 본 횟수,integer,회,1~3주,집계·스케일링·PCA,업무
members,meeting_scheduled,만남 일정 예정 여부,7월 추천 중 회원이 제안자였던 만남 일정이 하나 이상 예정되었는지,boolean,True/False,1주 6~8교시,목표값 y·stratify,업무
