member_id,name,gender,age,residence_region,occupation_type,annual_income_10k_krw,membership_tier,signup_datetime,signup_channel,profile_completion_rate,profile_status,is_active,login_week1,login_week2,login_week3,login_week4,profile_views_30d,recommendation_response_rate_prior,consultation_count_prior,meeting_scheduled
M001,김철수,남성,38,서울 ,대기업,8000,프리미엄,2025-02-07 20:53:00,검색광고,65,작성 중,True,2,3,2,1,45,0.46,1,False
M002,이영희,여성,34,경기,금융,6500,프리미엄,2024-05-25 20:19:00,SNS,84,작성 중,False,1,0,1,0,8,0.18,0,False
M003,박민수,남성,36,인천,전문직,8000,베이직,2025-11-25 18:33:00,제휴,82,작성 중,True,1,2,4,3,56,0.66,4,True
M004,최하늘,여성,31,부산,교직,7200,베이직,2024-06-22 09:44:00,제휴,55,미완료,False,1,0,0,1,5,0.44,2,False
M005,서하준,남성,40,seoul,IT,8200,베이직,2024-08-26 10:25:00,검색광고,92,완료,True,1,2,3,2,47,0.46,5,False
M006,오준서,남성,49,경기,금융,11200,VIP,2025-05-20 16:37:00,오프라인행사,72,작성 중,False,1,0,1,1,12,0.25,0,True
M007,김은서,여성,32,전북,중소기업,5900,베이직,2024-01-29 17:16:00,검색광고,80,작성 중,True,1,1,2,2,36,0.98,3,True
M008,장민준,남성,25,울산,중소기업,3600,프리미엄,2025-07-29 09:12:00,지인추천,89,완료,True,1,1,3,1,39,0.36,2,False
M009,임지아,여성,37,경기,자영업,7700,프리미엄,2024-07-06 12:42:00,SNS,100,완료,True,2,2,1,6,65,0.56,6,True
M010,조하윤,여성,48, Seoul,공무원,5100,프리미엄,2024-02-21 11:34:00,검색광고,88,완료,True,5,1,4,3,71,0.51,3,True
M011,조민준,남성,26,서울,연구직,6900,프리미엄,2026-04-07 16:54:00,검색광고,83,작성 중,False,0,1,1,1,8,0.02,0,False
M012,임은서,여성,42,서울,IT,8300,베이직,2024-07-22 19:49:00,오프라인행사,76,작성 중,False,0,1,0,1,1,0.4,0,True
M013,조하준,남성,40,경기,공무원,6600,프리미엄,2024-07-25 12:02:00,지인추천,71,작성 중,True,2,0,2,1,32,0.59,2,False
M014,권지훈,남성,40,강원,중소기업,6500,베이직,2024-06-09 17:10:00,검색광고,95,완료,True,4,3,2,2,88,0.51,2,True
M015,김유진,여성,28,경남,중견기업,5500,베이직,2026-02-28 13:52:00,제휴,66,작성 중,True,3,2,0,5,64,0.6,3,True
M016,류민준,남성,31,서울,IT,5200,프리미엄,2026-03-23 13:53:00,제휴,87,완료,False,1,0,0,0,4,0.35,0,False
M017,신예은,여성,33,부산,연구직,4900,베이직,2025-10-21 19:52:00,오프라인행사,84,작성 중,True,3,2,1,3,59,0.42,0,True
M018,안민재,남성,42,경기,중견기업,9700,프리미엄,2024-11-29 16:22:00,지인추천,78,작성 중,True,3,2,4,2,65,0.41,2,False
M019,류지우,여성,30,인천,공기업,8100,베이직,2024-06-06 18:04:00,SNS,94,완료,True,4,4,3,2,85,0.36,3,True
M020,한지호,남성,40,전남,IT,8400,베이직,2025-12-02 20:34:00,지인추천,89,완료,False,2,0,0,0,6,0.54,2,True
M021,김도현,남성,38,경기,대기업,8900,프리미엄,2026-01-26 17:18:00,오프라인행사,82,작성 중,True,4,2,3,3,73,0.5,4,True
M022,이지우,여성,26,경기,공기업,4800,프리미엄,2025-11-28 15:16:00,지인추천,84,작성 중,True,1,2,1,3,57,0.59,3,False
M023,류하준,남성,30,울산,IT,5600,베이직,2024-10-15 14:07:00,SNS,77,작성 중,True,3,3,3,1,60,0.47,2,False
M024,오다은,여성,35,경기,공기업,6300,베이직,2024-12-25 19:48:00,지인추천,84,작성 중,False,0,0,0,0,0,0.37,0,False
M025,안지훈,남성,39,강원,연구직,6800,프리미엄,2025-03-31 14:50:00,SNS,84,작성 중,True,3,4,4,6,94,0.4,0,False
M026,박수아,여성,35,서울,전문직,12600,베이직,2024-07-18 16:51:00,검색광고,74,작성 중,True,3,2,1,2,52,0.43,1,True
M027,홍지아,여성,47,서울,중소기업,2600,베이직,2025-12-08 20:35:00,오프라인행사,100,완료,True,2,3,0,2,62,0.4,4,False
M028,오수아,여성,37,서울,중견기업,8100,베이직,2024-03-14 11:29:00,지인추천,67,작성 중,True,3,0,2,1,39,0.6,1,True
M029,신정우,남성,31,대전,IT,7700,베이직,2025-05-03 20:28:00,오프라인행사,86,완료,True,4,3,4,2,82,0.73,3,False
M030,윤시우,남성,31,서울,교직,8800,베이직,2025-07-12 19:23:00,SNS,77,작성 중,True,1,1,1,2,40,0.34,1,False
M031,장민서,여성,41,경기,중견기업,8300,프리미엄,2024-03-18 19:01:00,SNS,72,작성 중,True,2,2,1,4,48,0.69,1,False
M032,홍다은,여성,39,경기,중견기업,,베이직,2024-08-09 13:06:00,검색광고,91,완료,True,3,2,3,6,81,0.34,3,True
M033,류민재,남성,37,경기,대기업,9500,프리미엄,2025-09-01 16:39:00,지인추천,98,완료,True,3,5,1,4,99,0.78,4,False
M034,오우진,남성,34,전북,전문직,12900,프리미엄,2024-02-05 18:04:00,검색광고,76,작성 중,True,4,2,1,1,40,0.64,2,True
M035,오지호,남성,33,부산,대기업,8300,프리미엄,2025-05-25 18:08:00,SNS,100,완료,True,1,1,2,4,51,0.74,2,False
M036,최준서,남성,29,서울,중견기업,6900,프리미엄,2025-03-04 15:27:00,SNS,63,작성 중,True,5,1,1,2,37,0.83,3,True
M037,김현우,남성,43,대구,공기업,8400,프리미엄,2024-11-19 12:29:00,SNS,74,작성 중,True,3,1,1,2,42,0.12,0,False
M038,윤지민,여성,36,경기,전문직,11400,프리미엄,2025-04-07 10:48:00,SNS,62,작성 중,False,0,0,0,0,0,0.11,2,True
M039,이예은,여성,25,인천,교직,5600,베이직,2024-08-10 19:17:00,제휴,69,작성 중,True,1,1,2,4,28,0.62,2,False
M040,권우진,남성,35,서울,전문직,11600,베이직,2024-02-21 11:38:00,제휴,63,작성 중,False,1,1,0,1,10,0.19,0,False
M041,홍하준,남성,30,서울,중소기업,7800,베이직,2025-09-04 13:24:00,검색광고,70,작성 중,True,2,2,1,3,61,0.02,2,True
M042,이정우,남성,39,서울,IT,9800,프리미엄,2026-02-10 10:22:00,SNS,87,완료,True,3,4,3,5,82,0.68,4,True
M043,한민준,남성,29,전북,연구직,6400,프리미엄,2025-12-17 18:16:00,검색광고,73,작성 중,True,3,1,1,3,50,0.6,1,False
M044,강윤서,여성,39,경기,중견기업,7900,프리미엄,2024-10-18 12:51:00,제휴,68,작성 중,True,3,4,2,1,49,0.23,3,False
M045,조준서,남성,36,경남,자영업,9400,베이직,2024-03-06 12:02:00,SNS,98,완료,True,2,1,2,3,58,0.65,3,True
M046,류수아,여성,39,경기,의료,11400,베이직,2024-05-02 18:18:00,오프라인행사,72,작성 중,True,2,2,1,2,47,0.63,4,True
M047,류수아,여성,34,경기,연구직,9800,베이직,2024-02-19 19:29:00,제휴,73,작성 중,False,3,1,1,1,29,0.05,0,False
M048,박도현,남성,44,경북,금융,10100,베이직,2025-10-15 13:29:00,오프라인행사,74,작성 중,True,4,2,0,4,54,,5,True
M049,윤수아,여성,34,충남,전문직,10100,프리미엄,2025-12-12 15:27:00,지인추천,79,작성 중,True,3,0,2,2,38,0.68,5,True
M050,안도현,남성,43,서울,금융,12900,프리미엄,2025-08-31 19:27:00,SNS,96,완료,True,4,3,4,5,101,0.63,1,True
M051,최서윤,여성,30,강원,공무원,6600,베이직,2025-06-07 14:52:00,지인추천,73,작성 중,True,1,2,3,3,58,0.53,4,True
M052,신채원,여성,49,인천,중견기업,7500,베이직,2026-02-04 20:46:00,검색광고,84,작성 중,True,3,3,4,2,83,0.8,2,True
M053,김지훈,남성,43,서울,중견기업,9400,베이직,2025-04-19 15:49:00,오프라인행사,98,완료,True,0,4,4,2,80,0.71,3,False
M054,조준서,남성,43,서울,연구직,11100,베이직,2024-11-21 18:30:00,지인추천,81,작성 중,True,3,3,3,1,66,0.95,1,False
M055,조서연,여성,40,서울,중견기업,5100,베이직,2025-08-04 19:18:00,SNS,82,작성 중,True,1,2,1,3,34,0.31,0,True
M056,임서윤,여성,27,부산,공무원,7700,베이직,2024-04-02 15:43:00,검색광고,71,작성 중,True,2,3,2,1,43,0.61,4,False
M057,윤지민,여성,47,경북,의료,9100,베이직,2025-04-10 10:21:00,오프라인행사,88,완료,True,3,5,4,3,109,0.72,4,True
M058,안수아,여성,36,서울,금융,9400,프리미엄,2025-12-05 19:15:00,오프라인행사,64,작성 중,False,0,0,3,0,11,0.3,0,True
M059,정지민,여성,45,경남,공무원,7600,베이직,2025-07-15 10:32:00,검색광고,100,완료,True,3,4,2,3,93,0.25,3,False
M060,송정우,남성,33,인천,프리랜서,4100,베이직,2025-02-05 11:30:00,오프라인행사,85,완료,True,4,5,2,2,70,0.91,5,True
M061,송민서,여성,31,경기,IT,10400,프리미엄,2025-11-03 18:13:00,지인추천,74,작성 중,True,1,3,1,4,43,0.37,3,False
M062,윤채원,여성,31,세종,공무원,5500,베이직,2025-05-16 09:52:00,지인추천,81,작성 중,True,2,1,3,4,68,0.59,4,False
M063,오도현,남성,38,경기,공기업,7200,베이직,2025-03-14 20:56:00,검색광고,93,완료,True,2,1,2,4,70,0.38,3,False
M064,류시우,남성,30,경기,중견기업,7600,프리미엄,2024-09-18 19:39:00,SNS,97,완료,True,2,1,3,4,74,0.78,3,True
M065,황지우,여성,39,서울,IT,8000,베이직,2024-03-02 14:33:00,오프라인행사,95,완료,True,2,3,3,3,75,0.53,1,False
M066,홍서연,여성,34,광주,중견기업,8100,프리미엄,2026-01-24 14:03:00,SNS,89,완료,False,2,0,0,0,14,0.04,1,False
M067,송예은,여성,25,경기,공기업,5000,프리미엄,2025-11-14 17:41:00,SNS,93,완료,True,2,1,4,1,55,0.23,5,False
M068,최윤서,여성,28,서울,중견기업,7200,베이직,2024-06-14 17:04:00,SNS,61,작성 중,False,1,0,0,0,6,0.35,1,False
M069,임지민,여성,33,서울,IT,8700,프리미엄,2024-08-03 09:37:00,SNS,80,작성 중,True,1,2,3,4,66,0.81,1,True
M070,최소율,여성,35,전북,교직,6300,프리미엄,2024-07-30 13:55:00,SNS,76,작성 중,True,1,2,4,2,41,0.42,3,True
M071,송지아,여성,43,경기,중소기업,4400,베이직,2025-02-15 16:06:00,검색광고,91,완료,True,3,3,4,3,76,0.51,2,False
M072,황지우,여성,35,서울,자영업,7600,베이직,2026-13-40 09:00:00,검색광고,65,작성 중,True,1,2,0,5,73,0.59,2,True
M073,류시우,남성,42,경기,IT,8400,VIP,2025-05-15 15:52:00,지인추천,58,미완료,True,2,1,3,4,61,0.82,1,True
M074,황지민,여성,35,경기,공기업,5700,베이직,2025-07-30 15:44:00,SNS,89,완료,True,2,4,1,2,68,0.87,4,True
M075,최윤서,여성,30,제주,중소기업,5400,베이직,2026-04-29 15:45:00,검색광고,100,완료,True,3,0,3,2,52,0.75,3,True
M076,송도윤,남성,35,울산,IT,7700,프리미엄,2025-10-14 17:29:00,오프라인행사,82,작성 중,True,3,1,2,4,65,0.68,1,False
M077,정지민,여성,27,대전,금융,7300,베이직,2024-02-05 12:29:00,검색광고,93,완료,True,3,2,1,3,61,0.57,3,True
M078,신준서,남성,33,대구,대기업,7700,베이직,2024-12-23 20:39:00,오프라인행사,88,완료,True,3,2,2,1,51,0.73,2,False
M079,황현우,남성,36,경기,중소기업,3600,베이직,2024-08-06 17:05:00,오프라인행사,89,완료,True,2,0,1,1,37,0.57,2,False
M080,류서준,남성,38,경기,공기업,6000,베이직,2024-07-21 18:39:00,검색광고,94,완료,True,2,4,1,3,50,0.57,3,True
M081,윤민준,남성,33,부산,공무원,5900,VIP,2025-01-07 16:59:00,제휴,89,완료,True,3,1,4,2,67,0.68,3,True
M082,강서윤,여성,40,서울,공무원,6400,프리미엄,2024-12-13 18:13:00,제휴,74,작성 중,True,1,3,2,2,38,0.59,0,True
M083,강현우,남성,34,경기,금융,8600,프리미엄,2024-11-03 10:59:00,지인추천,69,작성 중,True,1,2,1,3,30,0.63,1,True
M084,최서연,여성,28,경북,공무원,5600,프리미엄,2024-11-28 13:45:00,오프라인행사,71,작성 중,True,1,4,2,4,59,0.71,3,True
M085,윤유진,여성,38,광주,자영업,8100,베이직,2025-12-14 18:54:00,제휴,63,작성 중,True,5,1,2,2,58,0.64,2,True
M086,권수아,여성,38,대전,IT,7100,베이직,2025-07-13 13:22:00,검색광고,85,완료,False,0,0,0,1,1,0.4,0,False
M087,조지우,여성,34,서울,중소기업,7700,VIP,2025-10-02 13:31:00,지인추천,100,완료,True,5,1,2,5,105,0.72,2,False
M088,이유진,여성,39,경기,중소기업,4300,베이직,2026-03-16 18:27:00,제휴,62,작성 중,False,0,1,0,2,9,0.24,2,False
M089,류수아,여성,37,경기 ,금융,8800,프리미엄,2025-03-27 11:06:00,SNS,88,완료,True,2,1,2,3,51,0.69,3,True
M090,오지민,여성,33,대전,전문직,10500,프리미엄,2024-06-20 14:46:00,오프라인행사,75,작성 중,True,4,2,3,3,66,0.62,4,True
M091,신다은,여성,37,충남,교직,9600,베이직,2024-08-02 12:34:00,제휴,79,작성 중,True,2,4,0,0,33,0.53,2,False
M092,안우진,남성,40,광주,공기업,7400,프리미엄,2024-04-01 19:19:00,SNS,69,작성 중,True,4,1,3,1,43,0.64,2,True
M093,장예은,여성,42,서울,공기업,9500,베이직,2026-02-08 14:57:00,제휴,88,완료,True,2,4,2,2,67,0.41,1,False
M094,안시우,남성,25,서울,중소기업,7000,프리미엄,2024-01-29 14:06:00,지인추천,100,완료,True,3,0,1,2,33,0.66,0,True
M095,장지우,여성,34,강원,IT,8800,베이직,2025-05-18 11:10:00,제휴,83,작성 중,True,4,2,3,1,67,0.64,3,True
M096,안도현,남성,30,충남,중견기업,7900,프리미엄,2025-03-23 12:54:00,제휴,96,완료,True,4,4,1,6,104,0.63,3,True
M097,최지아,여성,35,인천,중견기업,7700,베이직,2026-01-01 17:06:00,제휴,72,작성 중,True,2,3,1,5,86,0.45,2,False
M098,홍예은,여성,47,서울,자영업,8700,VIP,2026-05-29 09:23:00,지인추천,74,작성 중,True,3,3,0,3,58,0.35,5,True
M099,최정우,남성,38,서울,공무원,9500,베이직,2025-11-24 13:11:00,검색광고,92,완료,True,3,1,1,4,60,0.46,1,True
M100,조서준,남성,42,강원,자영업,8300,프리미엄,2024-09-18 10:07:00,지인추천,76,작성 중,True,2,4,1,3,75,0.61,3,True
M101,류하윤,여성,38,충남,교직,9000,프리미엄,2024-02-15 09:30:00,지인추천,85,완료,True,2,3,2,3,60,0.64,4,True
M102,윤지호,남성,43,충남,연구직,7200,베이직,2024-05-06 11:01:00,SNS,85,완료,False,1,1,1,1,12,0.12,2,False
M103,오예준,남성,49,강원,중소기업,5900,베이직,2025-10-03 13:35:00,지인추천,68,작성 중,False,0,0,2,0,2,0.07,0,False
M104,오하윤,여성,31,전남,대기업,7900,베이직,2024-08-07 18:28:00,검색광고,75,작성 중,False,2,1,1,2,26,0.12,0,False
M105,정채원,여성,35,부산,공기업,8100,베이직,2025-10-24 15:06:00,오프라인행사,91,완료,True,1,5,2,2,50,0.46,1,True
M106,박지아,여성,40,강원,공기업,7700,베이직,2026-03-19 09:09:00,검색광고,69,작성 중,True,1,1,3,5,49,0.63,2,True
M107,정지호,남성,33,부산,공기업,7800,베이직,2025-02-26 15:07:00,검색광고,88,완료,True,1,2,4,7,89,0.5,0,False
M108,오준서,남성,29,세종,대기업,9400,프리미엄,2024-07-11 14:06:00,지인추천,93,완료,True,3,3,2,3,63,0.24,4,True
M109,최채원,여성,36,경기,전문직,13000,베이직,2025-03-19 17:48:00,제휴,90,완료,True,3,1,4,4,99,0.8,3,True
M110,이서준,남성,34,광주,대기업,11100,프리미엄,2025-01-26 14:39:00,제휴,64,작성 중,True,1,5,2,1,61,0.78,2,True
M111,한서연,여성,30,강원,프리랜서,6100,프리미엄,2026-04-03 15:56:00,SNS,81,작성 중,False,1,0,1,1,15,0.21,1,False
M112,권서윤,여성,47,인천,공무원,6300,VIP,2025-04-16 17:38:00,SNS,100,완료,False,1,0,2,0,13,0.28,1,False
M113,장건우,남성,33,경기,의료,미정,VIP,2024-01-29 12:46:00,오프라인행사,80,작성 중,False,0,1,0,2,8,0.25,0,False
M114,오윤서,여성,37,대전,대기업,10100,프리미엄,2024-04-07 10:00:00,SNS,77,작성 중,True,0,3,2,2,30,0.7,2,True
M115,윤서윤,여성,39,강원,대기업,9400,프리미엄,2024-11-17 10:18:00,SNS,84,작성 중,False,1,0,0,2,13,0.19,0,False
M116,강준서,남성,25,경남,중소기업,2600,베이직,2025-01-07 11:26:00,SNS,67,작성 중,True,1,2,1,4,56,0.68,2,True
M117,황민재,남성,32,대구,교직,3900,베이직,2024-09-03 11:49:00,오프라인행사,68,작성 중,False,0,0,0,2,7,0.02,0,False
M118,박현우,남성,25,경기,자영업,6500,프리미엄,2025-03-29 13:39:00,제휴,61,작성 중,True,3,3,3,2,32,0.28,5,False
M119,조채원,여성,28,서울,교직,5400,프리미엄,2025-06-24 20:33:00,지인추천,70,작성 중,True,2,1,2,2,49,0.47,3,False
M120,최서연,여성,44,세종,공무원,7400,베이직,2025-12-13 16:35:00,SNS,59,미완료,False,0,0,1,0,1,0.49,0,False
M121,서지우,여성,35,경기,중견기업,9200,베이직,2025-06-11 09:03:00,오프라인행사,92,완료,True,4,2,5,4,100,0.32,2,False
M122,류다은,여성,27,서울,중소기업,5600,프리미엄,2025-04-24 10:20:00,오프라인행사,100,완료,True,4,3,2,4,95,0.39,1,True
M123,권서연,여성,25,경기,대기업,11000,프리미엄,2025-10-19 13:01:00,지인추천,92,완료,True,2,2,2,3,78,0.67,1,False
M124,류지민,여성,37,인천,교직,7000,베이직,2024-10-10 14:58:00,검색광고,65,작성 중,True,3,4,2,1,51,0.64,2,True
M125,정채원,여성,39,전북,전문직,12100,베이직,2026-02-05 20:18:00,지인추천,96,완료,False,2,0,2,1,19,0.07,4,False
M126,윤지훈,남성,28,경남,전문직,9300,베이직,2025-01-22 17:57:00,검색광고,96,완료,True,2,4,2,4,90,0.61,4,False
M127,강지민,여성,30,경기,대기업,9300,베이직,2026-03-24 17:46:00,검색광고,85,완료,True,1,2,1,5,75,0.45,2,True
M128,조지아,여성,40,제주,전문직,12500,베이직,2026-01-04 13:24:00,제휴,78,작성 중,True,2,1,1,4,50,0.53,0,True
M129,송도현,남성,28,충북,전문직,10900,프리미엄,2024-07-16 17:13:00,검색광고,80,작성 중,False,0,0,0,0,0,0.02,1,False
M130,권채원,여성,36,서울,중견기업,8400,베이직,2025-03-04 12:15:00,SNS,68,작성 중,False,1,0,0,1,6,0.21,0,False
M131,강은서,여성,25,세종,교직,7800,베이직,2025-11-03 11:45:00,지인추천,70,작성 중,False,0,1,3,0,8,0.21,2,False
M132,홍수아,여성,31,부산,대기업,7000,프리미엄,2025-09-08 13:28:00,검색광고,77,작성 중,True,2,2,2,4,57,0.77,2,False
M133,최건우,남성,34,경기,중견기업,6700,베이직,2024-03-18 15:33:00,SNS,100,완료,False,1,1,0,3,23,0.19,1,False
M134,송예은,여성,26,경기,대기업,6400,베이직,2026-02-09 19:51:00,지인추천,91,완료,True,2,2,2,7,57,0.42,2,False
M135,강유진,여성,28,경기,중견기업,6000,베이직,2025-04-29 15:00:00,제휴,90,완료,True,1,3,2,1,38,0.71,4,True
M136,이예준,남성,44,경기,공무원,5900,VIP,2025-03-07 19:08:00,검색광고,80,작성 중,False,2,2,2,0,26,0.38,3,False
M137,안서준,남성,29,경기,자영업,7500,VIP,2025-11-27 09:34:00,지인추천,94,완료,True,2,2,3,3,68,0.51,0,True
M138,서소율,여성,42,대구,공기업,8100,프리미엄,2026-04-11 17:58:00,SNS,90,완료,True,2,2,3,3,45,0.45,3,True
M139,최유진,여성,29,경기,중소기업,8300,베이직,2025-09-11 13:24:00,SNS,100,완료,True,2,2,1,2,52,0.6,1,True
M140,서하준,남성,33,대구,공무원,6100,프리미엄,2025-12-02 11:14:00,오프라인행사,79,작성 중,True,2,2,2,3,63,0.6,3,False
M141,신예은,여성,35,광주,IT,8300,베이직,2026-01-10 17:09:00,SNS,100,완료,True,3,2,1,4,62,0.46,4,True
M142,권하윤,여성,44,전남,공기업,7400,프리미엄,2024-11-08 19:41:00,지인추천,86,완료,False,1,1,1,1,22,0.05,1,False
M143,김예준,남성,38,전남,대기업,9000,프리미엄,2024-08-10 16:48:00,오프라인행사,71,작성 중,False,2,2,0,0,14,0.29,1,False
M144,서도현,남성,34,서울,의료,8300,베이직,2025-05-22 19:36:00,검색광고,73,작성 중,True,2,2,1,1,35,0.31,4,False
M145,홍하윤,여성,36,부산,교직,8200,베이직,2025-07-26 20:58:00,지인추천,100,완료,True,3,2,5,4,90,0.48,6,True
M146,이수아,여성,32,대구,금융,11900,베이직,2024-07-26 18:50:00,오프라인행사,100,완료,True,1,4,3,3,81,0.64,4,True
M147,송하윤,여성,35,대전,자영업,7200,베이직,2026-04-12 17:21:00,제휴,85,완료,True,2,2,3,2,59,0.55,2,True
M148,강다은,여성,31,대전,IT,7200,베이직,2024-06-24 15:56:00,오프라인행사,89,완료,False,2,0,0,2,19,0.32,0,False
M149,신민재,남성,28,대전,공무원,4400,프리미엄,2025-03-02 14:41:00,오프라인행사,82,작성 중,True,2,4,1,4,76,0.94,3,False
M150,박윤서,여성,44,서울,공기업,7700,베이직,2024-02-15 15:00:00,제휴,68,작성 중,True,0,2,0,5,54,0.53,4,False
M151,장지훈,남성,34,서울,중소기업,3700,베이직,2024-08-25 20:56:00,검색광고,99,완료,True,3,2,3,2,74,0.49,3,False
M152,이정우,남성,32,경기,연구직,5800,베이직,2024-04-03 19:52:00,검색광고,74,작성 중,True,1,0,3,4,53,0.35,0,False
M153,신소율,여성,33,인천,중견기업,7900,베이직,2025-11-06 18:56:00,SNS,63,작성 중,False,1,2,1,0,8,0.05,0,False
M154,김정우,남성,43,인천,연구직,6400,프리미엄,2025-11-27 14:39:00,SNS,93,완료,True,1,3,2,2,42,0.58,2,True
M155,박우진,남성,37,경기,연구직,8000,VIP,2025-10-15 16:15:00,제휴,89,완료,True,2,4,1,4,79,0.52,2,True
M156,홍현우,남성,25,인천,중소기업,6900,프리미엄,2025-04-10 12:39:00,SNS,99,완료,True,3,3,4,4,103,0.74,4,True
M157,신민재,남성,33,부산,IT,6200,프리미엄,2026-01-17 20:10:00,검색광고,86,완료,True,3,4,2,2,74,0.64,2,True
M158,한지민,여성,25,경기,자영업,4600,프리미엄,2024-08-06 14:06:00,제휴,96,완료,True,2,3,2,4,75,0.72,3,True
M159,정서연,여성,27,경남,중소기업,5800,베이직,2025-11-22 16:44:00,검색광고,95,완료,True,3,2,3,3,69,,3,False
M160,안정우,남성,27,경북,프리랜서,5800,베이직,2025-08-07 17:28:00,오프라인행사,70,작성 중,True,3,3,2,3,61,0.27,1,False
M161,이도윤,남성,36,인천,중소기업,7500,베이직,2025-03-12 09:35:00,검색광고,72,작성 중,False,0,0,0,1,8,0.13,1,False
M162,박예준,남성,38,경기,공기업,7300,베이직,2024-01-15 15:13:00,오프라인행사,72,작성 중,True,1,2,2,1,36,0.74,4,False
M163,권준서,남성,36,서울,교직,6500,베이직,2024-12-25 18:56:00,오프라인행사,75,작성 중,False,0,0,0,2,2,0.19,2,True
M164,최지호,남성,25,경기,중소기업,6400,VIP,2025-01-16 12:12:00,SNS,86,완료,False,0,0,0,1,5,0.47,1,False
M165,임하윤,여성,40,서울,공무원,6600,베이직,2025-12-15 12:03:00,검색광고,95,완료,True,1,4,2,4,80,0.63,1,True
M166,오윤서,여성,36,대전,대기업,10800,프리미엄,2026-02-26 12:52:00,검색광고,72,작성 중,True,2,2,2,5,59,0.81,0,True
M167,오유진,여성,34,경기,중소기업,6700,프리미엄,2025-04-14 20:29:00,SNS,99,완료,True,2,3,2,2,35,0.6,4,False
M168,이예준,남성,38,부산,공기업,7700,베이직,2024-03-08 19:06:00,지인추천,79,작성 중,True,2,1,4,4,85,0.7,0,True
M169,오서준,남성,32,경기,전문직,9500,프리미엄,2024-08-06 11:41:00,검색광고,71,작성 중,False,0,1,2,1,10,0.54,0,True
M170,오다은,여성,31,서울,대기업,10500,프리미엄,2024-04-24 15:09:00,검색광고,99,완료,True,2,3,3,2,50,0.66,3,True
M171,정우진,남성,41,충남,연구직,8800,베이직,2024-05-25 16:40:00,SNS,78,작성 중,True,0,3,1,4,40,0.69,2,True
M172,최지훈,남성,38,서울,중견기업,6600,베이직,2024-01-28 10:31:00,제휴,73,작성 중,False,1,1,1,1,7,0.22,3,False
M173,오지훈,남성,35,경기,공기업,8100,VIP,2024-07-09 20:09:00,제휴,74,작성 중,True,2,2,2,6,75,0.57,3,True
M174,신서연,여성,37,인천,중소기업,8100,VIP,2026-05-10 12:18:00,검색광고,84,작성 중,True,1,3,4,5,91,0.77,2,True
M175,김수아,여성,30,충남,연구직,7300,베이직,2025-10-01 16:53:00,검색광고,79,작성 중,True,2,1,2,3,67,0.63,2,False
M176,임수아,여성,42,서울,중견기업,8000,베이직,2024-10-16 14:48:00,제휴,76,작성 중,True,2,2,2,1,49,0.66,3,True
M177,권도윤,남성,45,대구,중견기업,6600,베이직,2024-04-22 10:44:00,제휴,76,작성 중,True,2,3,2,3,58,0.44,2,False
M178,신준서,남성,44,부산 ,전문직,12000,베이직,2025-03-15 09:31:00,검색광고,76,작성 중,True,1,1,0,5,33,0.73,1,True
M179,임현우,남성,28,광주,자영업,6400,프리미엄,2025-09-14 19:09:00,제휴,93,완료,True,4,3,1,2,77,0.71,3,False
M180,정우진,남성,34,경기,중견기업,8900,프리미엄,2026-01-19 20:57:00,지인추천,64,작성 중,True,4,2,3,1,56,0.58,2,False
M181,최도윤,남성,31,인천,의료,7300,베이직,2025-10-07 12:53:00,SNS,100,완료,True,1,3,4,5,82,0.56,6,False
M182,권예준,남성,40,전북,공무원,6700,베이직,2025-04-11 20:30:00,지인추천,81,작성 중,True,2,3,3,2,66,0.9,5,False
M183,서민준,남성,36,경기,중견기업,7700,베이직,2026-02-04 11:04:00,검색광고,69,작성 중,False,1,0,3,0,18,0.39,0,False
M184,최지훈,남성,43,세종,공무원,6700,프리미엄,2024-04-11 16:45:00,검색광고,72,작성 중,False,1,1,0,1,16,0.06,2,False
M185,황민서,여성,39,광주,금융,9200,베이직,2024-09-27 16:24:00,지인추천,62,작성 중,True,3,2,1,5,65,0.41,1,False
M186,홍서준,남성,45,서울,자영업,8800,프리미엄,2025-11-08 10:57:00,제휴,89,완료,True,4,2,1,2,60,0.34,5,False
M187,류수아,여성,30,서울,프리랜서,6000,프리미엄,2026-05-23 20:31:00,지인추천,62,작성 중,False,0,0,0,1,3,0.12,1,False
M188,박지호,남성,31,서울,자영업,7400,베이직,2025-02-19 12:58:00,검색광고,100,완료,True,4,1,3,2,69,0.2,3,False
M189,홍지아,여성,36,충남,공기업,9200,베이직,2025-08-16 13:19:00,SNS,91,완료,True,2,1,3,4,56,0.71,5,False
M190,최지훈,남성,48,경남,의료,9700,베이직,2024-01-21 15:49:00,검색광고,84,작성 중,True,2,4,2,3,67,0.66,0,False
M191,서예은,여성,38,부산,IT,8600,프리미엄,2025-12-04 12:10:00,오프라인행사,87,완료,True,1,2,2,4,43,0.56,3,False
M192,조도윤,남성,30,경기,IT,8000,베이직,2025-02-19 19:07:00,제휴,96,완료,True,1,3,3,5,68,0.52,3,False
M193,오서준,남성,36,서울,중소기업,5800,VIP,2025-07-09 19:19:00,검색광고,75,작성 중,True,5,3,0,3,55,0.33,3,True
M194,홍우진,남성,40,서울,중견기업,7600,프리미엄,2025-01-09 16:40:00,제휴,82,작성 중,True,3,0,1,3,38,0.65,3,True
M195,임도현,남성,43,경기,공기업,8600,베이직,2025-11-15 09:40:00,제휴,95,완료,True,0,2,2,6,69,0.26,0,True
M196,오하준,남성,26,부산,공무원,4700,프리미엄,2024-02-06 13:31:00,오프라인행사,96,완료,True,1,1,1,3,22,0.35,5,False
M197,서지아,여성,34,서울,중소기업,5700,베이직,2024-08-11 13:45:00,SNS,68,작성 중,False,0,1,0,2,7,0.46,1,False
M198,신도윤,남성,30,울산,대기업,7600,프리미엄,2025-04-03 18:49:00,SNS,94,완료,True,3,0,2,3,51,0.21,4,True
M199,정정우,남성,39,서울,중소기업,7700,베이직,2024-04-24 15:11:00,오프라인행사,93,완료,True,4,2,2,7,127,1,0,True
M200,이지호,남성,34,서울,중소기업,8300,VIP,2024-07-25 11:07:00,오프라인행사,82,작성 중,True,2,1,2,3,41,0.65,2,True
M201,서준서,남성,34,경기,교직,6700,프리미엄,2025-04-25 18:41:00,SNS,55,미완료,False,1,1,0,1,12,0.02,1,False
M202,서지훈,남성,31,인천,공무원,5700,프리미엄,2025-01-31 14:59:00,오프라인행사,76,작성 중,True,2,2,1,3,58,0.59,0,False
M203,신건우,남성,37,제주,중소기업,4100,베이직,2024-02-25 11:34:00,제휴,91,완료,True,3,4,2,2,81,0.66,6,True
M204,황우진,남성,32,경기,중소기업,,프리미엄,2025-03-05 15:32:00,오프라인행사,69,작성 중,True,1,2,5,2,58,0.7,2,True
M205,조도윤,남성,36,경기,공무원,8300,프리미엄,2024-04-01 17:42:00,검색광고,59,미완료,True,2,3,3,1,34,0.41,2,False
M206,오도윤,남성,32,서울,IT,8300,베이직,2026-01-28 17:44:00,오프라인행사,85,완료,True,5,2,2,1,74,0.71,2,True
M207,한민서,여성,39,서울,중소기업,5100,베이직,2025-04-09 19:17:00,SNS,74,작성 중,True,3,1,1,2,28,0.52,1,False
M208,권우진,남성,30,서울,전문직,11300,베이직,2025-02-20 16:24:00,오프라인행사,94,완료,True,4,2,3,3,91,0.61,1,False
M209,강윤서,여성,38,인천,대기업,8200,VIP,2024-02-03 12:02:00,SNS,64,작성 중,True,3,2,2,3,51,0.43,2,True
M210,신예준,남성,32,대전,공무원,10400,프리미엄,2026-01-07 17:26:00,검색광고,77,작성 중,True,2,1,2,3,46,0.58,3,False
M211,정유진,여성,44,광주,대기업,10100,베이직,2026-03-21 13:42:00,검색광고,70,작성 중,False,1,0,0,1,10,0.31,0,False
M212,장서윤,여성,29,서울,IT,5400,프리미엄,2025-12-07 19:17:00,제휴,100,완료,True,2,0,2,4,59,0.4,2,True
M213,정도윤,남성,25,경남,IT,8800,VIP,2025-01-08 15:04:00,지인추천,92,완료,False,0,2,0,0,10,0.3,0,False
M214,김채원,여성,34,전남,중소기업,5300,베이직,2024-09-27 12:45:00,제휴,81,작성 중,True,4,2,3,2,82,0.75,2,True
M215,권서연,여성,28,서울,중견기업,7500,베이직,2024-12-30 15:20:00,지인추천,81,작성 중,False,0,0,0,0,0,0.02,2,False
M216,박민재,남성,37,부산,중소기업,4100,베이직,2024-06-18 17:45:00,검색광고,68,작성 중,False,0,0,0,0,0,0.24,2,False
M217,최지훈,남성,28,인천,전문직,12400,베이직,2024-11-17 14:12:00,오프라인행사,56,미완료,False,0,2,2,0,10,0.04,0,False
M218,황다은,여성,28,부산,공기업,7600,프리미엄,2024-09-17 12:37:00,검색광고,60,작성 중,False,0,0,0,1,3,0.57,1,False
M219,강정우,남성,30,경기,공기업,7400,베이직,2025-09-18 11:34:00,오프라인행사,78,작성 중,True,1,2,1,1,30,0.32,4,False
M220,신민서,여성,29,서울,중견기업,8300,프리미엄,2024-05-06 17:02:00,SNS,100,완료,False,0,1,1,1,7,0.29,1,False
M221,류지우,여성,29,경기,교직,7700,베이직,2025-03-14 15:04:00,SNS,96,완료,True,2,1,1,4,71,0.68,2,True
M222,홍하윤,여성,30,서울,중견기업,7800,베이직,2025-07-06 18:01:00,검색광고,63,작성 중,False,3,1,1,3,43,0.44,0,True
M223,류서연,여성,33,인천,중견기업,7100,베이직,2024-12-23 20:19:00,SNS,62,작성 중,True,3,0,3,0,27,0.79,3,False
M224,장도현,남성,40,인천,대기업,7800,베이직,2024-04-08 12:28:00,검색광고,100,완료,True,4,3,4,7,137,0.46,2,True
M225,신도현,남성,30,제주,중견기업,6300,프리미엄,2024-04-01 19:00:00,검색광고,93,완료,True,4,2,1,0,42,0.35,1,True
M226,신은서,여성,45,경남,자영업,9200,베이직,2024-12-21 13:15:00,지인추천,87,완료,True,2,1,1,4,63,0.51,4,False
M227,송정우,남성,42,경기,의료,7900,베이직,2024-08-16 09:03:00,지인추천,73,작성 중,True,3,4,3,3,91,0.68,2,False
M228,김시우,남성,35,서울,대기업,7100,베이직,2026-03-30 15:52:00,검색광고,83,작성 중,True,3,3,0,5,70,0.41,4,True
M229,윤민준,남성,43,경북,공기업,6100,베이직,2024-12-14 12:23:00,제휴,99,완료,False,0,1,2,0,19,0.31,0,False
M230,최유진,여성,32,충북,IT,6800,베이직,2025-09-13 10:46:00,지인추천,62,작성 중,False,0,1,1,1,7,0.07,0,False
M231,서현우,남성,36,대구,공무원,5700,베이직,2024-11-10 14:36:00,SNS,80,작성 중,True,2,4,1,2,48,0.66,5,True
M232,이지민,여성,35,경기,전문직,9700,프리미엄,2024-07-04 17:22:00,오프라인행사,65,작성 중,False,0,1,0,0,1,0.25,1,False
M233,임수아,여성,34,서울,전문직,11100,VIP,2024-02-12 09:42:00,제휴,66,작성 중,False,0,0,0,1,4,0.23,1,False
M234,이예준,남성,41,서울,중소기업,6100,베이직,2025-10-01 13:14:00,지인추천,66,작성 중,False,1,1,0,0,7,0.26,3,False
M235,신우진,남성,29,대전,중견기업,9200,베이직,2026-03-05 10:43:00,오프라인행사,72,작성 중,False,1,2,1,0,15,0.3,2,False
M236,장예준,남성,36,경기,의료,11000,프리미엄,2024-09-15 18:06:00,제휴,60,작성 중,True,3,1,1,1,23,0.43,5,True
M237,임예은,여성,38,충남,자영업,7200,프리미엄,2024-11-14 19:03:00,SNS,46,미완료,False,0,0,1,1,4,0.11,0,True
M238,조지민,여성,25,서울,공기업,9100,VIP,2026-02-02 10:21:00,지인추천,65,작성 중,True,3,2,5,3,57,0.59,4,True
M239,정건우,남성,36,경기,중견기업,5300,프리미엄,2026-05-11 11:38:00,오프라인행사,98,완료,True,1,3,2,2,65,0.51,2,True
M240,오예준,남성,27,경기,중견기업,3200,프리미엄,2025-06-07 13:39:00,오프라인행사,69,작성 중,True,1,0,3,5,61,0.39,3,True
M241,안지호,남성,40,인천,공기업,7500,베이직,2024-10-16 19:24:00,검색광고,84,작성 중,True,3,4,0,2,47,0.78,3,False
M242,권민재,남성,37,경북,공무원,5600,프리미엄,2025-03-11 15:14:00,지인추천,100,완료,True,1,2,1,5,78,0.4,2,True
M243,정다은,여성,36,서울,중소기업,6500,프리미엄,2025-12-11 15:10:00,제휴,92,완료,True,4,2,1,3,67,0.56,4,True
M244,조민준,남성,25,전남,IT,9400,베이직,2024-09-13 16:03:00,검색광고,82,작성 중,False,1,1,0,2,14,0.36,1,False
M245,박서연,여성,40,서울,금융,9200,프리미엄,2025-03-01 16:42:00,오프라인행사,55,미완료,False,0,0,0,1,3,0.37,3,False
M246,정민서,여성,33,대구,대기업,12100,프리미엄,2025-07-01 15:25:00,오프라인행사,76,작성 중,True,5,1,3,1,71,0.58,1,False
M247,권지우,여성,32,인천,의료,10200,베이직,2026-05-10 19:55:00,SNS,80,작성 중,True,3,2,1,0,46,0.41,5,False
M248,안민재,남성,40,경북,IT,6700,베이직,2026-01-26 17:52:00,지인추천,100,완료,True,2,1,2,4,82,0.71,2,True
M249,윤서연,여성,45,경기,전문직,9400,프리미엄,2025-01-08 18:10:00,오프라인행사,89,완료,True,5,2,2,2,50,0.51,3,False
M250,윤건우,남성,36,경기,금융,9200,베이직,2024-03-27 16:16:00,SNS,52,미완료,False,2,0,0,1,10,0.56,2,False
M251,김수아,여성,32,경기,중소기업,2600,VIP,2026-02-01 11:12:00,오프라인행사,66,작성 중,True,0,0,1,6,52,0.58,2,False
M252,박예은,여성,41,서울,중소기업,4800,베이직,2026-01-04 17:59:00,지인추천,86,완료,True,2,2,0,3,50,0.45,2,False
M253,장서준,남성,37,서울,중견기업,8400,프리미엄,2025-01-15 19:58:00,제휴,80,작성 중,True,5,0,5,2,83,0.93,4,True
M254,한서연,여성,32,인천,IT,8500,프리미엄,2025-04-22 13:18:00,오프라인행사,100,완료,True,2,2,1,1,49,0.58,1,True
M255,임유진,여성,38,전북,중견기업,5700,베이직,2025-05-21 19:43:00,검색광고,86,완료,True,2,2,1,2,37,0.79,0,True
M256,한예준,남성,41,전남,전문직,10700,베이직,2024-05-03 17:33:00,제휴,87,완료,True,3,1,2,2,55,0.6,2,False
M257,오예준,남성,33,광주,중소기업,2900,베이직,2026-02-04 10:07:00,지인추천,84,작성 중,True,2,5,2,3,36,0.88,5,False
M258,서지민,여성,26,서울,자영업,9000,베이직,2024-10-24 14:16:00,제휴,82,작성 중,True,4,2,2,0,46,0.59,1,False
M259,송민재,남성,42,세종,중소기업,6600,VIP,2025-05-08 17:07:00,SNS,62,작성 중,False,0,0,1,0,7,0.39,1,False
M260,윤지우,여성,30,부산,중견기업,7300,베이직,2025-03-10 10:34:00,오프라인행사,81,작성 중,True,1,3,1,3,49,0.5,1,True
M261,정하준,남성,29,충남,중소기업,5300,베이직,2026-05-21 20:43:00,SNS,60,작성 중,True,2,2,2,2,27,0.66,2,False
M262,박예준,남성,32,경남,전문직,10600,프리미엄,2025-12-19 18:39:00,제휴,77,작성 중,True,2,1,1,3,35,0.59,3,False
M263,서민준,남성,38,인천,공기업,9100,베이직,2025-06-02 11:52:00,지인추천,79,작성 중,True,1,3,2,1,45,0.36,0,True
M264,윤다은,여성,49,경북,대기업,7400,베이직,2024-05-15 18:26:00,제휴,77,작성 중,False,0,0,0,1,3,0.2,3,False
M265,장예준,남성,31,부산,프리랜서,5600,베이직,2026-04-08 16:55:00,오프라인행사,71,작성 중,True,3,2,2,1,38,0.68,3,True
M266,황은서,여성,35,경북,공무원,6500,VIP,2025-04-17 17:19:00,SNS,66,작성 중,False,0,0,0,0,0,0.33,3,False
M267,강우진,남성,32,서울 ,중소기업,5100,VIP,2024-08-13 20:09:00,검색광고,85,완료,True,1,2,3,1,41,0.57,3,True
M268,강지아,여성,39,경남,연구직,7200,베이직,2024-07-14 11:55:00,SNS,82,작성 중,True,1,1,2,4,46,0.62,1,True
M269,임은서,여성,31,대구,프리랜서,4400,베이직,2026-02-11 09:05:00,지인추천,93,완료,True,3,2,1,3,62,1,0,True
M270,정정우,남성,25,전북,중견기업,7600,베이직,2025-12-17 09:39:00,지인추천,67,작성 중,True,3,0,2,4,46,,4,True
M271,최윤서,여성,34,인천,전문직,9500,프리미엄,2024-05-18 18:22:00,제휴,61,작성 중,True,1,2,2,3,40,0.7,3,False
M272,김소율,여성,48,경남,공무원,7400,베이직,2025-11-28 10:46:00,SNS,77,작성 중,True,4,2,4,1,58,0.51,3,False
M273,최은서,여성,40,경기,대기업,11600,베이직,2026-13-40 09:00:00,검색광고,78,작성 중,True,3,2,2,2,62,0.74,3,True
M274,송우진,남성,35,서울,공기업,7100,프리미엄,2024-11-04 13:02:00,검색광고,96,완료,True,2,2,1,3,67,0.61,3,True
M275,김다은,여성,25,충북,자영업,9500,베이직,2024-02-25 14:22:00,오프라인행사,72,작성 중,True,0,2,2,3,30,0.52,2,True
M276,강소율,여성,40,경기,연구직,8700,베이직,2024-05-04 15:28:00,검색광고,80,작성 중,True,1,4,2,5,44,0.78,0,False
M277,황현우,남성,41,인천,연구직,3300,프리미엄,2025-11-18 11:07:00,SNS,88,완료,False,3,0,3,1,13,0.04,2,False
M278,김시우,남성,37,서울,대기업,10400,베이직,2024-10-16 20:08:00,SNS,64,작성 중,True,1,3,2,3,56,0.83,2,True
M279,강예준,남성,37,충북,IT,9800,베이직,2024-06-18 16:55:00,검색광고,90,완료,False,1,0,2,1,22,0.1,0,False
M280,한민준,남성,35,경기,대기업,7300,프리미엄,2025-10-15 17:04:00,지인추천,93,완료,True,2,3,1,4,69,0.36,0,False
M281,김하윤,여성,27,대전,중소기업,5300,VIP,2025-07-09 14:50:00,제휴,83,작성 중,False,0,1,3,2,32,0.5,2,True
M282,한윤서,여성,38,경기,중소기업,4500,프리미엄,2026-05-06 09:44:00,지인추천,77,작성 중,False,1,0,1,2,15,0.39,0,False
M283,한민재,남성,25,서울,교직,6100,베이직,2024-11-12 15:02:00,SNS,95,완료,True,1,0,2,7,68,0.66,3,False
M284,류수아,여성,35,서울,전문직,10600,베이직,2026-04-09 18:26:00,제휴,94,완료,True,4,3,4,7,129,0.5,3,True
M285,김도윤,남성,34,충남,대기업,10200,베이직,2025-11-11 15:39:00,SNS,93,완료,True,3,1,2,2,59,0.52,3,True
M286,장다은,여성,26,경남,대기업,8700,베이직,2025-08-13 11:20:00,지인추천,77,작성 중,True,2,3,1,2,42,0.66,3,True
M287,신민준,남성,38,강원,중소기업,3000,베이직,2024-01-08 18:32:00,제휴,82,작성 중,True,0,2,2,4,56,0.7,2,False
M288,김민준,남성,28,서울,전문직,10300,프리미엄,2026-04-23 18:49:00,검색광고,100,완료,True,1,4,1,3,43,0.52,2,False
M289,윤서윤,여성,32,경남,연구직,9100,프리미엄,2025-10-26 17:53:00,SNS,67,작성 중,True,2,0,1,3,20,0.27,3,False
M290,안지아,여성,28,경기,공무원,4500,베이직,2024-12-24 10:36:00,검색광고,72,작성 중,True,3,2,3,3,65,0.79,3,True
M291,한도윤,남성,28,대구,공기업,6600,베이직,2024-06-04 14:09:00,검색광고,77,작성 중,False,1,0,0,0,1,0.47,0,False
M292,김민서,여성,26,서울,교직,7100,베이직,2025-07-18 19:01:00,지인추천,69,작성 중,True,2,3,0,2,46,0.55,3,True
M293,조유진,여성,34,경기,교직,8000,프리미엄,2024-01-14 18:19:00,오프라인행사,86,완료,True,1,4,1,1,50,0.51,0,True
M294,권민재,남성,39,서울,중소기업,6600,프리미엄,2026-02-19 18:26:00,지인추천,100,완료,True,1,4,3,4,98,0.57,4,True
M295,김채원,여성,29,대구,대기업,미정,프리미엄,2026-02-26 11:08:00,제휴,87,완료,True,1,3,3,2,60,0.59,2,True
M296,장예은,여성,36,대구,중소기업,5600,프리미엄,2024-08-15 12:58:00,SNS,75,작성 중,True,4,4,2,5,74,0.49,2,False
M297,정지아,여성,32,서울,중소기업,6600,베이직,2025-10-04 20:00:00,SNS,61,작성 중,False,0,1,0,0,2,0.02,0,False
M298,이예은,여성,33,대구,전문직,10600,프리미엄,2024-09-24 12:47:00,오프라인행사,83,작성 중,True,4,3,1,2,58,0.6,2,True
M299,임하준,남성,46,서울,중소기업,7700,베이직,2026-01-19 20:57:00,제휴,70,작성 중,False,0,0,1,1,4,0.22,3,False
M300,윤지우,여성,35,충남,중견기업,6600,프리미엄,2025-11-17 19:31:00,제휴,76,작성 중,True,3,3,5,2,66,0.67,3,False
M301,정지민,여성,45,인천,중견기업,8200,프리미엄,2025-03-31 15:19:00,SNS,83,작성 중,True,2,2,2,3,60,0.41,3,False
M302,김지민,여성,38,경기,프리랜서,8600,프리미엄,2024-01-16 15:47:00,제휴,63,작성 중,True,1,1,3,2,23,0.86,2,True
M303,강준서,남성,42,광주,공무원,7400,프리미엄,2025-12-09 16:35:00,SNS,100,완료,True,2,1,4,5,75,0.27,1,True
M304,신지아,여성,35,부산,중소기업,5300,프리미엄,2024-08-30 14:12:00,제휴,77,작성 중,True,4,2,3,1,61,0.48,1,True
M305,홍지호,남성,32,부산,공기업,8100,베이직,2024-09-10 19:25:00,제휴,72,작성 중,True,3,2,3,2,71,0.7,2,True
M306,장지훈,남성,34,경기,전문직,10400,베이직,2024-01-26 09:09:00,지인추천,100,완료,False,0,1,0,2,9,0.18,1,False
M307,박유진,여성,35,경기,공무원,7500,베이직,2024-12-17 10:29:00,SNS,87,완료,False,1,1,0,2,21,0.1,4,True
M308,홍민서,여성,25,서울,IT,8300,베이직,2024-11-03 13:42:00,지인추천,69,작성 중,True,3,3,2,3,52,0.5,2,True
M309,황지호,남성,39,경기,대기업,9900,베이직,2026-01-14 16:00:00,제휴,72,작성 중,True,2,4,2,6,70,0.47,2,True
M310,박지훈,남성,43,경기,공무원,5000,프리미엄,2026-04-11 12:21:00,검색광고,69,작성 중,True,3,2,4,2,51,0.98,3,True
M311,신도윤,남성,42,서울,교직,7300,베이직,2025-11-20 11:36:00,제휴,84,작성 중,True,3,0,2,3,46,0.34,2,False
M312,오지민,여성,31,서울,의료,7400,프리미엄,2025-03-23 13:05:00,SNS,70,작성 중,False,0,2,1,3,17,0.21,1,False
M313,안수아,여성,30,경기,금융,8100,프리미엄,2025-05-25 18:47:00,오프라인행사,53,미완료,False,0,0,0,0,0,0.19,0,False
M314,박은서,여성,41,경북,중소기업,4200,프리미엄,2026-01-09 17:21:00,지인추천,94,완료,True,2,0,4,2,61,0.81,4,True
M315,박건우,남성,40,전북,전문직,10600,베이직,2026-03-14 15:33:00,SNS,100,완료,True,3,3,1,1,36,0.69,2,True
M316,강민준,남성,33,서울,중견기업,6800,베이직,2024-02-08 14:54:00,제휴,95,완료,True,3,1,3,2,78,0.85,3,False
M317,송서윤,여성,35,광주,중소기업,5300,베이직,2024-03-22 20:28:00,오프라인행사,73,작성 중,True,5,1,2,4,59,0.51,2,True
M318,권예은,여성,37,충남,대기업,8800,베이직,2025-02-02 10:11:00,지인추천,64,작성 중,True,2,2,2,4,40,0.33,3,True
M319,황지훈,남성,37,서울,의료,9500,베이직,2025-11-01 16:13:00,검색광고,91,완료,True,1,1,1,3,42,0.75,4,False
M320,안시우,남성,33,경기,프리랜서,7900,프리미엄,2026-03-15 09:28:00,검색광고,98,완료,True,3,1,2,2,57,0.59,3,True
M321,장민재,남성,32,서울,중견기업,8900,베이직,2025-06-02 19:22:00,지인추천,91,완료,True,1,3,2,5,46,0.44,2,True
M322,류서연,여성,39,충북,중소기업,6900,베이직,2025-11-10 16:35:00,제휴,98,완료,True,4,1,2,4,76,0.56,2,True
M323,임윤서,여성,43,광주,교직,9500,프리미엄,2026-02-15 15:14:00,오프라인행사,100,완료,True,2,0,0,3,40,0.59,3,False
M324,황민재,남성,34,충남,공무원,8400,베이직,2024-02-16 12:59:00,지인추천,95,완료,False,0,0,2,1,10,0.32,0,True
M325,서하준,남성,34,서울,연구직,7600,베이직,2024-03-20 12:41:00,검색광고,90,완료,True,2,0,2,4,63,0.48,2,False
M326,강하윤,여성,35,부산,IT,7200,베이직,2024-07-19 19:49:00,검색광고,67,작성 중,False,2,0,0,1,10,0.34,2,False
M327,이지민,여성,35,경기,연구직,5500,베이직,2026-05-10 13:28:00,오프라인행사,82,작성 중,True,2,2,1,2,44,0.22,4,False
M328,김하윤,여성,38,인천,금융,12500,베이직,2024-08-14 12:44:00,SNS,87,완료,True,2,3,2,0,28,0.17,2,False
M329,조서연,여성,30,전북,금융,6900,베이직,2025-01-06 10:27:00,지인추천,87,완료,True,2,3,3,3,74,0.72,4,True
M330,권지우,여성,29,강원,중견기업,5200,베이직,2025-12-25 09:10:00,제휴,92,완료,True,3,3,2,2,74,0.59,4,False
M331,안은서,여성,29,충북,교직,6800,베이직,2026-02-22 11:41:00,오프라인행사,100,완료,True,3,1,5,3,91,0.7,3,False
M332,장도윤,남성,45,경남,중소기업,7600,VIP,2026-02-16 10:26:00,지인추천,52,미완료,False,2,1,1,0,11,0.19,2,False
M333,안현우,남성,42,경기,의료,8100,베이직,2024-01-09 11:23:00,제휴,74,작성 중,True,2,1,2,0,27,0.31,3,False
M334,황도윤,남성,29,경기,연구직,6300,프리미엄,2026-05-19 09:26:00,SNS,88,완료,True,4,1,0,3,46,0.58,5,True
M335,황건우,남성,31,대전,중소기업,4300,베이직,2025-07-17 11:23:00,검색광고,83,작성 중,True,2,2,2,6,79,0.37,2,True
M336,한민서,여성,25,서울,중견기업,7200,프리미엄,2024-08-09 11:02:00,오프라인행사,80,작성 중,True,2,2,1,0,31,0.89,2,False
M337,황다은,여성,40,인천,전문직,11500,VIP,2024-05-19 19:38:00,검색광고,56,미완료,False,2,0,0,0,11,0.02,2,False
M338,오민준,남성,27,부산,중소기업,8700,베이직,2025-03-21 12:46:00,오프라인행사,75,작성 중,True,1,1,0,2,24,0.68,1,True
M339,송채원,여성,42,충남,중견기업,4500,프리미엄,2025-10-10 20:30:00,검색광고,94,완료,True,2,3,1,3,61,0.81,1,False
M340,권하준,남성,38,서울,공무원,7400,베이직,2024-07-14 15:55:00,SNS,85,완료,True,4,2,3,2,66,0.56,2,True
M341,권시우,남성,33,서울,중소기업,7300,베이직,2025-01-12 10:12:00,SNS,80,작성 중,True,1,3,0,3,48,0.05,6,False
M342,강도현,남성,46,충남,전문직,12400,베이직,2026-05-03 19:53:00,제휴,52,미완료,False,0,1,1,1,6,0.31,2,False
M343,류지민,여성,42,서울,의료,10800,베이직,2024-08-17 17:09:00,지인추천,78,작성 중,False,0,1,0,0,6,0.41,2,False
M344,송지아,여성,35,충북,중견기업,5700,베이직,2024-11-11 17:13:00,지인추천,95,완료,True,3,2,2,4,72,0.8,3,True
M345,황지민,여성,41,경북,프리랜서,7800,프리미엄,2024-09-01 12:02:00,검색광고,57,미완료,False,1,0,0,1,8,0.16,0,False
M346,송지우,여성,41,경남,대기업,9500,VIP,2026-03-10 15:47:00,지인추천,72,작성 중,False,1,0,0,3,14,0.46,0,True
M347,박현우,남성,33,경북,전문직,10700,베이직,2025-11-15 20:47:00,SNS,77,작성 중,True,1,4,3,2,63,0.87,0,True
M348,장예은,여성,36,대전,중견기업,7000,프리미엄,2024-04-13 19:10:00,오프라인행사,93,완료,True,2,0,1,4,48,0.83,3,False
M349,홍지훈,남성,31,경기,공기업,6000,프리미엄,2026-05-05 19:58:00,지인추천,77,작성 중,True,4,2,3,3,92,0.52,3,True
M350,장은서,여성,41,충북,중소기업,4700,VIP,2026-01-12 09:45:00,검색광고,64,작성 중,False,1,0,1,1,8,0.21,0,False
M351,신서연,여성,30,서울,공기업,6700,프리미엄,2024-07-31 14:31:00,지인추천,75,작성 중,True,3,2,2,2,59,0.49,2,False
M352,서소율,여성,49,경기,공무원,9500,베이직,2025-01-31 09:45:00,오프라인행사,88,완료,True,2,1,2,3,49,0.6,2,True
M353,한민재,남성,40,서울,중소기업,6300,프리미엄,2024-12-16 13:59:00,SNS,72,작성 중,False,1,1,0,0,11,0.1,0,False
M354,권지호,남성,40,대구,중소기업,5100,베이직,2024-10-25 19:03:00,검색광고,72,작성 중,True,1,0,3,2,32,0.93,2,False
M355,황정우,남성,29,경기,중소기업,6400,VIP,2026-02-18 20:59:00,검색광고,88,완료,True,2,2,2,4,57,0.71,2,False
M356,조윤서,여성,31,경기 ,프리랜서,5400,프리미엄,2024-04-06 11:48:00,오프라인행사,92,완료,False,1,0,1,0,10,0.11,3,True
M357,안정우,남성,31,경기,중소기업,7900,프리미엄,2025-12-06 18:01:00,SNS,84,작성 중,True,3,1,0,3,38,0.54,2,True
M358,홍민서,여성,41,충북,연구직,6600,베이직,2024-07-20 16:44:00,검색광고,73,작성 중,True,2,1,1,2,28,0.67,3,True
M359,류민서,여성,33,경기,대기업,8100,베이직,2024-10-12 18:05:00,검색광고,95,완료,True,3,1,4,5,77,0.83,0,True
M360,이예준,남성,33,울산,공무원,3900,베이직,2025-09-15 17:11:00,검색광고,96,완료,True,1,2,2,3,61,0.52,1,False
M361,한지훈,남성,43,세종,연구직,6900,프리미엄,2025-11-01 16:28:00,지인추천,90,완료,True,3,2,3,6,94,0.51,3,True
M362,황소율,여성,34,서울,공무원,5100,베이직,2024-05-04 20:29:00,SNS,68,작성 중,False,1,0,1,1,13,0.34,0,False
M363,강하준,남성,29,부산,공기업,7300,베이직,2026-05-19 16:05:00,지인추천,81,작성 중,True,0,2,3,1,24,0.77,6,True
M364,김도현,남성,26,부산,연구직,7000,베이직,2026-01-28 17:58:00,SNS,85,완료,False,1,1,1,2,7,0.16,0,False
M365,최예준,남성,38,경기,교직,9200,베이직,2025-09-12 19:51:00,지인추천,69,작성 중,False,0,0,0,1,2,0.4,0,False
M366,송정우,남성,41,서울,중견기업,9900,베이직,2024-03-02 11:13:00,제휴,73,작성 중,True,6,4,2,3,83,0.81,4,True
M367,윤준서,남성,39,경기,중견기업,7800,베이직,2025-02-24 11:07:00,지인추천,74,작성 중,True,3,5,3,2,91,0.55,2,True
M368,홍정우,남성,38,경기,중소기업,6500,베이직,2025-11-21 14:58:00,지인추천,78,작성 중,True,1,1,2,4,62,0.54,3,True
M369,윤지우,여성,38,전남,공무원,5600,프리미엄,2024-10-29 17:11:00,SNS,97,완료,True,1,2,4,2,56,0.78,2,True
M370,김지훈,남성,41,전북,중견기업,8000,베이직,2024-03-16 19:08:00,검색광고,100,완료,True,4,1,2,4,64,0.74,1,False
M371,이시우,남성,38,충남,중소기업,6600,프리미엄,2026-02-21 17:31:00,검색광고,96,완료,True,3,2,3,3,71,0.28,1,True
M372,이예준,남성,35,인천,연구직,7700,베이직,2026-01-13 17:51:00,SNS,82,작성 중,True,1,1,5,4,66,0.63,2,True
M373,장채원,여성,44,부산,IT,8100,베이직,2025-10-20 11:13:00,지인추천,57,미완료,False,3,1,1,0,14,0.3,2,False
M374,송시우,남성,47,경기,공기업,7500,베이직,2025-05-15 19:16:00,SNS,100,완료,True,2,1,3,1,43,0.4,1,False
M375,한예은,여성,31,경기,전문직,9300,베이직,2024-01-02 17:25:00,제휴,69,작성 중,True,2,1,4,1,38,0.52,3,False
M376,최민재,남성,33,대전,중견기업,6300,베이직,2025-04-11 20:08:00,검색광고,78,작성 중,True,2,1,2,3,50,0.48,1,False
M377,이정우,남성,33,서울,교직,7600,프리미엄,2024-11-07 13:26:00,제휴,72,작성 중,False,1,0,0,3,17,0.29,2,False
M378,신예준,남성,32,경기,공기업,7500,프리미엄,2025-05-15 15:32:00,오프라인행사,90,완료,True,6,1,3,3,76,0.62,4,True
M379,안서준,남성,36,경기,중소기업,6600,VIP,2026-02-17 11:46:00,제휴,100,완료,True,3,2,2,3,65,0.49,4,True
M380,신준서,남성,33,대구,연구직,7000,프리미엄,2024-11-18 13:14:00,오프라인행사,93,완료,True,1,2,1,1,30,0.41,2,False
M381,윤도현,남성,32,서울,연구직,5400,VIP,2026-02-21 17:25:00,지인추천,77,작성 중,True,4,5,2,3,81,,2,False
M382,권채원,여성,32,서울,프리랜서,3100,베이직,2025-01-12 12:46:00,지인추천,63,작성 중,False,0,0,0,1,6,0.24,0,False
M383,홍건우,남성,39,서울,의료,9100,베이직,2024-04-10 20:15:00,SNS,85,완료,False,0,0,0,0,0,0.38,1,False
M384,조지호,남성,35,경기,전문직,8900,VIP,2024-04-20 10:18:00,제휴,95,완료,False,0,0,1,2,4,0.37,4,False
M385,김지호,남성,30,경기,프리랜서,4200,베이직,2024-09-17 13:09:00,SNS,94,완료,True,3,3,3,4,101,0.64,5,False
M386,류도현,남성,34,서울,대기업,,프리미엄,2024-03-28 09:06:00,오프라인행사,100,완료,True,1,1,0,2,22,0.61,2,True
M387,한민서,여성,34,인천,중소기업,5600,베이직,2024-01-13 16:34:00,SNS,79,작성 중,True,4,3,1,5,84,0.65,3,False
M388,박지민,여성,28,강원,공무원,7500,베이직,2024-07-07 14:23:00,지인추천,62,작성 중,True,0,1,2,2,17,0.81,0,True
M389,이윤서,여성,39,서울,중소기업,3800,프리미엄,2025-11-03 15:44:00,오프라인행사,86,완료,True,2,2,0,4,44,0.53,4,True
M390,박예준,남성,31,서울,중소기업,7800,프리미엄,2026-04-03 20:35:00,SNS,79,작성 중,True,3,3,3,2,65,0.68,3,True
M391,권하준,남성,26,경북,중소기업,7800,프리미엄,2026-03-18 13:50:00,지인추천,98,완료,True,1,3,3,1,75,0.79,1,True
M392,정건우,남성,34,서울,공무원,5500,베이직,2025-12-25 10:00:00,오프라인행사,81,작성 중,True,3,3,0,3,45,0.52,4,True
M393,강채원,여성,28,경기,자영업,6000,베이직,2026-01-20 18:45:00,SNS,63,작성 중,True,1,1,1,3,33,0.4,0,False
M394,송도현,남성,44,충북,중견기업,9800,VIP,2025-04-21 17:08:00,지인추천,84,작성 중,True,4,3,2,3,99,0.56,2,True
M395,윤지훈,남성,38,경기,중소기업,5100,베이직,2025-08-15 18:25:00,오프라인행사,92,완료,True,1,2,3,4,64,0.5,3,False
M396,박우진,남성,39,경기,대기업,8400,베이직,2026-05-15 20:27:00,오프라인행사,72,작성 중,True,3,2,0,4,38,0.39,0,False
M397,한윤서,여성,35,서울,금융,9000,베이직,2025-09-05 14:19:00,검색광고,92,완료,True,3,5,3,2,95,0.54,2,True
M398,서서준,남성,29,충남,금융,9000,프리미엄,2024-12-02 18:13:00,검색광고,78,작성 중,True,4,1,2,1,32,0.74,0,False
M399,송은서,여성,32,대구,공기업,5800,베이직,2025-07-28 17:18:00,제휴,93,완료,True,2,2,1,4,47,0.7,3,False
M400,권지호,남성,32,인천,중견기업,9700,VIP,2025-01-09 19:28:00,검색광고,96,완료,True,2,1,1,4,49,0.88,2,False
M401,서소율,여성,34,충남,중소기업,5700,베이직,2025-12-04 15:05:00,검색광고,84,작성 중,False,0,0,2,1,9,0.02,2,False
M402,한다은,여성,31,서울,전문직,9200,베이직,2025-10-25 14:43:00,오프라인행사,77,작성 중,True,0,2,2,5,66,0.39,4,True
M403,최채원,여성,36,부산,공기업,7600,프리미엄,2025-02-12 16:38:00,지인추천,77,작성 중,True,1,1,2,3,40,0.39,0,True
M404,정은서,여성,37,대전,연구직,10200,프리미엄,2024-02-24 09:01:00,검색광고,79,작성 중,False,1,1,1,1,7,0.81,1,False
M405,한유진,여성,33,인천,중견기업,5400,베이직,2024-03-27 14:29:00,오프라인행사,81,작성 중,False,1,1,2,1,20,0.13,1,False
M406,안지우,여성,38,울산,자영업,7900,프리미엄,2024-12-01 12:29:00,제휴,97,완료,True,3,3,0,4,75,0.63,4,True
M407,홍예은,여성,28,경기,금융,11400,프리미엄,2025-05-07 20:10:00,제휴,48,미완료,False,0,0,0,2,10,0.47,0,False
M408,김서연,여성,32,전북,중소기업,6800,프리미엄,2024-05-19 09:08:00,검색광고,61,작성 중,True,3,1,3,1,39,0.61,6,True
M409,이예준,남성,33,광주,전문직,12600,베이직,2024-10-28 14:38:00,오프라인행사,45,미완료,True,2,3,1,2,47,0.91,0,False
M410,황하윤,여성,39,세종,공기업,5700,베이직,2024-03-15 13:15:00,제휴,92,완료,True,3,2,3,2,64,0.9,4,True
M411,송지호,남성,33,전북,교직,7600,베이직,2025-12-08 13:31:00,지인추천,68,작성 중,True,3,3,0,0,39,0.48,3,True
M412,임준서,남성,40,충남,중소기업,6200,프리미엄,2025-09-09 20:19:00,오프라인행사,60,작성 중,False,1,0,1,2,11,0.31,1,False
M413,박수아,여성,28,경기,공기업,6800,베이직,2026-02-02 20:13:00,검색광고,63,작성 중,True,1,1,3,1,28,0.16,1,True
M414,안서연,여성,40,인천,교직,5600,베이직,2025-01-30 14:03:00,지인추천,67,작성 중,True,0,2,2,1,21,0.77,2,True
M415,권지호,남성,37,서울,의료,9000,프리미엄,2025-02-23 09:21:00,SNS,98,완료,True,3,3,4,2,76,0.61,3,True
M416,류정우,남성,32,대구,중소기업,7800,프리미엄,2024-01-15 15:14:00,SNS,93,완료,True,1,3,2,5,83,0.74,3,True
M417,강하윤,여성,35,강원,중소기업,6500,프리미엄,2024-12-02 19:09:00,오프라인행사,84,작성 중,True,2,2,5,2,66,0.62,3,True
M418,신도현,남성,39,경북,중소기업,4100,프리미엄,2025-12-15 13:01:00,지인추천,100,완료,True,3,1,2,3,46,0.38,6,False
M419,홍민재,남성,35,서울,중소기업,4900,베이직,2025-02-24 20:36:00,검색광고,90,완료,True,3,0,4,6,83,0.67,4,True
M420,오시우,남성,40,서울,전문직,9300,베이직,2025-11-08 09:26:00,검색광고,80,작성 중,True,0,3,2,2,40,0.83,5,False
M421,신현우,남성,36,경기,의료,8600,프리미엄,2025-06-20 13:31:00,SNS,62,작성 중,True,2,1,2,4,44,0.55,4,False
M422,신준서,남성,41,경기,중견기업,12700,베이직,2024-03-24 12:56:00,SNS,85,완료,True,1,3,1,2,59,0.62,3,True
M423,정지호,남성,41,경기,공기업,7300,프리미엄,2026-05-05 20:04:00,지인추천,81,작성 중,True,3,4,1,2,51,0.41,3,False
M424,안현우,남성,25,대전,대기업,9600,프리미엄,2024-09-23 16:01:00,검색광고,84,작성 중,False,1,1,1,2,17,0.23,0,False
M425,안지아,여성,46,경남,공무원,9400,프리미엄,2025-03-01 17:08:00,오프라인행사,79,작성 중,False,0,1,1,1,4,0.25,4,False
M426,조민서,여성,36,전북,대기업,8100,프리미엄,2024-08-28 09:26:00,제휴,73,작성 중,True,2,2,4,2,61,0.54,2,True
M427,장지훈,남성,40,서울,금융,10100,VIP,2026-05-06 15:02:00,SNS,61,작성 중,True,2,0,2,2,17,0.76,0,True
M428,김시우,남성,43,서울,연구직,7600,프리미엄,2024-02-10 15:56:00,지인추천,90,완료,True,3,0,3,5,86,0.53,5,False
M429,한서연,여성,35,제주,중소기업,6600,베이직,2025-03-09 18:48:00,검색광고,50,미완료,True,0,1,5,2,45,0.16,1,True
M430,황하준,남성,41,경기,대기업,8800,베이직,2025-12-21 17:58:00,오프라인행사,51,미완료,False,0,0,2,0,7,0.14,2,False
M431,황도윤,남성,35,경기,중견기업,6900,베이직,2025-11-09 09:36:00,검색광고,76,작성 중,True,1,2,2,2,46,0.8,0,True
M432,오지아,여성,25,부산,자영업,3700,프리미엄,2024-11-16 18:34:00,오프라인행사,86,완료,True,1,2,3,3,49,0.3,0,False
M433,홍예은,여성,25,인천,연구직,8300,VIP,2025-03-13 13:33:00,지인추천,82,작성 중,False,0,0,0,0,0,0.16,1,True
M434,홍지우,여성,25,서울,중견기업,6600,베이직,2025-10-11 19:00:00,제휴,83,작성 중,True,0,1,1,1,18,0.74,4,True
M435,최정우,남성,38,서울,중견기업,4000,베이직,2024-02-25 18:42:00,SNS,58,미완료,False,0,1,1,0,4,0.15,5,False
M436,강은서,여성,33,부산,교직,6800,프리미엄,2025-07-23 14:53:00,지인추천,73,작성 중,True,2,2,2,3,62,0.73,4,True
M437,권민준,남성,37,충남,공기업,6500,베이직,2025-07-22 15:03:00,오프라인행사,88,완료,True,3,4,2,3,71,0.31,2,True
M438,안윤서,여성,29,경기,전문직,9100,베이직,2026-02-22 19:56:00,검색광고,60,작성 중,False,0,0,0,0,0,0.25,0,False
M439,박예은,여성,48,충북,공기업,4600,프리미엄,2025-03-05 15:09:00,지인추천,83,작성 중,True,2,3,2,4,71,0.52,2,False
M440,이소율,여성,28,경기,금융,10200,베이직,2026-01-11 14:58:00,지인추천,93,완료,True,4,2,1,2,63,0.89,1,False
M441,최우진,남성,37,경기,중견기업,7000,베이직,2026-03-22 09:05:00,제휴,91,완료,True,4,1,2,2,53,0.75,4,False
M442,서윤서,여성,33,경기,금융,9200,프리미엄,2024-08-17 14:55:00,지인추천,86,완료,True,1,1,4,3,50,0.58,3,False
M443,안준서,남성,34,경기,중견기업,4100,베이직,2024-06-29 15:19:00,지인추천,90,완료,True,1,3,4,0,55,0.63,4,False
M444,장지우,여성,42,대전,금융,8600,베이직,2024-01-08 18:31:00,검색광고,73,작성 중,True,3,1,3,1,56,0.69,3,False
M445,정준서,남성,26,경기 ,공무원,4800,베이직,2026-02-25 20:49:00,검색광고,95,완료,True,4,1,2,4,84,0.77,3,True
M446,강건우,남성,35,대전,IT,8800,베이직,2024-11-24 13:18:00,지인추천,100,완료,True,2,4,2,1,58,0.53,1,False
M447,송정우,남성,36,광주,중견기업,8300,프리미엄,2024-09-23 13:57:00,검색광고,67,작성 중,True,2,1,2,1,44,0.31,0,False
M448,한정우,남성,34,대전,공무원,5800,베이직,2024-11-07 16:32:00,제휴,100,완료,True,5,2,4,4,97,0.86,5,False
M449,정민재,남성,36,울산,중소기업,3400,프리미엄,2024-11-06 15:24:00,제휴,76,작성 중,False,2,0,1,0,14,0.03,2,False
M450,장예은,여성,32,서울,의료,8900,프리미엄,2024-06-23 13:07:00,오프라인행사,64,작성 중,True,2,0,1,2,25,0.67,3,False
M451,류예은,여성,37,서울,공기업,7400,프리미엄,2024-10-25 09:31:00,지인추천,71,작성 중,True,2,4,2,2,40,0.72,1,True
M452,윤민재,남성,42,서울,금융,12300,프리미엄,2025-03-20 16:32:00,지인추천,76,작성 중,True,1,3,2,3,61,0.66,1,True
M453,강민재,남성,36,인천,공무원,7600,베이직,2025-11-27 09:47:00,제휴,100,완료,True,3,2,2,2,67,0.73,2,True
M454,황하준,남성,35,충남,대기업,11400,베이직,2024-09-07 13:38:00,검색광고,67,작성 중,False,0,0,0,3,11,0.41,1,False
M455,임지훈,남성,36,서울,의료,8300,프리미엄,2024-08-15 10:51:00,지인추천,89,완료,True,3,1,2,2,60,0.61,1,False
M456,장하준,남성,34,전남,IT,7900,베이직,2025-10-13 17:01:00,제휴,67,작성 중,True,1,1,1,2,27,0.4,1,False
M457,장채원,여성,36,인천,대기업,10600,베이직,2024-02-29 17:09:00,SNS,68,작성 중,False,0,0,2,0,7,0.08,2,False
M458,장시우,남성,30,경기,공무원,5700,베이직,2024-03-18 15:32:00,SNS,98,완료,True,3,1,3,2,49,0.91,4,True
M459,홍윤서,여성,32,제주,교직,11900,프리미엄,2025-09-16 11:48:00,제휴,87,완료,True,2,4,3,1,64,0.59,6,True
M460,오하준,남성,38,경기,교직,10400,프리미엄,2026-02-15 15:45:00,지인추천,69,작성 중,False,0,2,0,2,19,0.12,1,False
M461,안민서,여성,44,인천,금융,10300,베이직,2026-01-25 17:03:00,검색광고,54,미완료,True,1,2,1,0,21,0.68,0,True
M462,김준서,남성,41,대전,연구직,8100,베이직,2026-02-22 12:20:00,제휴,78,작성 중,True,1,0,0,4,22,0.36,1,False
M463,장정우,남성,39,제주,공기업,9100,베이직,2024-01-02 18:03:00,제휴,81,작성 중,True,2,3,2,5,60,0.6,2,True
M464,이하윤,여성,33,경기,전문직,9600,프리미엄,2024-10-10 17:23:00,지인추천,83,작성 중,True,3,3,5,1,85,0.42,4,True
M465,강민재,남성,32,대전,IT,8300,베이직,2026-02-20 13:49:00,제휴,81,작성 중,True,3,3,2,4,68,0.59,0,False
M466,한수아,여성,44,인천,자영업,9800,베이직,2025-10-10 11:37:00,지인추천,100,완료,True,3,2,5,4,95,0.6,3,True
M467,류우진,남성,48,인천,교직,10600,베이직,2025-09-02 09:03:00,오프라인행사,100,완료,True,4,2,2,2,64,0.64,4,False
M468,임정우,남성,39,경기,의료,9800,프리미엄,2024-06-30 16:52:00,제휴,86,완료,True,3,1,2,4,52,0.64,4,True
M469,최서준,남성,28,경북,중소기업,4500,베이직,2024-03-04 18:23:00,제휴,92,완료,True,1,3,4,3,69,0.65,1,True
M470,홍현우,남성,43,경남,공무원,6400,베이직,2026-05-16 09:11:00,제휴,90,완료,True,1,2,3,2,52,0.75,5,True
M471,윤민준,남성,47,인천,대기업,10700,VIP,2024-11-02 11:20:00,오프라인행사,64,작성 중,False,0,1,1,1,8,0.16,0,False
M472,김도윤,남성,36,부산,중견기업,8800,프리미엄,2025-08-18 20:38:00,검색광고,80,작성 중,True,1,1,3,3,50,0.67,1,False
M473,서현우,남성,25,서울,중견기업,5500,프리미엄,2025-02-04 20:18:00,오프라인행사,92,완료,True,2,0,2,3,41,0.47,3,True
M474,임준서,남성,33,충북,전문직,11000,베이직,2026-13-40 09:00:00,오프라인행사,80,작성 중,True,2,2,2,2,51,0.78,0,True
M475,오민준,남성,25,경기,공기업,6100,프리미엄,2025-09-25 13:42:00,검색광고,98,완료,True,1,2,3,1,50,0.49,2,True
M476,장하윤,여성,44,인천,중소기업,3800,프리미엄,2026-04-03 20:52:00,검색광고,100,완료,True,3,3,3,2,61,0.47,4,True
M477,강서윤,여성,42,강원,중견기업,미정,프리미엄,2024-12-17 14:22:00,지인추천,71,작성 중,True,4,2,2,3,55,0.4,4,False
M478,오윤서,여성,44,경기,자영업,7200,베이직,2024-03-30 18:40:00,제휴,98,완료,True,2,2,2,5,67,0.34,4,True
M479,박민준,남성,45,경기,금융,10300,프리미엄,2026-02-28 14:22:00,오프라인행사,92,완료,False,2,0,1,1,8,0.39,4,True
M480,오소율,여성,40,서울,중소기업,7500,베이직,2025-07-17 20:27:00,검색광고,73,작성 중,False,0,0,0,2,7,0.31,0,True
M481,김하윤,여성,25,경기,연구직,8700,프리미엄,2026-01-28 13:40:00,제휴,71,작성 중,True,2,0,2,1,37,0.58,0,True
M482,홍지민,여성,45,충북,중소기업,7400,베이직,2024-11-19 17:07:00,오프라인행사,82,작성 중,True,2,3,3,4,72,0.65,5,True
M483,윤도윤,남성,32,경남,공무원,6500,베이직,2026-04-20 12:13:00,SNS,71,작성 중,False,1,2,0,0,1,0.33,2,False
M484,강하준,남성,32,경기,연구직,5700,베이직,2026-03-27 14:02:00,오프라인행사,81,작성 중,True,2,0,1,4,40,0.64,4,True
M485,윤서준,남성,36,서울,공기업,6900,베이직,2024-12-03 13:03:00,제휴,80,작성 중,True,3,2,5,3,68,0.61,2,True
M486,오채원,여성,26,경기,IT,9000,베이직,2024-08-18 09:19:00,SNS,82,작성 중,False,0,1,2,1,10,0.14,2,False
M487,조하윤,여성,37,서울,금융,10600,프리미엄,2026-02-01 12:05:00,지인추천,100,완료,True,4,5,1,3,88,0.87,2,False
M488,권하윤,여성,37,서울,금융,8500,프리미엄,2024-10-11 09:38:00,제휴,65,작성 중,False,1,1,1,0,5,0.23,1,False
M489,임지호,남성,38,전북,전문직,12100,베이직,2025-12-16 13:41:00,지인추천,91,완료,True,3,2,2,3,43,0.4,1,False
M490,오유진,여성,31,부산,공기업,7300,프리미엄,2024-09-23 10:22:00,SNS,77,작성 중,True,1,3,1,0,15,0.73,5,True
M491,김도윤,남성,25,경기,공무원,4500,프리미엄,2026-04-22 15:21:00,검색광고,72,작성 중,True,4,3,2,1,53,0.32,3,True
M492,김민서,여성,46,대전,대기업,9000,베이직,2025-05-03 12:27:00,지인추천,87,완료,True,1,2,2,3,52,,2,True
M493,정현우,남성,40,경기,공무원,7100,베이직,2025-10-05 11:24:00,SNS,89,완료,True,3,3,2,1,43,0.23,3,False
M494,권다은,여성,30,광주,전문직,13700,베이직,2024-07-15 19:05:00,검색광고,79,작성 중,False,0,0,1,2,10,0.44,1,False
M495,정민재,남성,30,서울,공무원,7400,프리미엄,2025-02-26 11:00:00,지인추천,79,작성 중,True,3,2,0,1,36,0.58,4,True
M496,권현우,남성,25,경기,의료,7000,프리미엄,2024-08-07 19:13:00,오프라인행사,81,작성 중,True,2,4,1,4,68,0.26,3,True
M497,오예은,여성,25,경남,IT,6500,프리미엄,2026-04-13 10:21:00,지인추천,65,작성 중,False,0,1,0,0,0,0.44,0,False
M498,강예준,남성,49,세종,공무원,6900,베이직,2026-01-12 19:48:00,오프라인행사,100,완료,False,1,1,0,1,5,0.02,2,False
M499,한다은,여성,30,부산,중견기업,6400,베이직,2024-05-16 12:31:00,제휴,100,완료,True,2,2,3,3,67,0.66,5,False
M500,한민재,남성,40,대전,중소기업,7300,VIP,2025-04-17 11:40:00,오프라인행사,78,작성 중,True,3,2,3,4,79,0.58,4,False
M501,강도윤,남성,36,서울,중소기업,6800,프리미엄,2025-12-26 15:07:00,검색광고,98,완료,False,1,0,0,1,9,0.2,4,False
M502,오건우,남성,25,경기,교직,7000,프리미엄,2025-04-17 18:27:00,오프라인행사,60,작성 중,False,0,0,3,0,4,0.25,0,False
M503,장현우,남성,41,경기,대기업,8900,베이직,2025-12-14 19:35:00,지인추천,78,작성 중,False,1,0,1,1,10,0.15,1,False
M504,윤하윤,여성,40,충북,연구직,9200,베이직,2026-03-16 14:36:00,SNS,82,작성 중,True,6,2,1,3,72,0.56,2,False
M505,최은서,여성,49,전남,중소기업,5100,베이직,2026-05-09 10:02:00,오프라인행사,69,작성 중,True,2,3,3,3,63,0.68,3,True
M506,김지민,여성,34,부산,공기업,8100,VIP,2025-01-26 11:13:00,오프라인행사,87,완료,True,0,3,0,3,31,0.73,3,False
M507,권지아,여성,35,인천,자영업,8100,베이직,2024-10-16 17:05:00,오프라인행사,74,작성 중,True,1,4,1,2,41,0.12,3,False
M508,안서준,남성,32,서울,IT,7400,베이직,2025-08-29 16:48:00,SNS,77,작성 중,True,2,2,2,3,47,0.4,0,False
M509,신지호,남성,42,서울,IT,8000,베이직,2025-08-21 14:20:00,검색광고,100,완료,True,3,3,4,4,89,0.71,1,True
M510,송준서,남성,33,대구,공기업,7200,베이직,2025-05-19 09:09:00,오프라인행사,87,완료,True,3,4,1,1,41,0.45,3,True
M511,신건우,남성,39,서울,중견기업,6500,프리미엄,2026-03-23 15:01:00,지인추천,97,완료,True,2,4,0,4,58,0.73,3,True
M512,장지민,여성,36,서울,교직,7100,프리미엄,2024-06-21 10:53:00,지인추천,91,완료,True,2,1,3,1,64,0.56,7,False
M513,홍민재,남성,35,서울,대기업,8000,베이직,2025-05-02 20:58:00,제휴,53,미완료,False,1,0,0,1,8,0.56,0,False
M514,오민재,남성,34,경기,중소기업,5200,베이직,2024-11-04 18:34:00,지인추천,73,작성 중,True,2,3,3,2,58,0.27,3,True
M515,홍예은,여성,40,부산,대기업,11600,프리미엄,2025-02-09 18:26:00,제휴,78,작성 중,True,1,5,2,4,69,0.57,2,True
M516,오서연,여성,32,서울,전문직,10400,베이직,2024-03-06 11:23:00,지인추천,65,작성 중,False,1,0,0,1,5,0.2,1,False
M517,강지우,여성,31,경기,공기업,5600,베이직,2025-10-15 12:21:00,오프라인행사,90,완료,True,3,3,2,5,95,0.61,4,True
M518,조민준,남성,42,경기,공무원,6700,베이직,2025-08-12 09:41:00,제휴,80,작성 중,False,0,0,0,0,0,0.49,1,False
M519,류지아,여성,32,서울,중소기업,5600,베이직,2025-07-20 13:32:00,지인추천,88,완료,False,3,0,1,1,12,0.28,2,False
M520,송민재,남성,41,충북,의료,8800,베이직,2024-09-04 20:43:00,오프라인행사,100,완료,True,3,2,1,2,51,0.74,4,False
M521,박지호,남성,29,대구,중견기업,9000,베이직,2024-06-30 17:26:00,오프라인행사,57,미완료,False,1,2,1,2,14,0.31,4,False
M522,이하윤,여성,45,인천,대기업,10800,프리미엄,2025-10-15 11:05:00,오프라인행사,67,작성 중,False,1,0,0,0,2,0.32,0,False
M523,윤도윤,남성,48,경기,중소기업,7100,VIP,2025-02-05 10:12:00,SNS,80,작성 중,True,0,1,2,3,40,0.67,2,True
M524,황예준,남성,38,대구,대기업,9300,VIP,2026-04-01 17:19:00,오프라인행사,76,작성 중,True,2,2,1,1,41,0.78,1,False
M525,한채원,여성,40,충북,중소기업,7200,베이직,2025-07-18 12:10:00,지인추천,75,작성 중,True,0,2,2,2,32,0.58,2,True
M526,한수아,여성,33,서울,프리랜서,7300,베이직,2024-12-07 11:36:00,오프라인행사,56,미완료,True,3,4,1,3,64,0.53,2,False
M527,한은서,여성,38,경남,대기업,10500,베이직,2026-05-21 16:42:00,SNS,79,작성 중,True,4,4,1,1,70,0.66,4,False
M528,박민준,남성,25,인천,대기업,9300,베이직,2024-04-24 20:15:00,오프라인행사,60,작성 중,False,1,1,0,0,7,0.28,0,False
M529,임지아,여성,44,광주,교직,7500,베이직,2025-08-12 13:27:00,SNS,74,작성 중,True,2,0,4,2,41,0.62,2,False
M530,박수아,여성,28,서울,공무원,4300,프리미엄,2024-03-28 12:32:00,검색광고,92,완료,True,2,6,3,2,77,0.86,2,True
M531,이우진,남성,35,서울,공무원,4300,베이직,2025-08-07 12:57:00,검색광고,71,작성 중,True,2,1,5,3,65,0.3,1,False
M532,권소율,여성,43,대전,의료,7800,베이직,2024-12-07 19:57:00,검색광고,61,작성 중,False,0,2,1,1,9,0.23,1,False
M533,서지아,여성,39,인천,IT,7500,프리미엄,2026-03-24 12:58:00,지인추천,84,작성 중,True,4,1,2,2,36,0.71,1,True
M534,류유진,여성,43,경기,연구직,9000,프리미엄,2025-07-27 12:07:00,검색광고,81,작성 중,True,4,2,2,4,97,0.42,2,False
M535,안지호,남성,41,경기,공기업,7800,프리미엄,2024-08-24 16:08:00,검색광고,83,작성 중,True,0,2,1,2,28,0.65,2,True
M536,강예준,남성,29,경기,중견기업,6400,프리미엄,2025-05-16 15:29:00,SNS,59,미완료,True,4,2,2,3,62,0.61,0,False
M537,신시우,남성,41,대구,공기업,8800,프리미엄,2024-04-25 15:40:00,지인추천,83,작성 중,True,1,1,0,3,42,0.56,1,True
M538,서다은,여성,44,경기,전문직,10300,프리미엄,2026-05-20 17:44:00,제휴,56,미완료,True,1,2,2,1,37,0.63,1,True
M539,임서준,남성,36,경기,교직,7800,베이직,2026-05-10 20:06:00,오프라인행사,83,작성 중,True,3,1,3,3,70,0.47,1,True
M540,이하윤,여성,36,경기,금융,11900,VIP,2024-06-27 19:53:00,SNS,88,완료,True,1,1,2,3,52,0.83,2,True
M541,장다은,여성,36,서울,대기업,10900,프리미엄,2025-07-19 14:17:00,오프라인행사,68,작성 중,True,2,2,1,4,40,0.82,4,False
M542,장지민,여성,41,경기,공기업,6300,베이직,2026-02-15 11:37:00,SNS,74,작성 중,True,5,1,1,4,70,0.69,2,True
M543,이서준,남성,37,경기,중소기업,3800,베이직,2025-08-01 09:00:00,SNS,72,작성 중,True,1,2,2,2,38,0.26,2,False
M544,홍정우,남성,37,경기,공무원,7700,베이직,2025-06-27 15:03:00,검색광고,79,작성 중,True,3,0,2,4,61,0.81,2,False
M545,정채원,여성,31,서울,공무원,6800,베이직,2025-08-06 13:30:00,검색광고,62,작성 중,True,0,3,1,2,27,0.66,3,True
M546,최유진,여성,32,경남,IT,7700,프리미엄,2025-08-08 15:49:00,검색광고,67,작성 중,True,0,3,2,4,66,0.81,4,True
M547,황민재,남성,44,서울,자영업,11200,프리미엄,2026-02-27 20:00:00,제휴,82,작성 중,True,1,4,3,3,49,0.79,3,False
M548,서다은,여성,43,서울,IT,12300,베이직,2024-06-30 15:50:00,지인추천,92,완료,True,2,2,2,4,64,0.75,2,False
M549,임예은,여성,29,경기,자영업,7500,VIP,2025-07-29 12:38:00,검색광고,100,완료,True,1,3,4,3,66,0.59,3,True
M550,홍서윤,여성,28,강원,중견기업,6700,베이직,2024-01-26 09:33:00,검색광고,96,완료,True,0,4,4,3,63,0.48,0,False
M551,박유진,여성,33,강원,금융,9400,VIP,2026-03-03 11:56:00,지인추천,88,완료,True,3,0,3,2,59,0.76,2,True
M552,김수아,여성,39,경남,공기업,7200,프리미엄,2025-01-20 13:05:00,지인추천,100,완료,True,4,4,2,4,100,0.61,4,True
M553,박지훈,남성,38,서울,중견기업,7600,VIP,2025-11-06 19:27:00,지인추천,91,완료,True,0,2,0,1,10,0.73,2,False
M554,임준서,남성,35,대구,공기업,5400,프리미엄,2025-01-28 20:59:00,검색광고,100,완료,True,4,3,3,2,88,0.88,2,True
M555,이은서,여성,32,대전,중견기업,6900,베이직,2025-06-20 20:32:00,SNS,64,작성 중,False,1,0,0,0,3,0.4,1,False
M556,류준서,남성,28,경남,대기업,8500,프리미엄,2024-08-21 19:41:00,지인추천,68,작성 중,True,3,4,3,2,73,0.62,3,False
M557,윤은서,여성,39,충남,프리랜서,7500,베이직,2025-05-05 17:34:00,SNS,79,작성 중,True,2,1,1,4,41,0.59,2,True
M558,안서윤,여성,25,경북,중소기업,4700,베이직,2026-05-11 18:56:00,검색광고,67,작성 중,True,3,4,1,2,49,0.5,4,True
M559,황도현,남성,30,서울,교직,9000,베이직,2026-04-09 11:06:00,SNS,80,작성 중,True,1,3,2,0,38,0.6,3,True
M560,김지훈,남성,36,인천,대기업,8800,베이직,2025-08-16 19:57:00,지인추천,75,작성 중,True,1,3,1,4,52,0.55,1,False
M561,최서윤,여성,40,서울,공기업,8000,베이직,2024-09-13 13:48:00,지인추천,84,작성 중,True,2,0,3,1,36,0.52,3,True
M562,조서준,남성,46,전남,공기업,9100,프리미엄,2024-07-08 13:08:00,오프라인행사,75,작성 중,True,4,0,0,1,32,0.5,6,False
M563,황시우,남성,33,경기,교직,6000,프리미엄,2025-11-22 10:06:00,SNS,68,작성 중,False,0,1,1,0,7,0.02,2,False
M564,권민서,여성,32,대전,전문직,7800,프리미엄,2024-01-16 17:11:00,지인추천,99,완료,True,3,2,3,1,52,0.53,2,True
M565,임지민,여성,39,경기,중소기업,5300,베이직,2026-02-22 12:45:00,SNS,98,완료,True,2,2,2,3,63,0.73,4,True
M566,송하윤,여성,28,경기,중견기업,6100,베이직,2024-04-29 13:18:00,제휴,74,작성 중,False,0,0,0,1,4,0.38,4,True
M567,서수아,여성,47,부산,공무원,10600,베이직,2026-05-06 18:32:00,오프라인행사,64,작성 중,True,2,4,4,4,80,0.4,3,True
M568,임우진,남성,32,대전,자영업,,베이직,2026-03-07 16:26:00,SNS,76,작성 중,False,2,0,1,1,10,0.42,0,False
M569,정지아,여성,31,서울,연구직,7900,베이직,2025-09-24 10:32:00,SNS,85,완료,True,4,3,4,3,82,0.44,3,False
M570,안서준,남성,35,인천,중소기업,6900,프리미엄,2026-04-04 20:32:00,지인추천,60,작성 중,True,1,3,4,2,38,0.38,0,False
M571,강하준,남성,30,경북,대기업,7900,프리미엄,2024-07-16 15:42:00,제휴,71,작성 중,True,2,1,3,2,47,0.39,3,False
M572,오지우,여성,42,전남,공무원,8000,베이직,2024-05-07 14:03:00,오프라인행사,76,작성 중,True,2,1,3,4,53,0.44,5,False
M573,한시우,남성,36,부산,대기업,10000,VIP,2024-11-14 20:33:00,제휴,87,완료,True,2,4,3,4,107,0.51,5,False
M574,오유진,여성,35,경남,자영업,7200,프리미엄,2025-08-12 10:25:00,오프라인행사,83,작성 중,True,1,1,2,2,31,0.84,1,False
M575,최예은,여성,35,부산,자영업,9100,베이직,2025-09-11 12:43:00,지인추천,78,작성 중,False,0,1,1,0,7,0.46,0,False
M576,홍건우,남성,34,울산,공무원,6700,베이직,2024-07-26 19:51:00,검색광고,60,작성 중,False,0,2,1,0,4,0.26,0,False
M577,강예준,남성,38,전북,프리랜서,4800,베이직,2025-07-05 12:39:00,오프라인행사,94,완료,True,4,1,3,6,106,0.36,4,False
M578,류지훈,남성,39,경기,중소기업,6700,VIP,2024-06-04 10:44:00,오프라인행사,100,완료,True,3,3,2,4,83,0.29,0,False
M579,조도윤,남성,29,서울,의료,8400,베이직,2024-03-12 13:27:00,검색광고,86,완료,False,0,0,1,1,4,0.06,2,False
M580,오서준,남성,26,경북,전문직,9000,베이직,2024-02-23 15:01:00,지인추천,76,작성 중,False,0,1,3,1,22,0.22,3,False
M581,권준서,남성,29,제주,금융,11000,베이직,2025-07-04 16:34:00,제휴,68,작성 중,True,4,2,3,2,62,0.59,1,False
M582,윤서윤,여성,35,부산,대기업,7100,베이직,2024-04-17 15:40:00,제휴,76,작성 중,False,2,0,3,0,26,0.23,3,False
M583,조정우,남성,41,대전,공기업,7200,베이직,2025-07-13 16:54:00,오프라인행사,56,미완료,False,0,0,0,0,0,0.33,1,False
M584,안지아,여성,34,충북,중소기업,3400,베이직,2025-11-23 11:32:00,검색광고,100,완료,True,4,2,2,3,70,0.58,2,True
M585,송시우,남성,29,부산,중견기업,8800,베이직,2024-01-05 12:27:00,오프라인행사,73,작성 중,True,3,5,2,2,59,0.18,5,False
M586,홍우진,남성,40,경기,전문직,10900,베이직,2025-01-02 20:24:00,SNS,59,미완료,False,1,0,0,1,3,0.27,2,False
M587,김지호,남성,29,서울,중견기업,3600,베이직,2026-03-31 10:58:00,지인추천,96,완료,True,2,1,1,3,43,0.3,3,True
M588,정서연,여성,33,서울,대기업,10700,프리미엄,2024-01-18 12:28:00,SNS,70,작성 중,False,0,0,2,1,4,0.02,0,False
M589,임수아,여성,32,부산,중견기업,7800,프리미엄,2024-10-21 20:15:00,지인추천,69,작성 중,False,1,0,2,0,10,0.51,2,True
M590,서민준,남성,40,서울,공무원,3800,베이직,2024-01-28 12:13:00,검색광고,92,완료,True,4,2,1,3,61,0.67,2,False
M591,한예은,여성,42,서울,교직,5800,프리미엄,2025-08-20 17:58:00,지인추천,78,작성 중,True,2,2,4,3,47,0.63,2,True
M592,송지우,여성,28,경남,프리랜서,6300,베이직,2025-09-17 19:25:00,검색광고,65,작성 중,True,3,2,2,4,60,0.4,4,False
M593,황지우,여성,31,경북,공무원,3600,VIP,2024-09-05 15:17:00,지인추천,60,작성 중,False,0,1,0,2,8,0.1,0,False
M594,오우진,남성,28,부산,교직,7100,베이직,2025-03-08 16:55:00,지인추천,92,완료,False,0,1,0,2,7,0.09,2,False
M595,한준서,남성,43,경기,금융,8700,프리미엄,2025-03-17 09:57:00,SNS,84,작성 중,True,3,1,4,3,64,0.7,4,False
M596,강지훈,남성,36,서울,대기업,11400,베이직,2024-11-27 18:29:00,SNS,61,작성 중,True,1,1,3,4,36,0.43,3,True
M597,홍시우,남성,40,서울,자영업,9100,프리미엄,2025-08-11 10:31:00,SNS,81,작성 중,True,2,0,4,3,52,0.5,3,False
M598,홍하준,남성,43,부산,대기업,10800,베이직,2024-04-27 11:19:00,오프라인행사,76,작성 중,True,3,2,2,3,63,0.64,5,True
M599,서지훈,남성,33,인천,대기업,10300,베이직,2025-08-23 14:23:00,지인추천,92,완료,True,1,1,1,5,49,0.56,4,False
M600,장도윤,남성,28,경기,공무원,7400,베이직,2024-03-20 17:35:00,제휴,97,완료,True,2,1,1,5,66,0.4,4,False
M601,강지호,남성,35,대전,IT,7700,베이직,2025-03-05 20:32:00,검색광고,82,작성 중,True,0,4,2,0,44,0.18,4,False
M602,안수아,여성,40,경기,전문직,11600,베이직,2025-11-26 10:48:00,지인추천,98,완료,True,4,2,2,4,82,0.33,4,False
M603,한준서,남성,38,부산,의료,10100,프리미엄,2025-05-28 09:10:00,오프라인행사,68,작성 중,False,0,1,2,1,16,,0,False
M604,한채원,여성,38,경남,공무원,8600,베이직,2025-12-19 12:08:00,지인추천,83,작성 중,True,3,2,3,1,57,0.83,7,True
M605,서채원,여성,42,울산,교직,9300,베이직,2025-12-04 20:39:00,SNS,100,완료,True,1,1,3,4,57,0.24,3,True
M606,강예은,여성,30,강원,의료,9700,프리미엄,2024-08-20 13:31:00,검색광고,88,완료,True,2,2,1,6,60,0.39,4,False
M607,장채원,여성,40,울산,공무원,6900,베이직,2025-04-20 11:19:00,검색광고,60,작성 중,False,1,0,0,0,4,0.02,0,False
M608,윤다은,여성,44,대전,공기업,7400,VIP,2025-09-25 14:16:00,SNS,57,미완료,False,1,0,1,0,1,0.2,3,False
M609,신민서,여성,39,광주,대기업,11500,베이직,2026-01-19 11:31:00,SNS,74,작성 중,False,0,0,1,1,1,0.3,0,False
M610,김준서,남성,32,충북,중소기업,4200,베이직,2025-06-14 09:45:00,제휴,68,작성 중,False,1,0,1,1,7,0.05,0,False
M611,서하준,남성,46,전북,중소기업,6600,프리미엄,2024-08-09 18:40:00,지인추천,89,완료,False,2,3,1,0,23,0.15,3,False
M612,황정우,남성,37,대구,중소기업,4500,베이직,2024-11-26 10:35:00,오프라인행사,78,작성 중,False,0,0,2,0,6,0.44,1,False
M613,송시우,남성,27,서울,전문직,9100,베이직,2025-02-21 19:06:00,SNS,84,작성 중,True,2,2,3,4,62,0.9,1,False
M614,김민서,여성,38,전북,중소기업,7800,베이직,2024-10-08 19:25:00,오프라인행사,60,작성 중,False,0,0,1,3,17,0.05,0,False
M615,송현우,남성,40,전북,금융,8700,프리미엄,2024-08-13 14:13:00,지인추천,71,작성 중,False,2,1,1,3,28,0.04,1,False
M616,임소율,여성,29,경기,금융,8300,베이직,2024-06-01 10:11:00,SNS,82,작성 중,True,2,1,3,1,27,0.42,0,True
M617,오시우,남성,41,대전,공무원,4800,프리미엄,2026-04-18 16:42:00,지인추천,71,작성 중,True,2,2,2,1,45,0.8,4,True
M618,이다은,여성,28,경기,의료,8900,프리미엄,2024-07-02 13:24:00,검색광고,75,작성 중,True,2,2,3,1,61,0.54,4,True
M619,류지훈,남성,28,경북,교직,5500,프리미엄,2025-07-06 12:22:00,제휴,82,작성 중,True,3,2,3,3,84,0.62,3,False
M620,오도윤,남성,42,경기,공기업,6900,베이직,2024-08-06 09:48:00,오프라인행사,71,작성 중,True,3,3,2,3,46,0.83,2,True
M621,한윤서,여성,27,경기,프리랜서,4600,프리미엄,2025-03-25 11:46:00,지인추천,90,완료,True,1,2,3,4,61,0.66,0,False
M622,신서준,남성,37,부산,교직,8700,프리미엄,2024-10-24 16:38:00,오프라인행사,75,작성 중,True,4,2,3,1,68,0.43,2,False
M623,윤하준,남성,31,대전,중견기업,8800,프리미엄,2025-07-05 20:14:00,제휴,82,작성 중,True,1,4,3,1,49,0.55,3,False
M624,조우진,남성,34,서울,연구직,5400,프리미엄,2025-08-27 16:19:00,지인추천,89,완료,True,5,4,3,4,112,0.53,4,True
M625,한서연,여성,42,서울,공무원,7300,베이직,2024-06-11 20:24:00,오프라인행사,100,완료,True,3,2,3,2,59,0.74,1,False
M626,신민재,남성,27,부산,공무원,6000,베이직,2025-04-28 17:16:00,제휴,94,완료,True,5,2,2,3,64,0.44,4,False
M627,권우진,남성,29,서울,교직,7900,베이직,2024-05-18 19:32:00,오프라인행사,81,작성 중,True,1,3,3,3,66,0.45,0,True
M628,황채원,여성,32,경기,중견기업,7800,베이직,2026-04-11 18:51:00,제휴,96,완료,True,5,2,3,4,93,0.63,0,False
M629,한도윤,남성,35,서울,IT,6400,베이직,2025-07-29 16:08:00,지인추천,97,완료,True,2,2,4,1,73,0.41,3,False
M630,이지민,여성,49,부산,공기업,9200,프리미엄,2025-01-31 14:31:00,지인추천,90,완료,True,4,3,1,5,100,0.89,2,True
M631,장서준,남성,30,강원,IT,8900,VIP,2025-03-25 16:02:00,검색광고,59,미완료,False,1,0,0,0,0,0.02,1,False
M632,안현우,남성,47,대전,대기업,9200,베이직,2025-03-07 15:32:00,제휴,62,작성 중,True,4,4,2,2,81,0.57,1,False
M633,이소율,여성,32,강원,공무원,6700,프리미엄,2025-01-01 19:50:00,검색광고,81,작성 중,True,2,1,0,5,63,0.4,1,False
M634,장지훈,남성,41,경기,연구직,8400,베이직,2024-08-12 09:55:00,SNS,80,작성 중,True,0,3,2,2,31,0.55,1,True
M635,송우진,남성,33,충남,전문직,10900,VIP,2026-01-01 17:26:00,지인추천,77,작성 중,False,1,0,0,0,3,0.57,3,False
M636,조민재,남성,33,인천,공무원,6000,베이직,2024-01-30 11:37:00,제휴,90,완료,True,0,4,2,2,57,0.65,2,True
M637,서지우,여성,42,전북,공무원,5200,프리미엄,2025-03-28 18:41:00,제휴,84,작성 중,False,2,0,1,1,8,0.02,3,False
M638,정수아,여성,39,강원,금융,11900,프리미엄,2026-04-22 19:30:00,제휴,100,완료,True,3,2,2,5,63,0.39,1,True
M639,정민재,남성,35,광주,전문직,12900,프리미엄,2024-12-13 11:11:00,오프라인행사,96,완료,True,1,3,4,3,75,0.59,3,False
M640,박하준,남성,37,경북,연구직,8100,프리미엄,2024-07-27 13:48:00,제휴,86,완료,True,3,2,2,2,54,0.85,3,False
M641,송윤서,여성,44,경북,대기업,9400,베이직,2024-11-29 18:24:00,SNS,64,작성 중,False,0,0,1,1,4,0.39,0,False
M642,강준서,남성,41,경기,중소기업,7100,프리미엄,2024-04-19 10:22:00,제휴,76,작성 중,True,1,2,2,2,51,0.49,4,False
M643,류서연,여성,31,서울,자영업,7300,베이직,2025-07-12 17:36:00,지인추천,75,작성 중,True,3,3,2,1,40,0.55,3,False
M644,조우진,남성,39,제주,공무원,6700,프리미엄,2024-01-13 12:57:00,제휴,92,완료,True,2,2,1,4,60,0.5,2,False
M645,류서연,여성,38,경기,중소기업,7400,프리미엄,2025-07-26 15:29:00,SNS,78,작성 중,True,2,2,3,1,64,0.35,4,False
M646,윤서연,여성,41,부산,공기업,5700,베이직,2025-06-17 19:50:00,SNS,73,작성 중,True,0,0,3,1,30,0.73,5,False
M647,박윤서,여성,39,세종,중견기업,8000,프리미엄,2025-05-24 18:11:00,SNS,90,완료,True,1,4,2,3,69,0.5,3,True
M648,박지호,남성,26,대구,교직,5600,프리미엄,2025-04-28 12:48:00,지인추천,100,완료,True,3,3,3,4,97,0.46,3,False
M649,강서연,여성,41,경기,중견기업,4200,베이직,2025-12-06 12:11:00,SNS,88,완료,True,5,2,3,4,89,0.63,4,False
M650,이현우,남성,26,서울,IT,7300,프리미엄,2024-12-25 16:07:00,지인추천,90,완료,True,1,1,4,3,57,0.58,0,False
M651,류수아,여성,48,경남,중소기업,5700,베이직,2026-02-19 15:06:00,검색광고,81,작성 중,False,2,2,2,1,26,0.02,0,False
M652,오민서,여성,36,부산,IT,11300,프리미엄,2025-01-14 11:19:00,SNS,90,완료,True,1,2,1,3,41,0.36,2,False
M653,윤하윤,여성,40,대구,연구직,10100,베이직,2024-04-08 11:24:00,SNS,82,작성 중,True,3,1,2,4,68,1,3,True
M654,서민서,여성,38,서울,자영업,11500,VIP,2025-09-20 17:31:00,지인추천,96,완료,True,4,2,0,4,60,0.63,3,True
M655,송예준,남성,31,경기,교직,7400,프리미엄,2025-08-09 13:29:00,지인추천,75,작성 중,True,3,6,4,0,56,0.73,1,False
M656,홍건우,남성,33,부산,프리랜서,6100,베이직,2025-12-29 16:14:00,검색광고,88,완료,True,2,3,2,1,42,0.69,2,False
M657,조지우,여성,32,경남,대기업,10100,프리미엄,2026-03-27 10:58:00,제휴,93,완료,True,0,3,5,2,87,0.57,3,False
M658,임수아,여성,31,경북,중견기업,8600,프리미엄,2026-04-17 12:14:00,제휴,60,작성 중,True,3,2,2,5,61,0.77,2,True
M659,서지훈,남성,35,경기,금융,미정,프리미엄,2026-05-11 19:54:00,SNS,87,완료,True,2,5,1,2,69,0.28,4,False
M660,한민재,남성,39,경남,중견기업,8800,프리미엄,2026-04-18 15:32:00,SNS,95,완료,True,1,3,2,3,63,0.63,0,True
M661,홍소율,여성,37,서울,IT,9300,VIP,2025-09-22 10:23:00,검색광고,91,완료,False,2,1,3,1,24,0.2,0,False
M662,조다은,여성,40,강원,전문직,12000,프리미엄,2025-04-22 17:50:00,제휴,75,작성 중,True,5,2,3,3,92,0.13,0,False
M663,이윤서,여성,36,경기,전문직,11300,베이직,2025-04-27 19:29:00,SNS,100,완료,True,2,2,4,4,80,0.5,1,False
M664,최도윤,남성,32,경기,중소기업,4900,프리미엄,2024-01-26 18:45:00,오프라인행사,71,작성 중,False,0,3,1,1,18,0.22,6,False
M665,윤소율,여성,43,경기,전문직,9800,프리미엄,2025-07-06 18:27:00,SNS,100,완료,True,2,4,2,1,67,0.83,1,False
M666,윤지훈,남성,32,충북,대기업,9100,베이직,2025-11-14 10:52:00,지인추천,81,작성 중,True,2,5,3,2,66,0.39,3,True
M667,신시우,남성,28,서울,대기업,8000,베이직,2025-07-15 10:32:00,오프라인행사,73,작성 중,False,1,0,0,0,2,0.54,0,True
M668,조하윤,여성,27,경기,대기업,6900,베이직,2024-05-03 17:19:00,지인추천,77,작성 중,True,1,1,3,1,33,0.59,3,True
M669,권민재,남성,31,경남,중소기업,4800,베이직,2024-09-17 15:25:00,지인추천,99,완료,True,1,3,2,3,55,0.35,3,False
M670,서은서,여성,35,서울,대기업,7400,베이직,2025-05-25 12:15:00,제휴,81,작성 중,True,1,1,2,2,42,0.42,2,False
M671,신현우,남성,46,서울,중소기업,7100,베이직,2025-01-16 12:30:00,제휴,86,완료,True,4,1,1,4,48,0.44,3,False
M672,안지호,남성,25,대구,교직,4300,프리미엄,2025-06-13 11:11:00,지인추천,100,완료,True,5,2,1,3,58,0.49,1,False
M673,강수아,여성,37,인천,전문직,10100,베이직,2024-09-17 15:31:00,지인추천,100,완료,True,1,3,4,3,71,0.15,3,False
M674,안은서,여성,37,서울,교직,5200,베이직,2025-08-21 09:47:00,지인추천,77,작성 중,True,0,5,4,4,68,0.48,2,True
M675,임정우,남성,31,경북,대기업,8600,베이직,2026-13-40 09:00:00,검색광고,65,작성 중,True,2,3,4,1,32,0.46,2,False
M676,최유진,여성,45,대전,금융,10700,프리미엄,2024-02-07 18:09:00,제휴,100,완료,True,1,2,2,3,65,0.75,4,True
M677,오정우,남성,37,서울,대기업,9200,베이직,2025-03-02 15:05:00,제휴,82,작성 중,True,2,3,2,2,50,0.78,3,False
M678,송현우,남성,39,서울,연구직,9900,VIP,2026-04-22 16:53:00,SNS,89,완료,True,2,2,3,4,99,0.54,3,False
M679,정서준,남성,39,전남,중소기업,7200,프리미엄,2026-03-27 18:01:00,지인추천,74,작성 중,False,1,0,3,1,17,0.49,0,True
M680,안민서,여성,36,전남,공기업,8100,베이직,2025-05-07 20:38:00,검색광고,87,완료,True,2,2,1,2,55,0.37,3,False
M681,장지호,남성,29,서울,전문직,10100,프리미엄,2025-12-29 18:07:00,검색광고,76,작성 중,True,1,3,2,3,56,0.52,4,True
M682,오도현,남성,45,서울,전문직,12000,프리미엄,2024-01-30 15:32:00,오프라인행사,95,완료,True,3,3,3,2,68,1,2,True
M683,강정우,남성,25,부산,중견기업,6300,프리미엄,2025-02-23 11:32:00,지인추천,58,미완료,False,1,1,0,1,4,0.2,3,False
M684,권지아,여성,42,서울,대기업,8500,프리미엄,2026-01-11 17:39:00,검색광고,85,완료,True,2,1,4,3,79,0.44,6,True
M685,임서윤,여성,38,경기,중소기업,7200,베이직,2025-04-28 10:24:00,SNS,78,작성 중,True,2,0,2,2,31,0.66,1,False
M686,임지우,여성,42,세종,대기업,10100,프리미엄,2025-10-06 09:00:00,제휴,97,완료,False,0,0,0,2,4,0.14,0,True
M687,서정우,남성,33,서울,중견기업,5900,프리미엄,2025-09-26 20:27:00,제휴,73,작성 중,True,2,1,1,2,35,0.76,4,True
M688,장지훈,남성,32,인천,중견기업,7100,베이직,2024-12-24 13:37:00,지인추천,86,완료,True,1,2,2,3,75,0.67,3,True
M689,조지훈,남성,48,충북,전문직,11700,베이직,2024-12-22 12:51:00,오프라인행사,65,작성 중,True,4,1,2,4,53,0.75,2,True
M690,황우진,남성,34,전남,공기업,6200,베이직,2025-02-14 11:45:00,오프라인행사,100,완료,True,1,2,5,3,65,0.64,1,False
M691,강우진,남성,39,충북,중견기업,7400,VIP,2025-05-04 12:07:00,오프라인행사,90,완료,True,1,3,2,3,70,0.91,2,True
M692,김윤서,여성,40,경기,전문직,10400,베이직,2025-08-13 10:14:00,검색광고,89,완료,False,1,2,0,0,9,0.05,1,False
M693,이유진,여성,41,서울,중소기업,6500,프리미엄,2024-03-31 19:42:00,검색광고,88,완료,True,1,3,1,2,38,0.75,3,False
M694,안민재,남성,28,경기,교직,6900,프리미엄,2024-08-23 12:22:00,SNS,75,작성 중,True,3,1,1,3,43,0.68,2,True
M695,서은서,여성,33,서울,교직,8400,베이직,2025-04-03 13:49:00,SNS,80,작성 중,True,3,1,2,3,61,0.37,3,False
M696,이지아,여성,30,경기,중소기업,4100,프리미엄,2024-01-08 11:42:00,오프라인행사,100,완료,True,3,3,4,2,97,0.94,0,False
M697,강정우,남성,36,세종,공기업,4800,프리미엄,2024-06-06 09:49:00,제휴,91,완료,True,3,2,2,5,77,0.61,1,False
M698,이채원,여성,36,서울,프리랜서,4500,베이직,2025-06-26 15:11:00,SNS,36,미완료,False,1,0,0,1,4,0.34,2,True
M699,안서윤,여성,30,부산,중견기업,8600,베이직,2025-01-15 14:23:00,제휴,74,작성 중,True,3,0,2,7,74,0.46,4,True
M700,홍시우,남성,43,울산,공무원,6700,프리미엄,2024-08-24 09:37:00,SNS,62,작성 중,True,4,2,2,0,36,0.42,2,False
M701,정하윤,여성,38,경기,연구직,3900,베이직,2024-12-18 13:31:00,SNS,89,완료,False,1,1,1,2,18,0.14,2,False
M702,박은서,여성,25,서울,중견기업,5400,VIP,2026-01-18 09:32:00,제휴,68,작성 중,False,3,0,0,2,11,0.2,3,False
M703,서예은,여성,35,경기,중견기업,9600,베이직,2025-01-14 17:14:00,제휴,92,완료,True,3,2,3,2,69,0.6,2,True
M704,권서준,남성,44,전북,공무원,8800,VIP,2024-07-16 12:15:00,제휴,50,미완료,False,0,1,0,1,2,0.43,3,False
M705,강예준,남성,36,광주,연구직,9700,베이직,2025-09-11 12:07:00,오프라인행사,85,완료,True,4,1,2,4,68,0.68,3,False
M706,장우진,남성,32,광주,중소기업,3700,베이직,2024-01-10 14:29:00,오프라인행사,65,작성 중,True,2,2,3,2,56,0.64,3,False
M707,최지아,여성,28,충남,공기업,6000,프리미엄,2024-09-27 16:04:00,검색광고,99,완료,True,2,3,3,1,65,0.58,1,False
M708,김수아,여성,39,서울,대기업,9300,프리미엄,2025-06-09 19:29:00,지인추천,72,작성 중,True,2,2,2,2,28,0.6,4,True
M709,임다은,여성,33,서울,프리랜서,4500,프리미엄,2025-09-07 19:50:00,지인추천,100,완료,True,2,2,3,3,70,0.53,1,False
M710,윤다은,여성,36,경기,자영업,7800,프리미엄,2025-08-31 10:27:00,SNS,100,완료,True,3,2,3,3,90,0.33,3,True
M711,강소율,여성,35,경기,공무원,4500,프리미엄,2025-12-29 10:15:00,검색광고,89,완료,False,1,2,2,1,13,0.18,3,False
M712,권민서,여성,36,전남,중견기업,7800,VIP,2026-01-13 20:15:00,지인추천,80,작성 중,False,3,1,0,0,13,0.02,0,False
M713,한은서,여성,39,부산,중소기업,4900,프리미엄,2024-06-04 14:30:00,제휴,73,작성 중,True,3,3,2,3,43,0.52,2,False
M714,임서준,남성,40,제주,중견기업,5900,프리미엄,2024-06-30 14:28:00,오프라인행사,90,완료,True,3,2,4,3,70,,2,False
M715,조수아,여성,31,인천,중소기업,5700,베이직,2025-03-14 12:10:00,검색광고,88,완료,True,3,1,1,3,46,0.42,1,False
M716,한도윤,남성,43,전남,공기업,7200,베이직,2025-02-05 12:15:00,제휴,67,작성 중,True,3,2,1,4,74,0.71,2,True
M717,장지훈,남성,26,서울,금융,10200,프리미엄,2024-09-23 16:39:00,지인추천,63,작성 중,True,1,1,3,2,43,0.46,5,False
M718,류시우,남성,33,충북,금융,7600,베이직,2024-01-12 19:01:00,SNS,86,완료,True,2,2,3,2,59,0.61,3,True
M719,조하준,남성,34,경북,중소기업,9400,VIP,2025-11-26 11:39:00,검색광고,87,완료,True,3,2,1,1,31,0.78,2,False
M720,송채원,여성,45,경기,중소기업,6300,베이직,2024-12-13 10:22:00,제휴,70,작성 중,False,0,1,0,1,9,0.18,1,False
M721,최지민,여성,33,경북,공무원,6700,프리미엄,2025-07-03 19:16:00,오프라인행사,99,완료,False,0,1,1,0,5,0.41,0,False
M722,최정우,남성,28,서울,연구직,8800,베이직,2024-01-18 09:38:00,SNS,100,완료,True,3,1,4,4,93,0.83,1,True
M723,박윤서,여성,45,울산,대기업,10900,베이직,2025-05-20 13:56:00,오프라인행사,67,작성 중,False,0,0,0,1,3,0.36,0,True
M724,윤민준,남성,25,충북,프리랜서,5500,프리미엄,2025-08-23 10:01:00,제휴,92,완료,True,1,4,4,3,77,0.7,2,True
M725,김도현,남성,37,경기,IT,7800,VIP,2026-03-14 12:06:00,SNS,84,작성 중,True,1,2,5,2,75,0.58,2,True
M726,장하준,남성,40,경기,중견기업,6400,프리미엄,2025-08-21 13:38:00,오프라인행사,97,완료,True,3,0,3,2,61,0.6,3,False
M727,홍지우,여성,35,서울,전문직,8700,베이직,2025-06-24 18:35:00,제휴,76,작성 중,True,2,0,2,3,53,0.47,3,True
M728,윤준서,남성,37,서울,연구직,5600,베이직,2025-03-07 19:46:00,검색광고,68,작성 중,False,0,0,0,0,0,0.63,0,False
M729,서정우,남성,38,경북,중견기업,8100,VIP,2025-12-02 19:13:00,오프라인행사,100,완료,True,3,1,4,2,86,0.37,2,True
M730,조유진,여성,40,서울,IT,8100,베이직,2024-11-06 20:35:00,제휴,86,완료,True,2,3,2,3,76,0.6,5,False
M731,정윤서,여성,32,대구,금융,7400,VIP,2025-02-03 17:43:00,검색광고,70,작성 중,False,1,2,0,0,8,0.38,3,False
M732,한도현,남성,29,서울,IT,4500,베이직,2026-05-08 16:00:00,SNS,79,작성 중,False,2,1,1,0,3,0.16,0,False
M733,안하윤,여성,39,전북,중소기업,3300,베이직,2024-05-15 11:14:00,오프라인행사,68,작성 중,False,2,0,1,1,8,0.02,1,False
M734,최예은,여성,25,경남,교직,7000,베이직,2025-02-14 09:43:00,검색광고,85,완료,True,4,1,2,8,100,0.55,3,False
M735,강민재,남성,25,대전,공무원,6300,베이직,2024-12-23 20:41:00,오프라인행사,91,완료,True,4,3,2,5,116,0.47,4,False
M736,김윤서,여성,32,부산,공무원,7800,베이직,2025-04-25 19:40:00,SNS,82,작성 중,True,2,4,3,2,55,0.24,1,False
M737,이정우,남성,43,서울,금융,10400,베이직,2024-06-12 20:47:00,제휴,78,작성 중,False,0,1,0,0,0,0.66,0,True
M738,권예준,남성,39,경기,공무원,3700,베이직,2024-11-04 20:02:00,오프라인행사,77,작성 중,True,2,2,2,3,75,0.45,3,False
M739,최민재,남성,30,전북,의료,11200,VIP,2026-04-21 20:36:00,SNS,84,작성 중,True,1,2,2,4,65,0.47,3,False
M740,류정우,남성,39,서울,중소기업,7900,베이직,2026-04-03 15:53:00,제휴,85,완료,True,1,3,3,7,100,0.57,3,False
M741,조현우,남성,29,서울,연구직,7600,베이직,2024-10-14 17:19:00,제휴,94,완료,True,6,2,4,1,81,0.59,2,True
M742,류하준,남성,31,인천,IT,8300,베이직,2025-02-03 12:51:00,제휴,68,작성 중,True,1,0,1,0,8,0.54,3,False
M743,장예준,남성,48,전북,의료,8500,베이직,2024-11-17 16:29:00,지인추천,100,완료,False,1,0,1,1,2,0.2,1,False
M744,홍현우,남성,41,경기,공무원,5500,프리미엄,2026-02-09 20:00:00,지인추천,68,작성 중,False,1,0,1,0,1,0.19,1,False
M745,한서윤,여성,43,서울,중소기업,7900,VIP,2024-11-18 15:37:00,검색광고,89,완료,True,3,2,2,1,48,0.2,3,True
M746,한민재,남성,31,서울,대기업,6100,베이직,2025-01-22 10:12:00,오프라인행사,84,작성 중,True,2,3,2,3,57,0.69,3,True
M747,한지아,여성,41,대구,프리랜서,6500,프리미엄,2025-09-20 14:14:00,지인추천,82,작성 중,True,1,3,1,1,26,0.34,1,False
M748,안서연,여성,29,서울,공무원,5100,베이직,2025-11-07 10:06:00,지인추천,86,완료,True,1,0,4,1,39,0.48,1,True
M749,한채원,여성,36,서울,중소기업,8400,베이직,2024-09-23 13:51:00,SNS,64,작성 중,True,1,3,1,2,28,0.64,2,True
M750,송지호,남성,26,경남,대기업,,베이직,2025-09-16 11:36:00,제휴,90,완료,True,3,4,1,2,73,0.77,3,True
M751,권서준,남성,41,부산,공무원,9000,프리미엄,2026-05-16 17:52:00,오프라인행사,96,완료,True,2,2,2,2,54,0.72,3,False
M752,임서준,남성,40,서울,중소기업,4900,프리미엄,2024-11-26 14:18:00,지인추천,99,완료,True,1,3,2,4,67,0.54,4,False
M753,권채원,여성,39,경기,연구직,8100,베이직,2024-02-11 09:44:00,오프라인행사,90,완료,True,0,2,2,3,62,0.61,3,True
M754,윤서윤,여성,31,인천,연구직,6800,베이직,2024-07-13 17:08:00,제휴,93,완료,True,1,3,0,3,45,0.51,2,False
M755,권지민,여성,25,충남,중소기업,6200,베이직,2025-08-31 16:15:00,제휴,76,작성 중,True,3,2,1,4,63,0.4,1,True
M756,안하윤,여성,38,경기,중견기업,8200,프리미엄,2025-11-09 19:45:00,오프라인행사,100,완료,True,3,3,3,1,60,0.22,3,False
M757,강지호,남성,36,경기,교직,8000,베이직,2024-09-02 13:55:00,SNS,69,작성 중,False,0,0,0,1,7,0.35,1,False
M758,조채원,여성,29,경기,전문직,8900,프리미엄,2024-08-10 10:21:00,검색광고,73,작성 중,False,1,0,0,1,2,0.57,0,True
M759,이민준,남성,40,대전,중소기업,6200,베이직,2025-04-08 16:08:00,오프라인행사,70,작성 중,True,1,0,2,1,23,0.7,1,True
M760,권민재,남성,32,서울,대기업,9400,프리미엄,2024-06-19 20:54:00,SNS,64,작성 중,True,2,2,4,2,66,0.1,5,False
M761,한준서,남성,41,서울,IT,9800,베이직,2025-11-08 12:44:00,SNS,81,작성 중,True,3,2,2,2,70,0.45,4,False
M762,송예준,남성,34,대전,공무원,5300,프리미엄,2025-05-12 13:05:00,지인추천,93,완료,True,4,1,5,1,69,0.71,3,False
M763,최지민,여성,25,충북,전문직,9800,베이직,2026-04-20 18:17:00,SNS,66,작성 중,True,2,3,2,3,39,0.66,0,False
M764,윤시우,남성,43,세종,자영업,9900,프리미엄,2024-09-03 16:01:00,검색광고,96,완료,True,2,3,0,1,36,0.71,0,True
M765,장은서,여성,39,세종,중소기업,4900,프리미엄,2026-02-03 15:22:00,SNS,68,작성 중,True,2,0,1,0,10,0.75,2,False
M766,강건우,남성,33,충남,중견기업,6200,베이직,2025-08-11 09:28:00,지인추천,90,완료,True,2,1,2,5,54,0.75,3,True
M767,최지아,여성,30,서울,중견기업,9600,베이직,2025-01-29 10:54:00,지인추천,84,작성 중,True,1,4,1,5,59,0.49,2,True
M768,임서연,여성,32,서울,연구직,5900,프리미엄,2024-06-27 11:39:00,검색광고,71,작성 중,True,2,1,1,2,26,0.38,2,False
M769,한다은,여성,30,부산,중견기업,5500,베이직,2025-04-25 19:54:00,제휴,65,작성 중,True,0,2,1,2,24,1,2,True
M770,윤지호,남성,26,서울,자영업,6700,베이직,2025-02-19 16:56:00,검색광고,76,작성 중,True,1,2,2,5,68,0.81,4,False
M771,권건우,남성,37,부산,교직,8900,VIP,2025-10-19 10:17:00,지인추천,86,완료,False,0,0,0,0,0,0.44,1,True
M772,강채원,여성,33,전남,중견기업,7700,베이직,2025-08-28 10:27:00,검색광고,75,작성 중,True,1,2,0,4,27,0.54,1,True
M773,신윤서,여성,30,경기,대기업,8600,VIP,2024-05-07 10:06:00,SNS,95,완료,True,1,1,1,1,24,0.57,1,True
M774,장다은,여성,25,대구,연구직,9600,베이직,2026-04-19 17:38:00,검색광고,58,미완료,True,1,3,2,4,49,0.45,1,False
M775,박서연,여성,35,부산,IT,9100,베이직,2025-11-27 13:56:00,오프라인행사,86,완료,True,2,2,1,3,62,0.39,2,False
M776,이수아,여성,27,경남,중소기업,5300,베이직,2026-05-18 09:47:00,지인추천,91,완료,True,0,4,3,5,55,0.62,2,True
M777,권민준,남성,33,전남,전문직,11500,베이직,2024-12-16 19:29:00,제휴,80,작성 중,True,2,2,1,0,38,0.63,2,False
M778,박서준,남성,38,부산,공기업,4000,프리미엄,2025-08-11 09:14:00,제휴,95,완료,True,6,1,3,2,87,0.15,3,False
M779,김도현,남성,38,대구,중견기업,8300,베이직,2026-02-05 14:00:00,검색광고,61,작성 중,True,2,1,1,3,32,0.33,4,True
M780,강준서,남성,31,경남,중소기업,4000,VIP,2025-03-06 11:22:00,SNS,87,완료,True,2,6,2,5,98,0.56,3,False
M781,장우진,남성,38,전북,대기업,9600,프리미엄,2024-03-26 16:12:00,제휴,73,작성 중,True,1,0,0,3,22,0.94,2,False
M782,류예은,여성,37,경기,연구직,9700,베이직,2024-03-06 17:01:00,지인추천,91,완료,True,4,5,2,3,87,0.78,2,False
M783,홍민준,남성,35,서울,중견기업,7600,베이직,2025-07-29 14:58:00,검색광고,83,작성 중,True,2,3,3,2,76,0.63,5,True
M784,오소율,여성,27,충남,중견기업,5700,프리미엄,2024-06-05 20:48:00,지인추천,86,완료,True,5,4,2,3,95,0.62,1,False
M785,조우진,남성,39,충남,금융,13500,프리미엄,2024-12-12 20:42:00,지인추천,71,작성 중,True,4,1,1,1,36,0.76,3,False
M786,안도윤,남성,39,전북,중소기업,5100,베이직,2025-04-09 15:08:00,SNS,76,작성 중,False,2,1,0,1,19,0.31,2,False
M787,황예준,남성,26,서울,전문직,9600,베이직,2024-11-18 11:22:00,오프라인행사,80,작성 중,False,0,0,0,0,0,0.33,2,False
M788,안도윤,남성,39,부산,대기업,8200,프리미엄,2024-05-06 18:24:00,제휴,75,작성 중,True,2,3,5,1,83,0.92,1,True
M789,한수아,여성,39,경기,중소기업,6000,베이직,2024-05-27 20:05:00,오프라인행사,70,작성 중,True,3,1,3,5,61,0.79,2,True
M790,홍지아,여성,37,서울,연구직,7800,베이직,2024-09-29 09:05:00,SNS,74,작성 중,False,0,0,0,0,0,0.23,4,False
M791,장윤서,여성,41,경기,연구직,6600,베이직,2025-05-27 11:11:00,검색광고,57,미완료,True,3,0,2,1,35,0.62,1,True
M792,송도윤,남성,33,세종,전문직,10800,베이직,2025-06-04 14:24:00,SNS,68,작성 중,False,1,0,2,1,9,0.07,3,False
M793,윤소율,여성,36,울산,IT,6300,프리미엄,2026-02-09 10:24:00,제휴,87,완료,True,1,1,3,1,40,0.63,1,True
M794,서정우,남성,28,광주,IT,9300,VIP,2024-03-07 09:50:00,SNS,57,미완료,True,3,2,2,3,45,0.42,4,False
M795,안민서,여성,31,경기,IT,8700,VIP,2025-04-02 14:36:00,SNS,83,작성 중,False,0,0,0,0,0,0.22,2,False
M796,홍지아,여성,33,전북,교직,3600,프리미엄,2024-06-07 16:51:00,오프라인행사,81,작성 중,True,1,1,1,7,59,0.63,4,False
M797,윤윤서,여성,38,충남,IT,10200,프리미엄,2025-03-19 16:31:00,지인추천,61,작성 중,False,0,0,0,1,4,0.19,0,False
M798,황예준,남성,31,대구,연구직,8800,베이직,2025-11-26 15:41:00,SNS,79,작성 중,True,1,2,1,2,47,0.8,1,False
M799,이하준,남성,35,전남,IT,6000,프리미엄,2026-04-23 17:10:00,검색광고,68,작성 중,True,1,1,1,4,37,0.66,4,False
M800,김은서,여성,29,경북,교직,7600,베이직,2024-01-23 12:52:00,지인추천,78,작성 중,True,5,0,3,3,68,0.73,5,False
M801,정민준,남성,32,서울,금융,8900,프리미엄,2025-05-18 16:33:00,검색광고,61,작성 중,False,0,1,1,0,4,0.46,0,False
M802,박채원,여성,47,광주,금융,9300,베이직,2025-02-25 12:35:00,제휴,68,작성 중,False,2,0,2,2,15,0.44,2,False
M803,홍현우,남성,41,충북,대기업,9300,프리미엄,2026-05-20 14:03:00,오프라인행사,70,작성 중,False,1,0,0,2,2,0.14,2,False
M804,강지민,여성,33,경남,공기업,6200,프리미엄,2024-11-07 09:45:00,검색광고,97,완료,True,2,2,2,2,66,0.99,2,True
M805,송윤서,여성,44,충북,금융,10300,베이직,2024-09-19 09:34:00,SNS,65,작성 중,False,1,2,0,2,13,0.4,2,False
M806,조우진,남성,33,서울,중견기업,8800,베이직,2025-10-11 15:44:00,SNS,99,완료,True,2,3,4,2,71,0.24,3,True
M807,조준서,남성,38,부산,IT,8600,베이직,2025-11-07 11:12:00,SNS,72,작성 중,True,4,2,4,3,83,0.24,1,True
M808,권지우,여성,33,경기,IT,8200,프리미엄,2024-03-27 14:59:00,오프라인행사,35,미완료,False,1,2,1,0,18,0.31,1,False
M809,안지민,여성,30,경기,IT,7100,VIP,2025-06-13 17:50:00,검색광고,92,완료,True,4,1,2,3,66,0.79,2,False
M810,권수아,여성,32,광주,의료,9600,베이직,2024-03-31 16:49:00,제휴,83,작성 중,True,2,5,1,5,92,0.6,1,True
M811,오소율,여성,26,경기,교직,5100,프리미엄,2025-06-04 19:48:00,SNS,86,완료,False,0,1,0,1,7,0.74,3,False
M812,조지민,여성,29,경기,중소기업,5500,베이직,2025-07-28 13:10:00,오프라인행사,97,완료,True,2,1,4,2,75,0.42,4,False
M813,조유진,여성,37,경기,중소기업,5800,베이직,2026-02-07 11:41:00,SNS,78,작성 중,True,2,3,1,2,59,0.64,1,True
M814,박윤서,여성,31,경북,대기업,8900,프리미엄,2025-11-24 14:58:00,오프라인행사,88,완료,True,3,3,3,3,86,0.47,2,False
M815,장소율,여성,39,경기,공기업,5200,베이직,2024-01-06 15:34:00,제휴,100,완료,True,1,2,2,5,66,0.91,3,True
M816,임은서,여성,32,경기,대기업,7200,베이직,2024-06-19 18:51:00,제휴,96,완료,True,1,2,3,2,33,0.73,0,False
M817,김건우,남성,25,서울,중견기업,5400,VIP,2024-02-01 20:35:00,지인추천,75,작성 중,True,1,2,1,3,53,0.67,3,False
M818,조서연,여성,36,서울,의료,9300,프리미엄,2024-03-30 17:22:00,SNS,71,작성 중,True,1,2,4,0,42,0.56,0,True
M819,신다은,여성,37,인천,프리랜서,3600,베이직,2024-11-24 10:33:00,오프라인행사,54,미완료,True,1,2,4,5,57,0.59,2,False
M820,최지호,남성,25,경기,공기업,7000,프리미엄,2025-08-03 15:49:00,SNS,92,완료,False,1,1,2,0,12,0.02,0,False
M821,류서윤,여성,34,서울,대기업,8400,VIP,2025-05-31 18:11:00,오프라인행사,82,작성 중,True,1,2,0,1,27,0.28,1,False
M822,강예은,여성,25,서울,금융,8000,베이직,2025-05-18 14:40:00,검색광고,100,완료,True,2,3,2,2,64,0.75,4,True
M823,송지우,여성,28,경남,의료,8400,베이직,2024-10-15 17:55:00,오프라인행사,91,완료,True,4,4,3,5,97,0.72,1,True
M824,김현우,남성,35,강원,중소기업,5600,베이직,2024-02-12 17:38:00,SNS,73,작성 중,True,4,3,2,3,65,0.66,4,True
M825,장지민,여성,42,경기,전문직,12400,VIP,2026-01-02 09:02:00,지인추천,94,완료,True,4,2,3,4,83,,1,True
M826,한다은,여성,41,제주,공무원,8300,VIP,2025-06-07 17:44:00,검색광고,75,작성 중,True,2,1,2,3,47,0.59,2,True
M827,권도현,남성,35,경기,IT,7800,베이직,2024-02-07 17:37:00,오프라인행사,75,작성 중,True,1,1,3,5,67,0.43,6,False
M828,류서연,여성,28,충북,전문직,8300,프리미엄,2026-02-08 13:31:00,제휴,71,작성 중,False,0,1,1,2,28,0.37,0,False
M829,한서윤,여성,41,부산,중소기업,3700,베이직,2024-06-29 13:24:00,제휴,68,작성 중,True,4,4,3,0,56,0.64,1,False
M830,임도현,남성,33,서울,중견기업,8300,베이직,2024-08-12 15:22:00,제휴,80,작성 중,True,3,2,3,2,46,0.51,3,True
M831,서서연,여성,34,대구,중견기업,7400,프리미엄,2026-02-13 11:05:00,지인추천,76,작성 중,True,3,0,2,3,50,0.71,3,True
M832,안서준,남성,25,전남,중소기업,5600,베이직,2024-07-29 09:08:00,오프라인행사,66,작성 중,True,1,2,2,2,62,0.67,2,False
M833,황다은,여성,30,전남,자영업,11000,프리미엄,2026-04-05 18:33:00,제휴,73,작성 중,True,4,1,2,4,60,0.75,2,True
M834,강유진,여성,34,울산,전문직,10900,베이직,2024-02-20 15:15:00,SNS,96,완료,False,1,1,0,0,7,0.18,0,False
M835,이준서,남성,31,전남,금융,10800,베이직,2024-04-01 16:58:00,오프라인행사,100,완료,True,3,2,3,3,55,0.61,3,True
M836,강우진,남성,31,충남,공무원,4800,프리미엄,2024-04-06 17:08:00,오프라인행사,67,작성 중,True,2,1,3,3,43,0.29,2,False
M837,윤지호,남성,32,전남,의료,9500,베이직,2025-05-20 09:20:00,SNS,87,완료,True,4,2,2,3,89,0.45,3,False
M838,권민서,여성,29,서울,전문직,11300,베이직,2024-08-15 11:16:00,오프라인행사,100,완료,True,5,2,1,4,76,0.63,1,False
M839,안건우,남성,42,울산,중견기업,8800,베이직,2025-11-07 13:12:00,검색광고,100,완료,True,2,2,2,5,67,0.42,3,False
M840,송민준,남성,30,서울,금융,10900,베이직,2024-06-03 12:53:00,검색광고,64,작성 중,True,3,1,0,4,30,0.47,2,False
M841,강지민,여성,38,서울,의료,미정,베이직,2025-05-10 16:05:00,지인추천,77,작성 중,True,2,1,2,3,49,0.56,2,True
M842,최서연,여성,37,인천,자영업,6200,베이직,2025-12-11 11:49:00,SNS,68,작성 중,True,3,0,2,2,37,0.54,5,False
M843,권예준,남성,43,경남,IT,9300,베이직,2025-01-20 14:25:00,오프라인행사,69,작성 중,True,2,2,5,2,61,0.59,2,True
M844,권민서,여성,43,울산,대기업,6900,베이직,2024-04-21 11:21:00,오프라인행사,64,작성 중,True,3,1,2,3,52,0.45,3,False
M845,조지민,여성,29,경기,프리랜서,7800,베이직,2025-09-19 20:18:00,제휴,84,작성 중,False,0,1,1,1,19,0.24,1,True
M846,안지호,남성,38,대구,중견기업,7800,베이직,2025-05-01 17:10:00,검색광고,61,작성 중,True,4,1,2,3,41,0.53,3,True
M847,송민준,남성,35,경북,중소기업,7900,베이직,2026-02-27 10:13:00,제휴,94,완료,True,0,3,3,3,59,0.61,2,False
M848,박다은,여성,39,경기,대기업,11100,프리미엄,2025-07-15 17:32:00,제휴,96,완료,True,4,2,4,4,99,0.75,3,False
M849,임건우,남성,46,경남,연구직,9600,베이직,2025-12-21 10:56:00,검색광고,100,완료,False,2,3,1,3,14,0.51,0,False
M850,황지호,남성,33,전남,중견기업,8200,프리미엄,2024-03-25 18:53:00,SNS,91,완료,True,5,2,2,3,76,0.65,5,True
M851,류예은,여성,31,서울,공기업,6700,프리미엄,2025-12-12 20:15:00,SNS,100,완료,True,3,1,2,2,50,0.58,3,True
M852,이서준,남성,39,경기,금융,8800,베이직,2026-03-18 19:26:00,오프라인행사,59,미완료,False,0,0,0,0,0,0.32,1,False
M853,임정우,남성,34,세종,중소기업,5500,프리미엄,2025-02-26 14:04:00,SNS,76,작성 중,True,4,1,2,5,80,0.71,4,True
M854,류예준,남성,37,광주,교직,5300,베이직,2024-04-11 12:13:00,오프라인행사,80,작성 중,True,4,2,3,2,66,0.55,3,False
M855,권준서,남성,43,경북,공기업,10000,베이직,2026-02-09 18:57:00,오프라인행사,70,작성 중,False,0,1,0,1,7,0.11,1,False
M856,강윤서,여성,38,광주,공기업,7800,프리미엄,2026-01-30 18:35:00,오프라인행사,69,작성 중,True,4,1,4,5,82,0.39,3,False
M857,정하준,남성,40,서울,공기업,8600,VIP,2025-09-22 15:32:00,오프라인행사,86,완료,True,2,2,3,2,60,0.89,2,True
M858,강지훈,남성,33,인천,대기업,10700,베이직,2024-08-07 19:24:00,제휴,67,작성 중,False,0,0,1,0,2,0.16,0,False
M859,정시우,남성,25,서울,공무원,6200,베이직,2025-09-26 17:58:00,검색광고,63,작성 중,True,1,2,1,2,30,0.39,3,True
M860,송준서,남성,37,대전,중견기업,5700,프리미엄,2025-03-07 09:29:00,SNS,82,작성 중,True,2,2,4,3,72,0.48,5,True
M861,최예준,남성,38,광주,중견기업,9800,VIP,2025-01-06 20:06:00,오프라인행사,89,완료,False,2,0,1,1,7,0.22,0,False
M862,정민서,여성,43,경기,금융,10500,프리미엄,2026-01-02 16:01:00,SNS,77,작성 중,True,0,3,3,0,40,0.74,3,True
M863,정우진,남성,40,경북,의료,7100,베이직,2025-12-28 17:47:00,오프라인행사,97,완료,True,4,3,2,2,86,0.51,3,True
M864,한예준,남성,25,부산,전문직,9500,프리미엄,2026-01-21 14:48:00,제휴,87,완료,False,1,1,0,0,10,0.19,1,False
M865,류서윤,여성,33,서울,IT,8300,베이직,2024-06-27 18:10:00,검색광고,40,미완료,False,1,0,0,2,17,0.36,1,False
M866,황민준,남성,35,울산,IT,8300,베이직,2024-07-30 14:30:00,SNS,78,작성 중,True,4,3,3,3,80,0.62,0,False
M867,오하윤,여성,43,대구,중소기업,8000,베이직,2024-02-28 10:13:00,검색광고,83,작성 중,True,1,2,4,5,77,0.78,2,False
M868,권채원,여성,40,대구,공무원,7300,베이직,2026-01-27 20:23:00,검색광고,97,완료,True,3,3,2,2,60,0.7,2,False
M869,홍지훈,남성,29,경기,공기업,7000,VIP,2024-09-13 13:14:00,오프라인행사,70,작성 중,False,0,0,0,1,3,0.45,5,False
M870,김예은,여성,31,충남,중소기업,6100,프리미엄,2025-05-21 15:02:00,지인추천,79,작성 중,True,2,4,5,3,101,0.53,3,False
M871,송건우,남성,37,강원,대기업,9100,베이직,2026-02-04 16:33:00,검색광고,95,완료,True,2,3,2,4,64,0.19,3,False
M872,장유진,여성,38,전북,중소기업,6100,베이직,2024-10-30 13:09:00,지인추천,77,작성 중,False,0,1,2,0,8,0.52,0,False
M873,김지아,여성,31,경기,대기업,9000,VIP,2024-03-03 16:10:00,검색광고,81,작성 중,True,3,2,2,3,60,0.45,2,True
M874,한지훈,남성,41,서울,연구직,7800,베이직,2025-04-17 16:31:00,제휴,86,완료,True,3,2,2,1,68,0.52,3,False
M875,정채원,여성,25,경기,공기업,6300,베이직,2026-02-19 15:49:00,제휴,75,작성 중,False,0,2,0,0,13,0.35,0,False
M876,송소율,여성,32,서울,금융,8100,베이직,2026-13-40 09:00:00,검색광고,66,작성 중,True,1,2,1,2,42,0.71,1,True
M877,안하준,남성,38,경기,공무원,6100,프리미엄,2025-12-31 11:54:00,SNS,79,작성 중,False,0,1,0,0,1,0.14,2,False
M878,신건우,남성,35,서울,공기업,6300,베이직,2025-10-04 14:37:00,검색광고,91,완료,True,0,2,2,3,23,0.7,2,True
M879,류지우,여성,43,서울,의료,7800,베이직,2024-09-07 13:09:00,검색광고,87,완료,True,5,2,2,3,54,0.64,2,True
M880,류정우,남성,31,인천,중소기업,7000,프리미엄,2025-02-05 11:29:00,오프라인행사,76,작성 중,False,1,0,0,2,18,0.02,1,False
M881,서서윤,여성,48,서울,중견기업,11000,VIP,2025-08-21 13:34:00,검색광고,87,완료,False,3,1,1,2,16,0.45,1,False
M882,조수아,여성,27,충남,연구직,6600,베이직,2026-01-20 15:39:00,SNS,86,완료,True,0,3,5,5,93,0.36,3,False
M883,정민준,남성,26,충북,대기업,8100,베이직,2026-02-03 17:03:00,제휴,60,작성 중,False,0,0,0,1,4,0.26,5,False
M884,윤지우,여성,29,경기,중소기업,3400,베이직,2026-04-08 12:14:00,제휴,76,작성 중,False,1,0,1,2,8,0.51,0,False
M885,안지우,여성,42,대구,연구직,7500,베이직,2024-02-01 12:41:00,지인추천,92,완료,True,4,1,3,5,84,0.8,1,False
M886,윤다은,여성,27,제주,연구직,5000,베이직,2025-07-19 18:54:00,검색광고,90,완료,True,2,3,4,3,87,0.9,2,False
M887,조수아,여성,29,경기,중견기업,8500,프리미엄,2025-10-04 15:28:00,검색광고,65,작성 중,True,1,1,1,6,52,0.5,4,True
M888,황서윤,여성,38,광주,공기업,7300,베이직,2024-03-05 17:40:00,지인추천,75,작성 중,True,4,2,0,3,55,0.35,1,True
M889,황건우,남성,34,경기,중견기업,5300,베이직,2025-09-17 16:38:00,지인추천,62,작성 중,True,3,0,5,4,72,0.78,0,False
M890,이유진,여성,37,부산,중견기업,7600,베이직,2024-06-14 10:48:00,지인추천,97,완료,True,1,3,2,2,49,0.45,4,True
M891,최다은,여성,40,광주,IT,8200,프리미엄,2024-05-23 09:01:00,검색광고,73,작성 중,True,3,2,2,0,35,0.77,2,False
M892,정도윤,남성,40,충남,중소기업,4500,베이직,2025-08-20 09:45:00,오프라인행사,65,작성 중,False,0,1,0,3,18,0.62,2,False
M893,홍정우,남성,39,서울,중견기업,5900,프리미엄,2024-05-14 14:42:00,제휴,89,완료,True,0,1,1,4,43,0.43,2,True
M894,윤예은,여성,34,경기,공무원,7900,프리미엄,2024-02-17 10:46:00,제휴,69,작성 중,True,3,1,4,2,46,0.4,1,False
M895,송시우,남성,36,경기,중소기업,6900,베이직,2024-04-17 15:12:00,오프라인행사,74,작성 중,True,1,2,3,0,34,0.51,3,True
M896,서지훈,남성,27,경기,연구직,8500,프리미엄,2024-01-16 20:04:00,SNS,78,작성 중,True,2,1,2,3,52,0.39,4,True
M897,한하윤,여성,34,경남,중견기업,6100,베이직,2025-04-29 14:30:00,제휴,76,작성 중,False,1,0,1,0,2,0.11,2,False
M898,최지아,여성,37,서울,공기업,7500,프리미엄,2024-04-23 16:17:00,오프라인행사,80,작성 중,True,0,1,3,2,31,0.8,4,True
M899,윤유진,여성,28,경북,대기업,9300,VIP,2024-05-30 11:28:00,제휴,59,미완료,False,1,0,1,3,8,0.33,0,False
M900,임건우,남성,39,서울,중소기업,5500,베이직,2024-02-13 14:42:00,SNS,71,작성 중,True,3,2,2,2,69,0.37,2,False
M901,오준서,남성,45,광주,교직,5000,베이직,2024-04-11 15:08:00,오프라인행사,58,미완료,True,2,1,2,3,37,0.78,1,True
M902,황지아,여성,36,서울,공기업,7200,베이직,2026-03-23 10:41:00,SNS,72,작성 중,False,0,0,2,0,6,0.43,0,False
M903,황서연,여성,40,강원,교직,9000,베이직,2026-04-20 17:32:00,오프라인행사,88,완료,True,2,2,0,5,54,0.49,3,False
M904,장하준,남성,42,대구,IT,10700,VIP,2025-01-13 18:28:00,SNS,94,완료,True,3,3,3,3,66,0.52,3,False
M905,류예준,남성,39,대구,공무원,6600,베이직,2024-03-12 13:51:00,지인추천,82,작성 중,True,1,4,0,3,48,0.59,3,False
M906,조은서,여성,38,경기,자영업,7300,프리미엄,2025-09-28 13:39:00,오프라인행사,81,작성 중,False,0,0,0,0,0,0.31,1,False
M907,신하윤,여성,34,서울,교직,5500,프리미엄,2024-03-25 19:45:00,제휴,93,완료,True,2,5,0,4,87,0.51,2,True
M908,조유진,여성,43,경남,중견기업,10600,프리미엄,2025-02-17 16:55:00,지인추천,97,완료,False,1,0,0,0,3,0.04,1,False
M909,강지훈,남성,38,경기,금융,9300,베이직,2024-11-16 10:53:00,제휴,100,완료,True,2,0,2,4,58,0.52,5,False
M910,장유진,여성,39,경기,의료,7900,베이직,2024-06-14 17:32:00,오프라인행사,66,작성 중,False,0,0,0,1,3,0.33,3,False
M911,한서준,남성,39,서울,대기업,9800,프리미엄,2026-01-30 13:56:00,제휴,72,작성 중,True,3,1,2,2,64,0.55,1,True
M912,강현우,남성,43,경기,공기업,5200,프리미엄,2024-08-20 16:34:00,검색광고,85,완료,True,1,4,2,2,73,0.69,0,False
M913,권윤서,여성,35,서울,중견기업,6300,프리미엄,2024-10-29 11:23:00,검색광고,100,완료,True,4,4,4,3,100,0.54,4,True
M914,조도현,남성,36,세종,대기업,11800,베이직,2026-03-20 20:48:00,SNS,81,작성 중,True,0,1,1,2,20,0.62,5,True
M915,강시우,남성,43,경북,자영업,10000,베이직,2024-10-02 18:22:00,검색광고,75,작성 중,True,1,1,1,2,21,0.29,2,False
M916,서예준,남성,25,세종,중견기업,5900,VIP,2025-07-24 09:08:00,오프라인행사,83,작성 중,True,2,2,5,3,61,0.81,6,True
M917,송다은,여성,39,서울,공무원,7500,프리미엄,2025-11-27 10:01:00,오프라인행사,77,작성 중,True,1,2,2,2,52,0.49,1,False
M918,강은서,여성,34,경기,교직,7200,프리미엄,2024-04-15 15:50:00,SNS,94,완료,True,2,2,2,6,84,0.58,1,True
M919,강서준,남성,27,서울,중견기업,5200,베이직,2025-12-20 09:15:00,SNS,90,완료,True,2,1,1,4,58,0.31,1,False
M920,안건우,남성,31,경남,IT,9000,베이직,2025-12-30 11:51:00,검색광고,100,완료,True,2,4,2,1,45,0.7,4,False
M921,홍윤서,여성,36,서울,IT,7000,VIP,2024-10-26 18:07:00,오프라인행사,99,완료,True,3,5,0,7,122,0.41,3,False
M922,임지민,여성,44,전북,자영업,6500,베이직,2026-02-28 12:22:00,검색광고,61,작성 중,True,0,0,1,3,27,0.43,4,False
M923,강은서,여성,26,서울,IT,8200,프리미엄,2025-09-10 13:00:00,제휴,56,미완료,False,1,0,0,2,8,0.61,3,False
M924,정서연,여성,34,서울,자영업,8900,베이직,2025-10-29 14:32:00,오프라인행사,85,완료,True,1,4,2,1,44,0.42,4,False
M925,강우진,남성,40,경기,공무원,5900,베이직,2026-02-02 18:21:00,검색광고,70,작성 중,True,0,0,1,1,13,0.38,3,False
M926,황서윤,여성,25,대구,연구직,5700,베이직,2024-11-06 10:35:00,지인추천,92,완료,True,3,2,2,1,53,0.35,3,False
M927,윤은서,여성,32,대구,전문직,9300,베이직,2024-03-30 19:04:00,검색광고,74,작성 중,True,2,2,0,3,37,0.81,3,True
M928,한준서,남성,36,광주,대기업,8300,프리미엄,2026-05-30 09:46:00,지인추천,66,작성 중,True,2,2,1,2,39,0.77,2,True
M929,임민재,남성,44,경기,교직,7300,베이직,2024-04-01 12:31:00,오프라인행사,73,작성 중,False,0,0,0,1,4,0.52,1,False
M930,이은서,여성,39,서울,연구직,9700,베이직,2025-10-16 17:43:00,오프라인행사,92,완료,True,1,1,1,4,47,0.72,4,False
M931,홍현우,남성,25,서울,중견기업,4800,VIP,2025-07-08 14:53:00,지인추천,91,완료,True,2,0,2,1,15,0.9,5,True
M932,김서윤,여성,39,광주,IT,,프리미엄,2025-11-16 14:15:00,SNS,86,완료,True,2,2,4,3,75,0.61,3,False
M933,송서윤,여성,37,부산,중견기업,6100,베이직,2025-09-17 13:51:00,지인추천,89,완료,False,0,1,0,1,11,0.24,1,False
M934,권하윤,여성,35,경남,전문직,12300,프리미엄,2024-05-14 18:21:00,지인추천,93,완료,True,3,5,3,2,108,0.79,4,False
M935,오하윤,여성,40,전남,의료,8600,베이직,2024-02-19 12:24:00,SNS,69,작성 중,True,4,2,0,2,51,0.64,3,False
M936,최지민,여성,28,광주,중소기업,6400,베이직,2024-11-23 19:47:00,검색광고,99,완료,True,1,3,4,3,95,,2,True
M937,정은서,여성,31,경기,중소기업,9700,프리미엄,2025-07-02 14:58:00,제휴,60,작성 중,False,1,0,0,1,3,0.11,1,False
M938,송예은,여성,41,경기,대기업,10200,프리미엄,2024-06-14 20:42:00,SNS,84,작성 중,True,4,4,6,4,133,0.92,3,True
M939,한지훈,남성,34,세종,전문직,9000,프리미엄,2025-02-27 20:25:00,검색광고,81,작성 중,True,1,1,4,1,34,0.74,1,False
M940,최윤서,여성,29,충북,의료,8100,프리미엄,2026-01-30 17:06:00,지인추천,95,완료,True,1,2,3,5,61,0.63,4,True
M941,강수아,여성,35,부산,자영업,9600,베이직,2026-04-06 10:44:00,오프라인행사,86,완료,False,0,0,0,2,8,0.02,0,False
M942,서지민,여성,37,부산,중소기업,5700,VIP,2024-05-30 16:35:00,검색광고,35,미완료,False,0,0,1,1,16,0.14,0,False
M943,조민준,남성,25,서울,공기업,7400,프리미엄,2026-04-26 19:24:00,오프라인행사,91,완료,True,2,3,3,2,62,0.88,6,False
M944,장도윤,남성,49,서울,연구직,10400,프리미엄,2024-12-21 20:55:00,제휴,98,완료,True,2,4,0,1,42,0.75,2,True
M945,한지우,여성,36,경기,중견기업,10700,베이직,2024-08-23 20:09:00,지인추천,92,완료,True,2,4,1,3,60,0.49,0,False
M946,홍소율,여성,46,대구,대기업,10500,베이직,2024-01-31 18:52:00,오프라인행사,91,완료,True,2,3,4,3,74,0.73,1,True
M947,신유진,여성,36,경기,공무원,8000,프리미엄,2024-01-18 09:05:00,검색광고,81,작성 중,False,1,1,1,1,11,0.26,2,True
M948,최다은,여성,28,대구,중견기업,6600,베이직,2025-02-16 16:32:00,SNS,91,완료,False,0,0,0,1,3,0.34,0,False
M949,최정우,남성,44,서울,중소기업,8100,베이직,2025-05-27 12:22:00,제휴,73,작성 중,True,1,2,1,1,24,0.63,4,False
M950,홍유진,여성,44,경기,중견기업,8400,베이직,2025-01-14 18:51:00,제휴,67,작성 중,False,0,1,2,2,21,0.17,2,True
M951,정서윤,여성,27,서울,중견기업,5100,베이직,2025-03-21 09:49:00,SNS,99,완료,True,1,1,3,3,67,0.79,3,True
M952,이지우,여성,44,경기,공무원,5800,베이직,2025-12-14 14:14:00,SNS,63,작성 중,True,1,1,2,3,20,0.49,4,True
M953,류지훈,남성,41,대구,중소기업,7800,프리미엄,2026-04-04 13:08:00,지인추천,100,완료,True,1,3,2,3,74,0.61,4,False
M954,한정우,남성,39,서울,전문직,11200,베이직,2024-11-15 13:17:00,제휴,61,작성 중,False,0,0,0,0,0,0.02,1,False
M955,이소율,여성,36,대구,교직,7700,프리미엄,2024-01-02 15:14:00,오프라인행사,77,작성 중,True,1,2,3,4,39,0.78,4,True
M956,서다은,여성,40,경기,자영업,8900,프리미엄,2025-05-18 14:47:00,지인추천,96,완료,True,5,2,3,3,72,0.68,2,True
M957,박지훈,남성,34,경남,의료,9100,베이직,2024-12-01 12:35:00,SNS,65,작성 중,True,5,3,1,3,59,0.45,4,False
M958,장도현,남성,40,경북,중견기업,7200,베이직,2025-10-22 13:02:00,오프라인행사,69,작성 중,False,0,1,0,1,5,0.42,2,False
M959,정다은,여성,25,서울,금융,8800,프리미엄,2024-04-29 19:16:00,검색광고,74,작성 중,True,3,3,2,4,54,0.3,3,True
M960,류예은,여성,38,경기,중견기업,7900,베이직,2024-04-23 14:12:00,검색광고,66,작성 중,False,0,0,0,1,3,0.06,4,False
M961,홍도현,남성,36,서울,중소기업,8200,베이직,2024-11-28 15:47:00,지인추천,82,작성 중,True,2,0,1,1,30,0.78,1,True
M962,박민서,여성,46,서울,프리랜서,8500,VIP,2025-10-20 10:17:00,지인추천,78,작성 중,False,0,1,0,0,7,0.46,2,False
M963,안하윤,여성,33,제주,중소기업,7600,VIP,2025-04-26 09:25:00,지인추천,99,완료,True,3,3,1,1,50,0.78,1,True
M964,김하준,남성,37,서울,의료,8100,베이직,2025-04-13 19:03:00,검색광고,91,완료,True,1,4,2,4,64,0.63,0,True
M965,이도현,남성,36,서울,교직,5400,베이직,2026-04-16 15:06:00,검색광고,94,완료,True,1,2,3,3,54,0.61,2,True
M966,윤지호,남성,38,경기,연구직,6700,베이직,2024-12-27 09:31:00,SNS,100,완료,True,5,3,3,4,89,0.56,1,True
M967,권준서,남성,38,전북,대기업,11100,베이직,2024-06-05 09:26:00,제휴,89,완료,True,1,2,2,3,44,0.4,4,True
M968,황지민,여성,38,서울,중소기업,9000,베이직,2026-05-19 18:16:00,검색광고,100,완료,True,5,3,2,2,90,0.54,4,True
M969,류서준,남성,38,인천,IT,9100,프리미엄,2024-12-12 19:33:00,지인추천,64,작성 중,True,2,4,3,1,55,0.59,3,False
M970,강도윤,남성,37,경기,공기업,9100,프리미엄,2024-12-15 20:05:00,SNS,93,완료,True,3,5,2,3,79,0.95,5,True
M971,정지우,여성,37,부산,중소기업,4600,프리미엄,2024-07-11 16:34:00,오프라인행사,100,완료,True,3,2,2,5,83,0.4,5,False
M972,장정우,남성,34,광주,대기업,9300,VIP,2025-10-28 11:37:00,제휴,73,작성 중,True,4,2,1,1,36,0.62,1,True
M973,한예은,여성,42,경기,대기업,11600,프리미엄,2025-05-02 18:32:00,제휴,76,작성 중,False,1,1,1,0,7,0.23,0,False
M974,오서윤,여성,39,인천,자영업,6700,VIP,2025-10-07 09:57:00,지인추천,70,작성 중,True,0,2,3,5,78,0.34,4,True
M975,임서연,여성,35,대전,연구직,9500,베이직,2024-01-12 17:12:00,SNS,72,작성 중,False,0,0,1,1,6,0.51,0,False
M976,황준서,남성,38,울산,자영업,9700,베이직,2026-02-15 10:37:00,검색광고,75,작성 중,True,1,2,2,3,51,0.35,2,False
M977,윤다은,여성,36,경기,대기업,8900,베이직,2024-09-27 09:28:00,SNS,85,완료,True,2,3,0,2,35,0.55,2,True
M978,박지훈,남성,35,경기,중견기업,7100,베이직,2025-04-14 12:11:00,검색광고,63,작성 중,True,1,3,2,1,35,0.71,3,False
M979,신지호,남성,43,서울,중소기업,6600,베이직,2025-03-19 16:24:00,제휴,86,완료,True,4,2,4,1,57,0.54,3,False
M980,권은서,여성,32,대전,중소기업,6200,베이직,2026-03-28 09:33:00,제휴,55,미완료,True,1,0,1,1,17,0.9,1,True
M981,권현우,남성,37,서울,중견기업,5400,베이직,2024-01-22 11:48:00,검색광고,75,작성 중,True,2,1,2,3,33,0.79,2,False
M982,오예준,남성,44,부산,연구직,8200,베이직,2025-05-21 15:28:00,SNS,67,작성 중,True,1,1,0,3,14,0.82,3,False
M983,신소율,여성,38,서울,공기업,6900,프리미엄,2024-11-27 11:00:00,제휴,66,작성 중,False,0,1,1,0,5,0.45,0,False
M984,윤시우,남성,32,서울,프리랜서,4300,프리미엄,2025-10-10 19:47:00,오프라인행사,90,완료,True,2,2,1,3,50,0.71,3,False
M985,권서연,여성,31,서울,교직,7300,VIP,2024-12-09 16:35:00,제휴,65,작성 중,True,2,2,2,2,43,0.53,3,True
M986,권도윤,남성,36,서울,대기업,8100,프리미엄,2025-08-28 15:14:00,지인추천,78,작성 중,True,3,1,2,4,66,0.35,3,True
M987,송윤서,여성,29,제주,IT,8300,베이직,2024-05-04 13:34:00,SNS,92,완료,True,2,2,1,2,57,0.71,4,True
M988,류하준,남성,33,충북,전문직,10300,프리미엄,2024-08-19 19:42:00,지인추천,86,완료,True,3,4,2,5,77,0.68,2,False
M989,홍지민,여성,31,인천,연구직,9000,베이직,2025-08-28 19:31:00,제휴,91,완료,True,5,1,1,5,66,0.49,0,False
M990,윤우진,남성,37,서울,공무원,6800,베이직,2025-05-02 14:20:00,제휴,91,완료,False,0,1,2,0,10,0.6,0,False
M991,류다은,여성,25,경남,대기업,9800,프리미엄,2024-02-15 18:42:00,SNS,94,완료,True,4,0,3,3,71,0.67,2,True
M992,정지호,남성,37,인천,금융,10000,베이직,2025-03-22 18:45:00,SNS,59,미완료,False,2,1,2,1,21,0.21,1,False
M993,이서연,여성,33,서울,중소기업,6300,베이직,2026-05-14 16:34:00,검색광고,66,작성 중,True,2,2,0,1,19,0.57,4,True
M994,류준서,남성,34,경기,의료,10800,베이직,2025-11-20 12:38:00,오프라인행사,63,작성 중,False,0,1,1,1,11,0.64,4,True
M995,류소율,여성,38,서울,금융,10900,프리미엄,2025-08-05 17:45:00,SNS,75,작성 중,True,1,1,1,1,19,0.53,2,True
M996,홍은서,여성,40,인천,중견기업,7700,프리미엄,2024-07-27 20:36:00,검색광고,91,완료,True,2,3,1,3,63,0.36,3,False
M997,조현우,남성,30,경남,공무원,4700,프리미엄,2025-11-14 18:32:00,지인추천,56,미완료,False,3,0,0,1,12,0.02,1,False
M998,최예준,남성,34,울산,프리랜서,8400,베이직,2024-09-01 19:21:00,지인추천,81,작성 중,True,2,2,2,1,35,0.58,6,True
M999,박현우,남성,33,제주,교직,5800,프리미엄,2026-05-11 20:56:00,SNS,74,작성 중,True,4,1,3,1,45,0.64,3,True
M1000,장현우,남성,41,서울,금융,10900,베이직,2025-06-03 12:01:00,제휴,69,작성 중,True,2,3,1,2,46,0.9,2,True
M121,서지우,여성,35,경기,중견기업,9200,베이직,2025-06-11 09:03:00,오프라인행사,92,완료,True,4,2,5,4,100,0.32,2,False
M451,류예은,여성,37,서울,공기업,7400,프리미엄,2024-10-25 09:31:00,지인추천,71,작성 중,True,2,4,2,2,40,0.72,1,True
M781,장우진,남성,38,전북,대기업,9600,프리미엄,2024-03-26 16:12:00,제휴,73,작성 중,True,1,0,0,3,22,0.94,2,False
