merchant_id,daily_limit_10k_krw,cross_border_allowed,refund_alert_rate,chargeback_alert_rate,review_cycle_days
MC0001,1000,False,0.15,0.01,90
MC0002,2000,False,0.08,0.02,90
MC0003,300,False,0.1,0.02,180
MC0004,2000,True,0.05,0.01,60
MC0005,1000,True,0.05,0.005,60
MC0006,2000,False,0.15,0.005,60
MC0007,1000,False,0.1,0.02,30
MC0008,500,False,0.1,0.005,30
MC0009,1000,True,0.1,0.005,30
MC0010,5000,False,0.15,0.005,30
MC0011,2000,True,0.05,0.01,60
MC0012,500,True,0.1,0.01,60
MC0013,2000,False,0.15,0.02,180
MC0014,300,False,0.08,0.01,180
MC0015,5000,True,0.05,0.02,90
MC0016,300,True,0.05,0.02,180
MC0017,300,True,0.1,0.02,180
MC0018,300,True,0.1,0.01,180
MC0019,300,True,0.05,0.005,30
MC0020,500,False,0.05,0.005,30
MC0021,300,False,0.08,0.005,60
MC0022,300,True,0.15,0.02,90
MC0023,500,False,0.05,0.02,90
MC0024,1000,True,0.05,0.02,60
MC0025,5000,False,0.08,0.01,180
MC0026,500,False,0.05,0.02,60
MC0027,2000,False,0.15,0.005,60
MC0028,5000,False,0.08,0.02,180
MC0029,5000,True,0.05,0.02,30
MC0030,2000,False,0.15,0.01,90
MC0031,2000,False,0.05,0.02,90
MC0032,2000,True,0.1,0.02,30
MC0033,2000,False,0.15,0.02,30
MC0034,2000,False,0.1,0.01,180
MC0035,500,True,0.08,0.02,180
MC0036,300,False,0.08,0.02,60
MC0037,300,True,0.08,0.005,180
MC0038,5000,True,0.05,0.005,90
MC0039,1000,True,0.15,0.02,60
MC0040,1000,False,0.08,0.005,30
MC0041,5000,False,0.1,0.01,60
MC0042,2000,True,0.08,0.02,30
MC0043,5000,True,0.15,0.01,90
MC0044,500,False,0.15,0.01,60
MC0045,5000,True,0.1,0.02,90
MC0046,5000,True,0.15,0.005,30
MC0047,500,False,0.08,0.02,180
MC0048,500,True,0.15,0.01,30
MC0049,300,False,0.08,0.02,30
MC0050,1000,False,0.08,0.01,180
MC0051,2000,False,0.05,0.01,60
MC0052,2000,False,0.05,0.02,180
MC0053,300,True,0.05,0.01,60
MC0054,1000,False,0.05,0.01,180
MC0055,300,False,0.08,0.01,30
MC0056,2000,False,0.1,0.005,30
MC0057,5000,False,0.15,0.005,90
MC0058,1000,False,0.05,0.005,90
MC0059,1000,False,0.15,0.005,30
MC0060,1000,False,0.08,0.02,60
MC0061,5000,False,0.08,0.02,30
MC0062,1000,True,0.08,0.02,180
MC0063,500,False,0.1,0.005,90
MC0064,500,False,0.05,0.005,30
MC0065,1000,False,0.08,0.005,180
MC0066,2000,False,0.1,0.01,180
MC0067,300,False,0.15,0.005,30
MC0068,1000,True,0.1,0.02,30
MC0069,5000,False,0.15,0.01,180
MC0070,500,True,0.08,0.02,30
MC0071,500,True,0.15,0.005,90
MC0072,5000,False,0.15,0.02,60
MC0073,5000,False,0.08,0.005,90
MC0074,2000,False,0.08,0.01,90
MC0075,500,True,0.15,0.005,60
MC0076,300,False,0.15,0.005,60
MC0077,1000,True,0.05,0.02,180
MC0078,5000,False,0.05,0.01,60
MC0079,1000,True,0.05,0.005,60
MC0080,500,True,0.08,0.01,30
MC0081,500,False,0.08,0.01,60
MC0082,300,False,0.08,0.005,90
MC0083,5000,False,0.1,0.01,180
MC0084,2000,True,0.15,0.005,30
MC0085,2000,False,0.1,0.02,60
MC0086,5000,False,0.08,0.02,180
MC0087,300,False,0.1,0.01,90
MC0088,5000,False,0.15,0.01,90
MC0089,1000,False,0.08,0.01,60
MC0090,2000,False,0.08,0.005,60
MC0091,1000,True,0.08,0.005,90
MC0092,5000,True,0.15,0.02,180
MC0093,1000,False,0.15,0.02,180
MC0094,5000,False,0.08,0.005,90
MC0095,1000,True,0.1,0.01,90
MC0096,2000,False,0.1,0.02,90
MC0097,1000,False,0.05,0.01,180
MC0098,500,False,0.15,0.005,30
MC0099,2000,False,0.1,0.02,90
MC0100,5000,False,0.1,0.01,30
MC0101,500,False,0.08,0.01,60
MC0102,5000,False,0.1,0.005,60
MC0103,2000,True,0.08,0.02,180
MC0104,2000,True,0.05,0.01,90
MC0105,500,False,0.1,0.01,180
MC0106,500,False,0.15,0.005,90
MC0107,500,True,0.15,0.005,60
MC0108,5000,False,0.08,0.02,60
MC0109,500,True,0.15,0.02,60
MC0110,1000,False,0.05,0.01,30
MC0111,5000,False,0.05,0.01,60
MC0112,2000,False,0.08,0.005,60
MC0113,5000,False,0.15,0.01,90
MC0114,1000,False,0.1,0.01,60
MC0115,500,False,0.08,0.01,90
MC0116,5000,False,0.08,0.005,180
MC0117,1000,False,0.15,0.005,90
MC0118,300,False,0.15,0.005,90
MC0119,1000,False,0.1,0.01,90
MC0120,1000,True,0.08,0.005,60
MC0121,500,True,0.05,0.01,180
MC0122,1000,True,0.08,0.005,90
MC0123,1000,True,0.08,0.02,180
MC0124,500,False,0.1,0.01,90
MC0125,5000,False,0.08,0.005,60
MC0126,1000,False,0.15,0.005,180
MC0127,5000,False,0.1,0.005,30
MC0128,500,False,0.05,0.01,60
MC0129,300,False,0.05,0.02,30
MC0130,500,False,0.05,0.005,30
MC0131,5000,False,0.15,0.01,30
MC0132,300,False,0.1,0.005,30
MC0133,5000,False,0.08,0.005,180
MC0134,5000,False,0.08,0.005,30
MC0135,5000,True,0.08,0.01,90
MC0136,1000,False,0.1,0.02,30
MC0137,5000,False,0.08,0.01,30
MC0138,2000,False,0.15,0.005,60
MC0139,500,False,0.08,0.005,60
MC0140,300,True,0.08,0.005,30
MC0141,2000,False,0.15,0.01,180
MC0142,5000,False,0.05,0.02,30
MC0143,300,False,0.08,0.02,90
MC0144,5000,False,0.15,0.02,30
MC0145,300,False,0.08,0.02,180
MC0146,1000,False,0.1,0.005,30
MC0147,500,False,0.08,0.01,30
MC0148,300,False,0.05,0.01,90
MC0149,300,False,0.05,0.01,90
MC0150,2000,False,0.05,0.02,30
MC0151,500,True,0.1,0.01,60
MC0152,300,False,0.05,0.005,180
MC0153,1000,True,0.1,0.01,60
MC0154,1000,True,0.15,0.01,90
MC0155,2000,True,0.1,0.01,180
MC0156,2000,True,0.08,0.01,90
MC0157,2000,False,0.1,0.005,180
MC0158,500,True,0.08,0.01,90
MC0159,5000,True,0.1,0.01,180
MC0160,1000,True,0.1,0.01,90
MC0161,1000,False,0.15,0.01,30
MC0162,300,True,0.08,0.01,180
MC0163,500,True,0.08,0.02,90
MC0164,500,False,0.1,0.01,180
MC0165,1000,True,0.05,0.01,180
MC0166,300,False,0.08,0.01,30
MC0167,500,False,0.05,0.02,30
MC0168,2000,False,0.15,0.005,60
MC0169,1000,False,0.05,0.02,180
MC0170,5000,False,0.08,0.005,60
MC0171,2000,True,0.05,0.02,180
MC0172,500,False,0.15,0.005,30
MC0173,1000,True,0.05,0.005,180
MC0174,2000,False,0.05,0.005,90
MC0175,500,False,0.1,0.01,180
MC0176,500,True,0.08,0.02,30
MC0177,5000,False,0.05,0.01,60
MC0178,1000,False,0.1,0.01,30
MC0179,5000,False,0.1,0.01,90
MC0180,300,False,0.08,0.02,60
MC0181,1000,False,0.05,0.01,30
MC0182,2000,False,0.15,0.01,60
MC0183,500,False,0.15,0.005,60
MC0184,2000,True,0.05,0.01,60
MC0185,1000,False,0.08,0.005,90
MC0186,500,True,0.05,0.02,180
MC0187,5000,True,0.15,0.01,30
MC0188,1000,True,0.08,0.02,30
MC0189,1000,False,0.15,0.01,30
MC0190,5000,False,0.08,0.01,60
MC0191,2000,True,0.08,0.02,30
MC0192,1000,True,0.05,0.005,180
MC0193,1000,False,0.15,0.005,180
MC0194,5000,False,0.15,0.01,30
MC0195,2000,False,0.1,0.005,180
MC0196,2000,True,0.05,0.01,30
MC0197,500,True,0.15,0.01,60
MC0198,2000,False,0.08,0.02,60
MC0199,300,False,0.15,0.01,60
MC0200,1000,True,0.08,0.01,60
MC0201,1000,True,0.1,0.005,90
MC0202,5000,True,0.1,0.02,30
MC0203,5000,False,0.1,0.01,60
MC0204,1000,True,0.1,0.005,30
MC0205,1000,True,0.15,0.01,180
MC0206,1000,False,0.1,0.005,30
MC0207,1000,False,0.05,0.02,180
MC0208,1000,True,0.05,0.01,30
MC0209,5000,True,0.05,0.02,90
MC0210,500,False,0.05,0.005,90
MC0211,5000,False,0.15,0.01,60
MC0212,5000,False,0.15,0.01,90
MC0213,300,False,0.08,0.01,60
MC0214,5000,False,0.05,0.005,60
MC0215,300,True,0.05,0.02,60
MC0216,5000,False,0.1,0.01,90
MC0217,2000,True,0.15,0.01,90
MC0218,300,True,0.1,0.01,180
MC0219,5000,False,0.05,0.005,180
MC0220,1000,False,0.15,0.005,180
MC0221,300,False,0.05,0.02,60
MC0222,500,True,0.08,0.005,60
MC0223,2000,False,0.05,0.01,180
MC0224,2000,True,0.1,0.005,90
MC0225,1000,False,0.15,0.02,180
MC0226,300,False,0.08,0.005,30
MC0227,500,True,0.15,0.01,90
MC0228,5000,False,0.05,0.005,180
MC0229,500,False,0.1,0.02,180
MC0230,2000,False,0.05,0.01,60
MC0231,500,False,0.08,0.01,30
MC0232,500,False,0.08,0.005,30
MC0233,1000,False,0.1,0.02,30
MC0234,300,False,0.08,0.01,60
MC0235,2000,False,0.08,0.01,90
MC0236,300,False,0.05,0.005,90
MC0237,1000,False,0.15,0.02,60
MC0238,500,False,0.15,0.01,60
MC0239,1000,False,0.08,0.02,30
MC0240,1000,False,0.08,0.02,60
