merchant_id,merchant_name,industry,region,account_open_date,last_kyc_review_date,monthly_sales_10k_krw,avg_ticket_krw,refund_rate,chargeback_rate,kyc_status,risk_tier,settlement_cycle_days,support_tickets_90d,active_status,manual_review_required
MC0001,가맹점-001,여행,대전,2021-08-18,2026-02-19,14305.0,127471.0,0.0038,0.0049,완료,높음,3,1,운영,False
MC0002,가맹점-002,서비스,광주,2018-07-01,2026-04-01,9608.0,64672.0,0.0643,0.0365,완료,보통,3,2,운영,False
MC0003,가맹점-003,교육,경기,2018-02-14,2025-10-31,16029.0,116617.0,0.0537,0.0328,갱신필요,낮음,3,2,운영,False
MC0004,가맹점-004,여행,서울,2022-02-23,2026-01-18,9826.0,87082.0,0.0656,0.006,완료,보통,14,4,운영,True
MC0005,가맹점-005,외식,서울,2025-08-27,2025-10-24,12344.0,84408.0,0.0755,0.001,완료,낮음,7,4,운영,True
MC0006,가맹점-006,여행,대전,2020-09-27,2025-12-01,16307.0,106495.0,0.047,0.044,검토중,낮음,3,1,운영,True
MC0007,가맹점-007,여행,광주,2025-07-05,2026-05-04,3161.0,70590.0,0.1265,0.0127,검토중,낮음,7,1,운영,False
MC0008,가맹점-008,서비스,부산,2018-12-14,2025-05-29,5570.0,113339.0,0.0181,0.0096,완료,높음,3,3,운영,False
MC0009,가맹점-009,쇼핑,서울,2019-07-05,2025-12-10,7745.0,86848.0,0.0805,0.0074,완료,보통,7,2,일시중지,False
MC0010,가맹점-010,여행,부산,2023-09-18,2025-06-27,4771.0,38371.0,0.0197,0.0052,완료,보통,1,2,일시중지,False
MC0011,가맹점-011,외식,서울,2025-11-10,2026-02-21,18055.0,41025.0,0.0154,0.0643,갱신필요,낮음,3,1,운영,True
MC0012,가맹점-012,외식,서울,2026-04-23,2026-06-04,11849.0,31942.0,0.0327,0.0049,완료,보통,7,3,운영,False
MC0013,가맹점-013,외식, Seoul ,2025-05-09,2025-05-16,20254.0,79600.0,0.0197,0.0124,완료,낮음,3,3,운영,False
MC0014,가맹점-014,교육,경기,2021-10-11,2025-09-18,8206.0,53952.0,0.1393,0.0028,완료,보통,3,1,운영,True
MC0015,가맹점-015,서비스,광주,2019-06-22,2025-12-16,11574.0,43156.0,0.1127,0.0217,완료,보통,3,3,일시중지,False
MC0016,가맹점-016,교육,경기,2023-09-04,2025-09-03,5372.0,62881.0,0.1292,0.0272,완료,보통,14,3,운영,True
MC0017,가맹점-017,여행,경기,2022-12-15,2025-07-05,2562.0,162558.0,0.0502,0.0092,완료,낮음,3,2,일시중지,False
MC0018,가맹점-018,여행,경기,2025-05-09,2026-03-15,9193.0,32557.0,0.0676,0.0192,완료,낮음,1,2,운영,False
MC0019,가맹점-019,교육,경기,2023-09-07,2026-04-27,4338.0,73846.0,0.0369,0.014,완료,낮음,3,2,운영,True
MC0020,가맹점-020,서비스,대전,2020-11-24,2025-09-29,확인중,61825.0,0.0087,0.0159,갱신필요,낮음,3,1,운영,False
MC0021,가맹점-021,여행,서울,2023-10-28,2025-09-17,12083.0,89785.0,0.0914,0.0239,완료,낮음,3,5,운영,True
MC0022,가맹점-022,교육,서울,2020-04-28,2026-02-16,8318.0,56443.0,0.0408,0.0058,완료,보통,3,2,운영,False
MC0023,가맹점-023,교육,부산,2024-08-21,2025-07-22,17988.0,144566.0,0.0157,0.0061,갱신필요,보통,1,2,운영,False
MC0024,가맹점-024,교육,경기,2024-08-25,2025-07-25,8218.0,55114.0,0.0418,0.0023,완료,높음,7,2,운영,False
MC0025,가맹점-025,여행,경기,2026-06-04,2026-08-15,2867.0,64286.0,0.0612,0.0366,갱신필요,낮음,7,3,운영,True
MC0026,가맹점-026,서비스,서울,2020-08-03,2026-03-26,2452.0,41513.0,0.1281,0.0213,완료,높음,7,2,운영,True
MC0027,가맹점-027,여행,서울,2019-05-23,2025-04-27,44461.0,64403.0,0.0224,0.038,갱신필요,낮음,3,4,운영,True
MC0028,가맹점-028,외식,경기,2021-01-11,2025-10-23,5981.0,46669.0,0.0291,0.0007,완료,낮음,3,3,일시중지,False
MC0029,가맹점-029,여행,부산,2023-01-12,2026-03-01,14563.0,66149.0,0.098,0.0067,갱신필요,높음,14,3,운영,False
MC0030,가맹점-030,여행,서울,2026-05-29,날짜오류,7386.0,24887.0,0.1597,0.0042,검토중,높음,1,4,운영,True
MC0031,가맹점-031,쇼핑,경기,2022-01-14,2025-10-15,8287.0,67608.0,0.0202,0.0263,검토중,낮음,3,4,운영,False
MC0032,가맹점-032,쇼핑,서울,2019-10-19,2025-06-26,4698.0,73778.0,0.027,0.0202,완료,보통,14,1,운영,False
MC0033,가맹점-033,쇼핑,서울,2024-09-15,2025-10-13,4647.0,54061.0,0.1163,0.0138,완료,낮음,3,1,운영,True
MC0034,가맹점-034,서비스,대전,2023-10-31,2025-11-21,6652.0,77171.0,0.1082,0.0468,갱신필요,낮음,7,2,운영,True
MC0035,가맹점-035,서비스,서울,2025-09-28,2026-05-28,3276.0,46431.0,0.2221,0.0099,갱신필요,낮음,7,1,운영,True
MC0036,가맹점-036,교육,광주,2026-02-04,2025-07-23,6462.0,64175.0,,0.0006,완료,보통,7,2,운영,False
MC0037,가맹점-037,쇼핑,부산,2024-11-17,2025-12-14,10471.0,70713.0,0.1028,0.0311,완료,높음,1,3,운영,True
MC0038,가맹점-038,서비스,서울,2025-03-01,2026-07-28,6269.0,148726.0,0.0132,0.0167,완료,낮음,3,1,운영,True
MC0039,가맹점-039,서비스,경기,2023-10-14,2025-06-16,4387.0,38586.0,0.0483,0.0054,갱신필요,낮음,3,5,운영,False
MC0040,가맹점-040,외식,서울,2018-09-08,2025-07-23,5852.0,62996.0,0.0594,0.0421,갱신필요,낮음,1,1,운영,True
MC0041,가맹점-041,쇼핑,경기,2021-12-20,2025-06-27,2968.0,82569.0,0.0489,0.0005,검토중,낮음,3,1,운영,False
MC0042,가맹점-042,여행,부산,2021-05-26,2026-05-07,56264.0,157242.0,0.0417,0.0088,완료,보통,1,2,일시중지,False
MC0043,가맹점-043,여행,서울,2022-01-10,2026-04-07,11799.0,69479.0,0.0557,0.0121,완료,낮음,7,3,운영,False
MC0044,가맹점-044,서비스,부산,2023-02-01,2025-06-30,2635.0,77083.0,0.0218,0.0093,완료,낮음,3,1,운영,False
MC0045,가맹점-045,교육,경기,2018-03-05,2026-02-07,2768.0,51125.0,0.0264,0.0047,완료,보통,3,5,운영,False
MC0046,가맹점-046,외식,경기,2023-08-23,2025-04-27,4085.0,67338.0,0.0979,0.0048,완료,높음,3,3,운영,False
MC0047,가맹점-047,교육,경기,2024-09-12,2026-01-23,7231.0,60380.0,0.0094,0.0104,완료,높음,3,1,운영,False
MC0048,가맹점-048,서비스,부산,2021-11-23,2026-05-30,13691.0,161704.0,0.0245,0.0099,완료,보통,3,2,일시중지,False
MC0049,가맹점-049,여행,경기,2024-12-10,2025-11-17,7086.0,47163.0,0.0655,0.0165,완료,낮음,3,4,운영,True
MC0050,가맹점-050,서비스,서울,2024-05-27,2026-02-02,13367.0,41864.0,0.07,0.0275,완료,낮음,3,3,운영,True
MC0051,가맹점-051,서비스,서울,2025-02-16,2026-04-04,11571.0,50444.0,0.0608,0.0085,갱신필요,낮음,1,1,일시중지,False
MC0052,가맹점-052,서비스,서울,2019-04-14,2025-04-30,13588.0,91894.0,0.0142,0.029,완료,낮음,7,1,운영,True
MC0053,가맹점-053,교육,서울,2019-01-07,2026-06-09,8674.0,72545.0,0.0574,0.0207,갱신필요,낮음,3,4,운영,True
MC0054,가맹점-054,여행,경기,2018-01-13,2025-07-22,10453.0,61103.0,0.0147,0.015,완료,보통,14,2,운영,False
MC0055,가맹점-055,외식,대전,2021-11-06,2025-11-10,5608.0,94453.0,0.109,0.0041,검토중,낮음,1,2,운영,False
MC0056,가맹점-056,서비스,부산,2023-10-17,2026-04-16,13598.0,52449.0,0.0356,0.0256,완료,낮음,7,2,운영,False
MC0057,가맹점-057,외식,부산,2024-09-08,2025-10-14,5710.0,26654.0,0.1059,0.0302,갱신필요,낮음,3,3,운영,False
MC0058,가맹점-058,쇼핑,서울,2022-04-20,2026-06-03,8682.0,53246.0,0.0396,0.0121,완료,보통,7,3,운영,True
MC0059,가맹점-059,교육,대전,2022-01-08,2026-03-18,4931.0,91573.0,0.0879,0.0327,완료,보통,1,0,운영,True
MC0060,가맹점-060,서비스,경기,2020-06-13,2025-06-05,6317.0,55588.0,0.0328,0.0042,갱신필요,낮음,7,3,운영,False
MC0061,가맹점-061,쇼핑,경기,2019-05-18,2026-06-16,4892.0,63488.0,0.0175,0.0214,완료,낮음,7,3,운영,True
MC0062,가맹점-062,교육,경기,2019-10-17,2026-02-06,2844.0,45630.0,0.105,0.0044,완료,낮음,7,4,운영,True
MC0063,가맹점-063,여행,대전,2026-02-18,2026-03-15,9222.0,82422.0,0.0975,0.0087,완료,낮음,7,2,운영,False
MC0064,가맹점-064,외식,서울,2024-12-30,2026-03-11,확인중,59869.0,0.0852,0.0005,완료,낮음,3,2,운영,False
MC0065,가맹점-065,외식,서울,2024-07-19,2026-03-28,13705.0,75391.0,0.0076,0.0099,완료,높음,7,0,운영,False
MC0066,가맹점-066,교육,경기,2021-09-04,2026-07-14,5657.0,57057.0,0.018,0.0027,완료,낮음,3,0,운영,False
MC0067,가맹점-067,쇼핑,부산,2026-04-04,2026-06-07,10501.0,63484.0,0.0491,0.0174,완료,보통,3,1,운영,False
MC0068,가맹점-068,외식,서울,2021-02-17,2025-09-08,17031.0,112743.0,0.0221,0.0019,완료,보통,14,0,일시중지,False
MC0069,가맹점-069,서비스,광주,2023-09-24,2025-12-31,3655.0,80469.0,0.0138,0.0196,완료,낮음,3,6,운영,False
MC0070,가맹점-070,서비스,부산,2021-07-15,2025-05-25,7370.0,105494.0,0.0465,0.001,완료,낮음,1,2,운영,False
MC0071,가맹점-071,교육,서울,2023-01-20,2026-07-12,16535.0,82019.0,0.0759,0.011,완료,높음,7,2,운영,True
MC0072,가맹점-072,외식,경기,2018-04-15,2025-07-06,3709.0,44926.0,0.0049,0.0152,완료,높음,7,2,운영,False
MC0073,가맹점-073,서비스,경기,2019-02-07,2025-09-21,8732.0,39220.0,0.1318,0.0236,검토중,보통,3,1,운영,True
MC0074,가맹점-074,교육,대전,2024-08-12,2026-06-17,15868.0,157892.0,0.0103,0.013,완료,보통,14,1,운영,False
MC0075,가맹점-075,여행,경기,2021-02-23,2026-07-12,7281.0,67355.0,0.0518,0.0084,완료,낮음,3,0,운영,False
MC0076,가맹점-076,여행,부산,2024-10-29,2026-08-01,7721.0,57786.0,0.0208,0.0092,완료,낮음,3,5,운영,False
MC0077,가맹점-077,교육,서울,2025-11-18,2025-10-09,5517.0,224120.0,0.0671,0.0251,완료,높음,7,2,운영,True
MC0078,가맹점-078,외식,경기,2021-05-17,2026-04-16,6925.0,60814.0,0.0254,0.006,완료,보통,14,1,운영,False
MC0079,가맹점-079,여행,경기,2021-06-02,2025-07-04,15804.0,157981.0,0.1077,0.0051,갱신필요,보통,7,1,운영,False
MC0080,가맹점-080,여행,대전,2020-01-19,2025-08-21,9862.0,40947.0,0.1048,0.0023,완료,보통,3,3,운영,False
MC0081,가맹점-081,교육,서울,2019-08-11,2026-06-22,8418.0,161930.0,0.0564,0.0058,완료,높음,7,3,운영,True
MC0082,가맹점-082,쇼핑,경기,2022-02-09,2025-08-26,7545.0,60244.0,0.0559,0.0146,완료,낮음,3,0,일시중지,False
MC0083,가맹점-083,서비스,경기,2021-08-10,2025-07-17,6223.0,32428.0,0.0874,0.0179,완료,높음,1,2,운영,False
MC0084,가맹점-084,교육,서울,2019-01-29,2026-08-13,12608.0,38575.0,0.2092,0.037,완료,낮음,7,4,일시중지,True
MC0085,가맹점-085,서비스,대전,2025-12-11,2025-09-03,6636.0,42928.0,0.0297,0.0023,갱신필요,낮음,3,3,운영,False
MC0086,가맹점-086,교육,서울,2020-01-11,2025-10-27,10602.0,45589.0,0.0584,0.0395,완료,낮음,1,2,운영,True
MC0087,가맹점-087,교육,seoul,2018-03-16,2025-07-17,36547.0,87102.0,0.0537,0.0037,완료,높음,7,1,운영,False
MC0088,가맹점-088,교육,부산,2023-04-16,2026-02-18,8410.0,67722.0,0.0658,0.0083,완료,보통,3,1,운영,False
MC0089,가맹점-089,외식,광주,2018-06-08,2026-06-25,14491.0,77788.0,0.0741,0.0076,완료,낮음,14,0,운영,False
MC0090,가맹점-090,서비스,부산,2025-06-16,2025-11-26,6374.0,100877.0,0.035,0.0114,완료,보통,3,1,운영,False
MC0091,가맹점-091,여행,서울,2024-09-30,2026-05-28,29156.0,45637.0,0.0188,0.0286,갱신필요,낮음,14,1,운영,True
MC0092,가맹점-092,쇼핑,서울,2026-03-02,2026-06-27,7706.0,35572.0,0.0403,0.0098,갱신필요,낮음,1,2,운영,False
MC0093,가맹점-093,서비스,서울,2023-09-11,2025-06-10,7949.0,35679.0,0.054,0.0137,검토중,높음,1,5,운영,True
MC0094,가맹점-094,쇼핑,광주,2021-01-20,2025-09-02,17014.0,100637.0,0.0213,0.0097,검토중,낮음,3,6,운영,False
MC0095,가맹점-095,서비스,경기,2024-05-24,2026-04-16,2624.0,55522.0,0.0373,0.0202,완료,낮음,7,7,운영,False
MC0096,가맹점-096,여행,대전,2025-03-11,2025-08-05,8892.0,76649.0,0.0683,0.0036,완료,보통,7,2,운영,False
MC0097,가맹점-097,쇼핑,서울,2018-07-27,2025-07-17,10329.0,80127.0,0.0427,0.0015,갱신필요,낮음,3,3,일시중지,False
MC0098,가맹점-098,여행,광주,2025-01-27,2026-07-05,3896.0,50508.0,,0.0051,완료,낮음,3,0,운영,False
MC0099,가맹점-099,여행,대전,2024-12-02,2025-10-02,12160.0,71821.0,0.0176,0.0076,완료,낮음,3,2,운영,False
MC0100,가맹점-100,여행,서울,2025-05-08,2026-07-19,34691.0,38951.0,0.0388,0.0061,완료,보통,1,3,운영,False
MC0101,가맹점-101,서비스,경기,2023-03-14,2025-06-06,4234.0,98035.0,0.0481,0.0038,완료,낮음,7,0,운영,False
MC0102,가맹점-102,외식,서울,2024-03-26,2025-08-01,7804.0,48361.0,0.0124,0.0629,완료,높음,3,2,운영,True
MC0103,가맹점-103,교육,대전,2021-10-08,2026-05-05,22920.0,138311.0,0.0463,0.0052,완료,보통,7,4,운영,True
MC0104,가맹점-104,서비스,서울,2020-09-23,2025-07-08,2443.0,54875.0,0.1605,0.0048,완료,낮음,7,0,운영,False
MC0105,가맹점-105,여행,대전,2026-02-18,2025-09-26,9648.0,65214.0,0.0263,0.0037,완료,보통,14,3,운영,False
MC0106,가맹점-106,쇼핑,서울,2025-04-07,2026-05-23,7809.0,78554.0,0.0132,0.0089,갱신필요,낮음,3,2,운영,False
MC0107,가맹점-107,서비스,서울,2022-11-22,2026-03-30,5446.0,61919.0,0.0755,0.0037,완료,보통,1,3,운영,True
MC0108,가맹점-108,쇼핑,서울,2024-10-10,2026-03-06,15585.0,81420.0,0.0656,0.008,검토중,보통,7,5,운영,True
MC0109,가맹점-109,서비스,서울,2022-12-18,2026-03-23,2012.0,59725.0,0.0286,0.0385,완료,낮음,3,0,운영,False
MC0110,가맹점-110,외식,경기,2020-01-15,2026-01-17,7968.0,86426.0,0.0197,0.0036,완료,낮음,7,3,운영,False
MC0111,가맹점-111,쇼핑,대전,2018-05-16,2026-06-27,7767.0,31553.0,0.1658,0.0316,완료,높음,7,4,운영,True
MC0112,가맹점-112,여행,서울,2020-07-02,날짜오류,6648.0,48856.0,0.0567,0.0192,완료,낮음,1,5,운영,True
MC0113,가맹점-113,교육,서울,2019-04-18,2025-09-14,17030.0,59809.0,0.0272,0.0008,완료,낮음,14,1,운영,False
MC0114,가맹점-114,교육,부산,2023-04-12,2025-10-03,4601.0,148952.0,0.0253,0.0016,완료,보통,3,1,운영,False
MC0115,가맹점-115,여행,부산,2022-07-19,2025-04-21,2515.0,105256.0,0.0435,0.0203,갱신필요,보통,14,1,운영,True
MC0116,가맹점-116,외식,서울,2025-06-02,2025-12-10,8321.0,56906.0,0.1333,0.0001,완료,보통,7,1,운영,False
MC0117,가맹점-117,여행,부산,2024-11-28,2025-10-14,6905.0,44820.0,0.1022,0.0059,완료,보통,7,4,운영,True
MC0118,가맹점-118,교육,서울,2021-12-03,2025-12-20,4338.0,80953.0,0.0446,0.0047,완료,낮음,1,2,운영,False
MC0119,가맹점-119,교육,서울,2024-07-01,2026-06-30,7055.0,20762.0,0.0209,0.0008,완료,낮음,7,1,운영,False
MC0120,가맹점-120,쇼핑,경기,2023-03-27,2026-06-24,6318.0,54230.0,0.0746,0.0021,완료,보통,7,3,운영,False
MC0121,가맹점-121,서비스,경기,2022-12-02,2025-11-08,7749.0,69115.0,0.0104,0.0073,완료,낮음,3,2,운영,True
MC0122,가맹점-122,교육,부산,2026-06-16,2026-03-24,확인중,150735.0,0.0686,0.0036,완료,보통,7,4,운영,True
MC0123,가맹점-123,서비스,대전,2021-06-09,2026-07-24,18912.0,76659.0,0.01,0.0127,완료,보통,3,5,운영,True
MC0124,가맹점-124,쇼핑,대전,2020-04-20,2026-04-07,3075.0,53197.0,0.0407,0.003,완료,낮음,3,3,일시중지,False
MC0125,가맹점-125,쇼핑,경기,2023-10-21,2025-05-31,8281.0,50226.0,0.0046,0.0257,완료,낮음,7,0,운영,False
MC0126,가맹점-126,외식,서울,2020-07-31,2025-12-30,6851.0,45395.0,0.1218,0.0186,완료,낮음,3,2,운영,True
MC0127,가맹점-127,외식,서울,2019-01-27,2026-07-18,9008.0,108415.0,0.0845,0.0004,완료,보통,7,2,운영,False
MC0128,가맹점-128,외식,경기,2024-06-08,2026-03-07,3866.0,39333.0,0.0283,0.0256,완료,보통,7,4,운영,True
MC0129,가맹점-129,서비스,부산,2023-08-02,2026-08-18,8816.0,54592.0,0.0138,0.004,완료,낮음,14,3,운영,False
MC0130,가맹점-130,여행,대전,2025-06-18,2025-08-22,1822.0,53995.0,0.0227,0.0178,완료,보통,14,5,일시중지,False
MC0131,가맹점-131,교육,서울,2024-10-07,2026-04-08,11108.0,33224.0,0.0111,0.002,완료,낮음,1,3,운영,False
MC0132,가맹점-132,여행,부산,2018-05-13,2026-06-23,2389.0,110442.0,0.0419,0.0131,완료,보통,3,3,운영,False
MC0133,가맹점-133,교육,대전,2020-12-29,2026-05-29,4903.0,111731.0,0.1,0.0123,완료,낮음,14,4,운영,True
MC0134,가맹점-134,쇼핑,부산,2022-06-16,2025-07-23,7492.0,61647.0,0.0527,0.0212,완료,높음,3,2,운영,False
MC0135,가맹점-135,외식,경기,2022-10-15,2026-04-15,11672.0,31835.0,0.1058,0.0175,완료,낮음,7,3,운영,True
MC0136,가맹점-136,여행,서울,2025-08-18,2025-12-29,10504.0,97838.0,0.0165,0.0118,완료,낮음,1,2,운영,False
MC0137,가맹점-137,서비스,서울,2020-07-12,2025-05-07,14334.0,111379.0,0.0869,0.0035,갱신필요,낮음,1,2,운영,False
MC0138,가맹점-138,교육,서울,2019-04-11,2025-04-30,6004.0,35438.0,0.0143,0.0244,완료,보통,1,0,운영,False
MC0139,가맹점-139,쇼핑,서울,2021-11-26,2025-07-15,5987.0,24273.0,0.0308,0.0141,갱신필요,낮음,3,4,운영,False
MC0140,가맹점-140,외식,경기,2018-03-27,2025-09-30,14048.0,74050.0,0.0847,0.0,완료,낮음,7,5,운영,False
MC0141,가맹점-141,서비스,부산,2023-02-10,2025-10-15,10535.0,54656.0,0.1068,0.02,완료,낮음,3,2,운영,False
MC0142,가맹점-142,서비스,경기,2024-03-16,2025-07-29,6947.0,72023.0,0.0095,0.0089,갱신필요,낮음,3,0,운영,False
MC0143,가맹점-143,쇼핑,서울,2021-12-13,2025-05-08,4978.0,53181.0,0.014,0.0301,완료,보통,3,3,운영,False
MC0144,가맹점-144,쇼핑,경기,2024-05-03,2026-05-27,5296.0,76884.0,0.0111,0.0077,완료,낮음,7,4,운영,False
MC0145,가맹점-145,외식,광주,2025-10-17,2025-05-06,16020.0,72102.0,0.073,0.0235,완료,보통,7,2,운영,False
MC0146,가맹점-146,외식,서울,2021-12-06,2025-11-12,8900.0,38293.0,0.0262,0.0205,완료,낮음,1,0,운영,False
MC0147,가맹점-147,서비스,서울,2018-11-27,2026-07-17,7608.0,98648.0,0.1396,0.011,갱신필요,높음,3,1,운영,False
MC0148,가맹점-148,쇼핑,경기,2024-07-09,2025-10-01,5338.0,46549.0,0.0125,0.0129,완료,낮음,7,1,운영,False
MC0149,가맹점-149,여행,대전,2023-09-22,2026-06-12,6203.0,77028.0,0.0461,0.0133,완료,보통,3,1,운영,False
MC0150,가맹점-150,여행,서울,2018-02-12,2025-07-03,7703.0,28436.0,0.057,0.0117,완료,보통,14,0,운영,False
MC0151,가맹점-151,서비스,서울,2019-11-16,2026-03-06,2586.0,48116.0,0.0477,0.0118,완료,보통,3,1,운영,False
MC0152,가맹점-152,쇼핑,경기,2019-08-27,2026-06-04,9063.0,123451.0,0.0353,0.0038,완료,보통,3,3,운영,False
MC0153,가맹점-153,서비스,경기,2020-04-18,2025-05-28,4254.0,82022.0,0.0464,0.0087,완료,낮음,7,3,운영,False
MC0154,가맹점-154,여행,서울,2024-09-09,2026-01-27,10466.0,79407.0,0.0644,0.01,갱신필요,높음,1,1,운영,True
MC0155,가맹점-155,교육,경기,2024-03-15,2025-08-16,35025.0,114618.0,0.0268,0.0223,완료,보통,3,1,운영,False
MC0156,가맹점-156,여행,서울,2025-07-06,2025-05-24,10571.0,52426.0,0.0789,0.0028,완료,보통,7,1,운영,False
MC0157,가맹점-157,쇼핑,경기,2019-10-22,2025-09-12,6639.0,84431.0,0.1037,0.0011,완료,보통,3,1,일시중지,False
MC0158,가맹점-158,여행,경기,2025-10-20,2025-12-11,5309.0,97228.0,0.126,0.0001,검토중,낮음,7,0,운영,False
MC0159,가맹점-159,교육,서울,2020-01-22,2025-10-24,9400.0,23849.0,0.0257,0.0244,검토중,보통,7,7,운영,True
MC0160,가맹점-160,외식,부산,2024-06-09,2026-02-21,11549.0,56436.0,0.1024,0.0042,완료,낮음,3,2,운영,False
MC0161,가맹점-161,교육,서울,2020-04-07,2026-05-12,4171.0,77059.0,,0.008,완료,낮음,7,3,운영,False
MC0162,가맹점-162,서비스,대전,2022-05-19,2025-05-19,10354.0,74431.0,0.0046,0.0309,완료,보통,7,4,운영,True
MC0163,가맹점-163,외식,광주,2018-04-22,2025-04-25,5130.0,101334.0,0.0916,0.0006,완료,낮음,3,2,운영,False
MC0164,가맹점-164,쇼핑,서울,2019-03-27,2025-11-18,4541.0,40438.0,0.0704,0.0078,완료,낮음,3,6,운영,True
MC0165,가맹점-165,여행,부산,2023-12-01,2025-12-03,17631.0,90591.0,0.0898,0.0035,완료,보통,14,2,운영,True
MC0166,가맹점-166,서비스,서울,2024-04-11,2026-08-15,6968.0,38913.0,0.0482,0.0516,완료,낮음,1,3,운영,True
MC0167,가맹점-167,외식,서울,2020-06-17,2025-12-15,15448.0,54969.0,0.0435,0.014,완료,낮음,3,3,운영,False
MC0168,가맹점-168,쇼핑,서울,2022-01-19,2026-07-10,14541.0,164653.0,0.036,0.0113,완료,보통,7,4,운영,False
MC0169,가맹점-169,외식,대전,2019-01-29,2026-05-18,4958.0,52919.0,0.0417,0.0133,완료,보통,3,4,운영,False
MC0170,가맹점-170,쇼핑,서울,2019-11-16,2026-06-09,8687.0,54419.0,0.0152,0.0283,완료,낮음,7,3,운영,True
MC0171,가맹점-171,서비스,광주,2020-09-29,2026-07-05,1822.0,130469.0,0.0317,0.0012,완료,낮음,3,4,일시중지,False
MC0172,가맹점-172,외식,대전,2021-07-18,2025-05-28,4039.0,59255.0,0.0707,0.0163,완료,낮음,1,3,운영,False
MC0173,가맹점-173,여행,부산,2023-09-19,2025-06-29,4832.0,64821.0,0.1108,0.017,완료,낮음,3,3,운영,False
MC0174,가맹점-174,서비스,서울,2020-02-25,2026-04-21,6628.0,82550.0,0.065,0.0062,완료,보통,3,2,운영,False
MC0175,가맹점-175,쇼핑,경기,2023-10-15,날짜오류,10803.0,58522.0,0.199,0.0029,완료,낮음,3,4,운영,True
MC0176,가맹점-176,서비스,부산,2025-05-28,2026-05-04,13674.0,77824.0,0.0276,0.0165,완료,보통,14,4,운영,False
MC0177,가맹점-177,여행,서울,2026-01-15,2026-07-20,4763.0,142360.0,0.0172,0.0178,검토중,낮음,3,2,운영,False
MC0178,가맹점-178,서비스,경기,2018-11-25,2025-05-13,12030.0,61673.0,0.0438,0.0142,완료,높음,1,2,운영,False
MC0179,가맹점-179,외식,서울,2020-11-04,2025-08-24,11681.0,67741.0,0.0294,0.0009,완료,낮음,7,5,운영,False
MC0180,가맹점-180,여행,서울,2025-10-24,2025-12-26,9706.0,55502.0,0.1005,0.0063,완료,낮음,3,1,운영,False
MC0181,가맹점-181,외식,경기,2019-01-28,2025-11-27,6101.0,77316.0,0.0166,0.0155,갱신필요,낮음,7,3,운영,False
MC0182,가맹점-182,서비스,경기,2021-01-06,2026-06-12,9365.0,73008.0,0.0681,0.0211,완료,높음,3,2,운영,False
MC0183,가맹점-183,교육,경기,2019-09-19,2026-03-14,7464.0,33015.0,0.034,0.0191,갱신필요,보통,1,3,일시중지,True
MC0184,가맹점-184,교육,경기,2026-06-04,2025-12-19,29695.0,45885.0,0.1128,0.0159,완료,보통,3,1,운영,False
MC0185,가맹점-185,쇼핑,서울,2024-06-16,2025-07-09,18421.0,33953.0,0.1094,0.0053,완료,보통,3,1,운영,False
MC0186,가맹점-186,외식,부산,2019-05-13,2026-02-23,6772.0,97677.0,0.068,0.0221,갱신필요,낮음,14,0,운영,False
MC0187,가맹점-187,외식,서울,2019-05-17,2026-08-22,9874.0,56107.0,0.014,0.0073,완료,낮음,7,4,운영,False
MC0188,가맹점-188,쇼핑,서울,2022-10-17,2026-03-29,3621.0,35995.0,0.0479,0.0081,완료,낮음,3,2,운영,False
MC0189,가맹점-189,서비스,경기,2023-12-29,2025-11-02,18763.0,81695.0,0.0644,0.007,완료,보통,3,3,운영,True
MC0190,가맹점-190,교육,서울,2023-07-07,2026-08-06,5564.0,71891.0,0.0074,0.0083,완료,낮음,3,4,운영,False
MC0191,가맹점-191,교육,서울,2024-03-25,2025-09-19,1601.0,35408.0,0.0422,0.0121,완료,낮음,7,2,운영,False
MC0192,가맹점-192,외식,경기,2019-05-09,2026-01-20,5733.0,90744.0,0.0384,0.0167,완료,높음,7,5,운영,True
MC0193,가맹점-193,쇼핑,대전,2025-09-11,2025-10-30,2612.0,92073.0,0.0559,0.0005,갱신필요,낮음,3,2,운영,False
MC0194,가맹점-194,쇼핑,대전,2018-06-30,2026-02-02,6601.0,33150.0,0.0324,0.011,완료,보통,7,4,운영,False
MC0195,가맹점-195,여행,서울,2023-10-07,2026-05-13,5334.0,122609.0,0.0246,0.0176,완료,보통,3,5,일시중지,True
MC0196,가맹점-196,서비스,서울,2018-08-16,2026-04-04,8503.0,117804.0,0.0759,0.0167,완료,높음,7,1,운영,True
MC0197,가맹점-197,여행,경기,2023-05-30,2026-06-09,6385.0,49704.0,0.0168,0.008,완료,낮음,14,2,운영,False
MC0198,가맹점-198,서비스,서울,2022-10-18,2025-05-13,12324.0,70042.0,0.0581,0.0042,완료,낮음,14,3,일시중지,True
MC0199,가맹점-199,쇼핑,서울,2024-11-30,2026-05-24,확인중,29231.0,0.0808,0.0054,완료,보통,3,2,운영,True
MC0200,가맹점-200,서비스,경기,2022-10-25,2025-08-26,5249.0,160369.0,0.0333,0.0005,완료,낮음,7,4,운영,False
MC0201,가맹점-201,여행,서울,2020-03-31,2026-06-30,3145.0,56184.0,0.0382,0.0301,검토중,보통,14,0,운영,True
MC0202,가맹점-202,서비스,서울,2022-03-15,2025-11-14,10348.0,105328.0,0.0102,0.0496,완료,낮음,1,2,일시중지,True
MC0203,가맹점-203,외식,광주,2018-08-10,2025-05-31,6641.0,79258.0,0.0704,0.0489,완료,낮음,1,2,운영,True
MC0204,가맹점-204,외식,경기,2022-10-28,2026-08-01,2588.0,21431.0,0.0585,0.0083,완료,보통,3,3,운영,False
MC0205,가맹점-205,서비스,부산,2024-09-14,2026-05-13,4527.0,38651.0,0.0623,0.0093,완료,낮음,7,1,운영,False
MC0206,가맹점-206,교육,경기 ,2021-02-06,2026-03-08,4367.0,45681.0,0.0548,0.0088,완료,보통,1,0,운영,False
MC0207,가맹점-207,서비스,경기,2021-11-25,2026-02-24,9264.0,100702.0,0.0593,0.0013,검토중,낮음,14,4,운영,False
MC0208,가맹점-208,서비스,경기,2019-05-06,2025-10-26,2510.0,77831.0,0.0296,0.025,완료,낮음,7,3,운영,True
MC0209,가맹점-209,교육,경기,2021-01-20,2026-06-01,7755.0,51434.0,0.0149,0.0226,완료,높음,1,2,운영,False
MC0210,가맹점-210,교육,광주,2026-04-26,2026-08-20,4739.0,33460.0,0.0566,0.0097,갱신필요,높음,1,0,운영,False
MC0211,가맹점-211,서비스,대전,2025-02-25,2025-11-23,3850.0,53597.0,0.0324,0.0085,완료,높음,7,4,운영,False
MC0212,가맹점-212,교육,경기,2019-12-29,2025-08-17,7041.0,60572.0,0.0272,0.0061,완료,낮음,7,2,운영,False
MC0213,가맹점-213,여행,서울,2025-04-29,2025-12-06,3150.0,72924.0,0.0432,0.0019,완료,낮음,1,1,운영,False
MC0214,가맹점-214,서비스,대전,2026-01-24,2026-07-18,8694.0,35692.0,0.0427,0.0089,갱신필요,낮음,7,2,일시중지,False
MC0215,가맹점-215,서비스,부산,2021-03-04,2026-06-21,5007.0,65887.0,0.0273,0.0112,완료,보통,3,2,운영,False
MC0216,가맹점-216,교육,경기,2023-03-18,2026-04-29,9637.0,87326.0,0.0419,0.0401,완료,보통,3,1,운영,True
MC0217,가맹점-217,교육,광주,2026-02-08,2026-02-01,10071.0,93212.0,0.1392,0.019,완료,낮음,7,1,운영,True
MC0218,가맹점-218,교육,경기,2025-09-23,2026-07-04,2222.0,61708.0,0.0074,0.0148,완료,낮음,3,1,운영,False
MC0219,가맹점-219,외식,서울,2019-05-19,2025-11-16,12116.0,67199.0,0.0544,0.0126,갱신필요,낮음,3,2,운영,False
MC0220,가맹점-220,교육,대전,2018-11-03,2026-02-19,4470.0,33455.0,0.0555,0.0014,완료,보통,1,2,운영,True
MC0221,가맹점-221,외식,경기,2026-02-15,2025-05-03,3456.0,68644.0,0.0548,0.0608,완료,낮음,1,0,일시중지,True
MC0222,가맹점-222,교육,광주,2018-07-10,2026-02-02,4663.0,50052.0,0.0229,0.0124,완료,낮음,3,2,운영,False
MC0223,가맹점-223,여행,서울,2018-01-09,2026-03-14,8055.0,50189.0,0.0238,0.0165,완료,낮음,3,4,운영,False
MC0224,가맹점-224,서비스,부산,2021-07-24,2025-06-03,6419.0,90007.0,0.0272,0.009,완료,낮음,3,6,운영,True
MC0225,가맹점-225,쇼핑,서울,2019-09-21,2026-02-26,4411.0,40035.0,0.0306,0.0053,완료,낮음,1,1,운영,False
MC0226,가맹점-226,교육,서울,2024-10-23,2026-03-16,8333.0,53797.0,,0.0126,완료,낮음,3,4,운영,False
MC0227,가맹점-227,외식,경기,2023-09-27,2025-10-02,25278.0,75932.0,0.0763,0.0013,완료,높음,3,4,운영,True
MC0228,가맹점-228,여행,경기,2018-01-25,2026-02-14,4583.0,53078.0,0.0478,0.0117,완료,낮음,3,0,운영,False
MC0229,가맹점-229,여행,경기,2024-09-04,2025-12-26,3203.0,68563.0,0.0427,0.0269,완료,높음,3,2,운영,False
MC0230,가맹점-230,쇼핑,경기,2019-02-12,2026-06-28,2702.0,150406.0,0.0816,0.0139,완료,낮음,3,2,운영,False
MC0231,가맹점-231,외식,부산,2022-02-19,2026-03-17,5703.0,56391.0,0.0532,0.0004,완료,낮음,3,0,운영,False
MC0232,가맹점-232,쇼핑,경기,2018-09-15,2026-02-22,3323.0,111460.0,0.0713,0.0265,완료,낮음,3,2,운영,False
MC0233,가맹점-233,교육,경기,2024-12-10,2025-07-31,7771.0,100251.0,0.0471,0.0084,완료,낮음,14,1,운영,False
MC0234,가맹점-234,교육,서울,2024-12-01,2026-01-10,4786.0,70289.0,0.0343,0.0212,갱신필요,낮음,1,6,운영,True
MC0235,가맹점-235,외식,부산,2019-07-04,2026-05-12,10132.0,57430.0,0.0438,0.0033,완료,낮음,7,3,운영,False
MC0236,가맹점-236,쇼핑,경기,2023-07-05,2025-07-28,9067.0,54881.0,0.09,0.0398,완료,보통,1,3,운영,True
MC0237,가맹점-237,쇼핑,서울,2019-09-11,2026-05-06,3596.0,41580.0,0.0836,0.0022,갱신필요,보통,3,5,운영,False
MC0238,가맹점-238,서비스,서울,2018-12-22,2026-07-29,4698.0,97346.0,0.0496,0.0022,갱신필요,낮음,3,5,운영,True
MC0239,가맹점-239,외식,광주,2023-05-11,2026-06-26,3803.0,108126.0,0.065,0.0078,완료,높음,3,2,운영,False
MC0240,가맹점-240,쇼핑,광주,2018-06-23,2026-06-24,6905.0,68719.0,0.0498,0.0154,완료,보통,3,2,운영,False
MC0001,가맹점-001,여행,대전,2021-08-18,2026-02-19,14305.0,127471.0,0.0038,0.0049,완료,높음,3,1,운영,False
MC0002,가맹점-002,서비스,광주,2018-07-01,2026-04-01,9608.0,64672.0,0.0643,0.0365,완료,보통,3,2,운영,False
MC0003,가맹점-003,교육,경기,2018-02-14,2025-10-31,16029.0,116617.0,0.0537,0.0328,갱신필요,낮음,3,2,운영,False
