merchant_id,merchant_name,industry,region,account_open_date,last_kyc_review_date,monthly_sales_10k_krw,avg_ticket_krw,refund_rate,chargeback_rate,kyc_status,risk_tier,settlement_cycle_days,support_tickets_90d,active_status
MCN001,신규가맹점-01,쇼핑,제주,2026-04-17,2026-05-20,4591.0,69606.0,0.0077,0.0077,갱신필요,높음,7,3,일시중지
MCN002,신규가맹점-02,외식,서울,2025-03-08,2026-07-15,6661.0,71350.0,0.0591,0.0046,검토중,보통,1,3,일시중지
MCN003,신규가맹점-03,서비스,제주,2026-07-11,2026-06-01,5292.0,34844.0,0.0117,0.02,검토중,보통,1,1,운영
MCN004,신규가맹점-04,쇼핑,광주,2024-09-15,2025-12-29,12924.0,102070.0,0.0638,0.0006,갱신필요,보통,14,3,일시중지
MCN005,신규가맹점-05,교육,광주,2024-06-11,2026-07-07,3802.0,72625.0,0.0234,0.0113,완료,보통,1,1,일시중지
MCN006,신규가맹점-06,디지털콘텐츠,제주,2026-04-15,2026-01-05,5432.0,29443.0,0.0438,0.0105,갱신필요,높음,7,1,운영
MCN007,신규가맹점-07,서비스,제주,2026-06-16,2026-08-15,8244.0,32882.0,0.0881,0.0025,검토중,낮음,3,6,일시중지
MCN008,신규가맹점-08,외식,경기,2025-08-04,2025-12-16,5804.0,27963.0,0.0086,0.0104,갱신필요,높음,1,3,일시중지
MCN009,신규가맹점-09,외식,제주,2025-05-06,2026-08-25,11886.0,31388.0,0.0794,0.0297,갱신필요,보통,14,0,운영
MCN010,신규가맹점-10,디지털콘텐츠,서울,2025-08-07,2026-04-29,8930.0,81665.0,0.0967,0.0133,갱신필요,낮음,14,0,일시중지
MCN011,신규가맹점-11,여행,제주,2024-11-18,2026-08-23,10210.0,100279.0,0.0641,0.0026,완료,높음,7,2,운영
MCN012,신규가맹점-12,쇼핑,경기,2024-11-05,2025-12-26,11161.0,63143.0,0.0584,0.0041,갱신필요,보통,1,2,운영
MCN013,신규가맹점-13,쇼핑,경기,2024-10-12,2026-05-27,7800.0,68026.0,0.0827,0.0346,검토중,보통,1,3,운영
MCN014,신규가맹점-14,외식,경기,2024-06-13,2026-06-23,10928.0,64220.0,0.0323,0.0061,검토중,높음,1,5,일시중지
MCN015,신규가맹점-15,여행,대전,2024-07-24,2026-05-03,6347.0,84401.0,0.0184,0.0056,검토중,높음,1,1,운영
MCN016,신규가맹점-16,디지털콘텐츠,경기,2025-12-21,2026-06-25,24843.0,26140.0,0.0835,0.0183,완료,높음,7,5,운영
MCN017,신규가맹점-17,교육,경기,2025-02-17,2026-01-27,6183.0,111267.0,0.0422,0.0082,갱신필요,높음,1,3,일시중지
MCN018,신규가맹점-18,여행,광주,2024-09-03,2026-04-07,2706.0,31205.0,0.0559,0.037,검토중,높음,14,4,일시중지
MCN019,신규가맹점-19,디지털콘텐츠,대전,2024-06-13,2026-07-27,7049.0,54716.0,0.0937,0.0161,완료,높음,1,3,일시중지
MCN020,신규가맹점-20,여행,서울,2024-04-01,2026-05-16,7460.0,62276.0,0.0115,0.0161,검토중,높음,1,1,일시중지
MCN021,신규가맹점-21,쇼핑,경기,2025-02-08,2026-06-09,4506.0,82514.0,0.0587,0.0205,검토중,높음,14,0,운영
MCN022,신규가맹점-22,디지털콘텐츠,제주,2024-03-29,2026-04-09,13221.0,93830.0,0.0727,0.0189,검토중,낮음,14,2,일시중지
MCN023,신규가맹점-23,서비스,경기,2024-07-19,2026-02-18,2588.0,92911.0,0.0402,0.0135,갱신필요,높음,14,2,운영
MCN024,신규가맹점-24,여행,대전,2026-03-25,2026-04-14,7228.0,83378.0,0.0365,0.0098,갱신필요,낮음,7,1,운영
MCN025,신규가맹점-25,여행,서울,2024-11-03,2026-05-05,10284.0,107920.0,0.0917,0.0197,갱신필요,낮음,3,3,일시중지
MCN026,신규가맹점-26,디지털콘텐츠,부산,2024-03-25,2026-01-09,1196.0,59598.0,0.0294,0.0044,검토중,높음,7,0,일시중지
MCN027,신규가맹점-27,서비스,경기,2025-10-25,2026-07-09,4692.0,51948.0,0.0439,0.0032,검토중,낮음,3,1,운영
MCN028,신규가맹점-28,쇼핑,서울,2025-03-21,2026-08-15,12189.0,82371.0,0.0631,0.0069,갱신필요,높음,14,5,운영
MCN029,신규가맹점-29,쇼핑,부산,2024-08-31,2026-04-19,6180.0,36695.0,0.0584,0.0132,완료,높음,14,2,일시중지
MCN030,신규가맹점-30,서비스,광주,2024-07-12,2026-01-15,2080.0,31085.0,0.0232,0.0363,완료,보통,1,0,일시중지
MCN031,신규가맹점-31,외식,제주,2026-04-26,2026-08-03,8608.0,115371.0,0.1242,0.0158,갱신필요,높음,7,1,일시중지
MCN032,신규가맹점-32,쇼핑,광주,2025-01-14,2026-04-03,11275.0,113026.0,0.0504,0.0154,갱신필요,보통,1,3,운영
MCN033,신규가맹점-33,여행,대전,2025-09-13,2026-04-05,19367.0,67100.0,0.0113,0.0221,검토중,보통,14,1,일시중지
MCN034,신규가맹점-34,여행,경기,2024-11-29,2026-07-21,6014.0,68063.0,0.081,0.0067,완료,보통,7,3,운영
MCN035,신규가맹점-35,쇼핑,경기,2025-01-17,2026-05-22,11045.0,83304.0,0.0338,0.0042,완료,보통,1,0,운영
MCN036,신규가맹점-36,쇼핑,광주,2024-01-22,2026-07-01,9944.0,62271.0,0.104,0.0235,완료,높음,1,1,운영
MCN037,신규가맹점-37,쇼핑,대전,2025-10-18,2026-08-07,8418.0,51970.0,0.0173,0.0086,검토중,높음,1,1,일시중지
MCN038,신규가맹점-38,여행,부산,2024-07-15,2026-02-18,6273.0,31922.0,0.0076,0.0009,완료,높음,1,1,운영
MCN039,신규가맹점-39,여행,대전,2025-09-02,2026-01-15,8602.0,42750.0,0.0082,0.0087,검토중,보통,14,2,일시중지
MCN040,신규가맹점-40,서비스,광주,2024-06-02,2026-01-07,20365.0,74435.0,0.0294,0.0009,갱신필요,보통,14,6,일시중지
