event_id,equipment_id,event_datetime,shift,temperature_c,pressure_bar,vibration_mm_s,cycle_time_sec,energy_kwh,alarm_code,quality_pass
EV0003099,EQ0104,2026-08-09 02:00:00,주간,171.5,5.16,1.95,47.9,67.46,없음,True
EV0002532,EQ0085,2026-08-12 12:00:00,주간,174.1,5.12,3.93,59.7,74.85,진동,True
EV0004072,EQ0136,2026-08-22 15:00:00,야간,180.6,5.54,1.58,33.5,68.45,없음,True
EV0001288,EQ0043,2026-08-28 15:00:00,야간,178.8,5.14,3.33,50.6,54.16,없음,True
EV0002541,EQ0085,2026-08-21 23:00:00,야간,183.4,5.33,0.32,45.7,62.52,없음,True
EV0000264,EQ0009,2026-08-24 23:00:00,주간,192.7,6.54,3.92,28.0,63.71,없음,True
EV0006124,EQ0205,2026-08-04 08:00:00,주간,175.0,5.65,2.68,44.1,62.96,진동,True
EV0002440,EQ0082,2026-08-10 20:00:00,주간,167.6,6.24,1.55,32.8,69.65,없음,True
EV0003750,EQ0125,2026-08-30 03:00:00,주간,169.0,5.59,3.35,34.4,73.82,진동,True
EV0001200,EQ0040,2026-08-30 10:00:00,야간,180.2,6.65,3.75,40.3,61.97,없음,True
EV0001840,EQ0062,2026-08-10 21:00:00,주간,168.3,5.19,5.16,27.7,70.0,없음,True
EV0002025,EQ0068,2026-08-15 22:00:00,야간,169.7,4.31,2.03,31.8,91.55,없음,True
EV0002227,EQ0075,2026-08-07 23:00:00,주간,191.1,5.99,3.41,40.0,54.11,없음,True
EV0002940,EQ0098,2026-08-30 22:00:00,주간,199.6,5.92,2.84,45.6,66.19,진동,True
EV0003642,EQ0122,2026-08-12 17:00:00,야간,183.4,5.49,2.64,48.2,55.8,없음,True
EV0002216,EQ0074,2026-08-26 10:00:00,주간,171.0,5.2,3.62,38.7,87.02,없음,True
EV0007095,EQ0237,2026-08-15 15:00:00,야간,169.4,5.33,1.96,35.7,70.3,진동,True
EV0000998,EQ0034,2026-08-08 22:00:00,야간,174.9,5.54,1.61,41.6,49.28,없음,True
EV0001034,EQ0035,2026-08-14 20:00:00,야간,172.7,5.2,3.76,51.8,84.42,없음,True
EV0002900,EQ0097,2026-08-20 05:00:00,야간,175.8,4.15,2.6,44.1,76.71,없음,True
EV0002749,EQ0092,2026-08-19 04:00:00,야간,181.2,6.44,2.42,46.0,47.01,없음,True
EV0004088,EQ0137,2026-08-08 01:00:00,야간,180.8,6.54,1.82,46.2,64.01,압력,True
EV0003126,EQ0105,2026-08-06 16:00:00,주간,192.7,6.62,3.63,44.3,68.53,진동,True
EV0002534,EQ0085,2026-08-14 17:00:00,주간,182.8,6.04,2.24,45.7,69.49,없음,True
EV0006333,EQ0212,2026-08-03 22:00:00,주간,177.0,6.05,1.72,45.2,62.86,없음,True
EV0002535,EQ0085,2026-08-15 13:00:00,야간,174.5,5.58,3.65,38.5,76.61,없음,True
EV0000643,EQ0022,2026-08-13 22:00:00,주간,185.6,6.0,3.71,30.3,82.91,압력,True
EV0006077,EQ0203,2026-08-17 01:00:00,주간,178.5,5.98,2.01,39.8,76.01,없음,True
EV0004553,EQ0152,2026-08-23 04:00:00,야간,187.3,5.01,3.95,42.4,82.65,없음,True
EV0002125,EQ0071,2026-08-25 21:00:00,야간,153.3,5.88,3.07,51.1,74.79,온도,True
EV0005562,EQ0186,2026-08-12 15:00:00,야간,179.5,4.84,2.08,38.2,81.21,진동,False
EV0002998,EQ0100,2026-08-28 19:00:00,야간,199.1,5.68,4.91,43.0,75.79,없음,True
EV0002346,EQ0079,2026-08-06 02:00:00,야간,190.5,5.8,0.78,43.6,64.07,없음,True
EV0002178,EQ0073,2026-08-18 03:00:00,야간,174.4,5.2,2.45,44.7,73.52,없음,True
EV0007141,EQ0239,2026-08-01 02:00:00,주간,188.0,5.67,2.03,42.3,86.61,없음,True
EV0002416,EQ0081,2026-08-16 21:00:00,주간,205.0,4.39,2.58,28.2,74.24,없음,True
EV0001026,EQ0035,2026-08-06 11:00:00,주간,174.6,4.61,2.81,42.0,79.35,진동,True
EV0000133,EQ0005,2026-08-13 19:00:00,야간,190.2,5.39,2.61,44.2,70.69,없음,True
EV0002698,EQ0090,2026-08-28 01:00:00,야간,175.1,4.19,1.88,44.7,62.46,없음,True
EV0005454,EQ0182,2026-08-24 13:00:00,야간,197.1,3.73,2.41,48.1,85.84,없음,True
EV0003659,EQ0122,2026-08-29 01:00:00,야간,172.8,4.4,2.69,50.4,65.25,없음,True
EV0003549,EQ0119,2026-08-09 18:00:00,주간,177.3,4.94,1.35,42.4,92.55,압력,True
EV0004483,EQ0150,2026-08-13 00:00:00,주간,182.5,5.01,5.04,46.2,60.55,없음,True
EV0004051,EQ0136,2026-08-01 16:00:00,주간,178.8,5.57,2.9,44.6,40.13,온도,False
EV0003129,EQ0105,2026-08-09 20:00:00,주간,199.0,5.65,2.95,46.3,72.8,압력,True
EV0005119,EQ0171,2026-08-19 03:00:00,주간,177.2,4.34,2.56,38.0,68.09,없음,True
EV0004379,EQ0146,2026-08-29 11:00:00,야간,188.7,5.22,2.94,51.9,85.73,없음,True
EV0002891,EQ0097,2026-08-11 06:00:00,야간,157.9,3.27,2.77,40.2,79.74,없음,False
EV0002700,EQ0090,2026-08-30 01:00:00,야간,175.5,4.71,2.7,42.6,84.63,없음,True
EV0004076,EQ0136,2026-08-26 04:00:00,주간,182.1,5.65,1.9,46.9,74.18,없음,True
EV0001042,EQ0035,2026-08-22 10:00:00,주간,179.2,5.97,3.33,56.9,65.63,없음,True
EV0005866,EQ0196,2026-08-16 23:00:00,주간,199.8,5.0,2.47,50.8,71.26,압력,True
EV0006257,EQ0209,2026-08-17 23:00:00,야간,156.0,5.41,3.02,50.4,84.37,없음,True
EV0002419,EQ0081,2026-08-19 16:00:00,야간,194.9,4.12,2.68,51.8,58.74,없음,True
EV0006005,EQ0201,2026-08-05 07:00:00,야간,176.8,4.32,3.39,46.3,84.97,없음,True
EV0000512,EQ0018,2026-08-02 03:00:00,야간,211.5,5.21,3.43,39.9,103.86,없음,True
EV0004989,EQ0167,2026-08-09 08:00:00,야간,194.9,5.65,2.8,45.1,40.12,없음,True
EV0002511,EQ0084,2026-08-21 23:00:00,주간,200.8,4.27,2.82,45.9,67.32,없음,True
EV0002119,EQ0071,2026-08-19 08:00:00,주간,186.6,6.13,2.79,46.1,91.3,없음,True
EV0005459,EQ0182,2026-08-29 07:00:00,야간,186.9,4.64,2.94,43.2,78.09,없음,True
EV0000436,EQ0015,2026-08-16 11:00:00,주간,185.2,6.14,0.79,53.8,59.41,없음,True
EV0005031,EQ0168,2026-08-21 10:00:00,주간,164.4,5.09,4.26,42.5,67.99,없음,True
EV0001633,EQ0055,2026-08-13 16:00:00,야간,170.2,5.39,2.23,46.1,73.74,없음,True
EV0000765,EQ0026,2026-08-15 01:00:00,야간,198.7,5.73,3.45,38.8,68.99,없음,True
EV0002856,EQ0096,2026-08-06 19:00:00,주간,192.8,5.48,2.42,47.7,69.92,없음,True
EV0004458,EQ0149,2026-08-18 07:00:00,주간,196.1,4.77,2.03,36.1,63.25,온도,True
EV0000466,EQ0016,2026-08-16 01:00:00,야간,195.0,5.73,3.02,40.4,54.53,없음,True
EV0002132,EQ0072,2026-08-02 13:00:00,야간,196.3,5.16,2.44,47.4,81.44,진동,True
EV0001489,EQ0050,2026-08-19 21:00:00,야간,179.4,5.39,2.3,41.4,82.73,없음,True
EV0005081,EQ0170,2026-08-11 22:00:00,야간,173.0,4.56,5.23,46.6,75.79,없음,True
EV0001303,EQ0044,2026-08-13 23:00:00,야간,202.9,4.18,2.78,46.9,67.78,없음,True
EV0001684,EQ0057,2026-08-04 18:00:00,야간,198.2,4.58,2.9,49.1,79.48,없음,True
EV0003535,EQ0118,2026-08-25 03:00:00,야간,184.2,5.5,2.44,45.2,79.73,없음,True
EV0002128,EQ0071,2026-08-28 22:00:00,야간,190.8,5.39,2.6,35.5,58.88,없음,True
EV0001653,EQ0056,2026-08-03 18:00:00,야간,204.3,5.35,3.64,45.3,67.51,없음,True
EV0006116,EQ0204,2026-08-26 12:00:00,야간,166.2,4.56,3.55,46.7,86.5,없음,True
EV0006973,EQ0233,2026-08-13 21:00:00,야간,166.0,5.6,3.36,32.2,79.28,없음,True
EV0001035,EQ0035,2026-08-15 17:00:00,야간,175.6,5.1,3.46,39.0,91.82,진동,True
EV0006810,EQ0227,2026-08-30 23:00:00,야간,191.2,5.99,3.12,36.9,60.44,없음,True
EV0004509,EQ0151,2026-08-09 18:00:00,주간,190.1,3.74,3.94,34.7,91.01,진동,True
EV0004190,EQ0140,2026-08-20 17:00:00,주간,187.0,5.26,2.89,51.4,72.4,압력,True
EV0000102,EQ0004,2026-08-12 06:00:00,주간,179.2,5.6,2.62,42.6,78.34,없음,True
EV0005595,EQ0187,2026-08-15 07:00:00,주간,161.0,5.26,3.83,33.0,61.09,없음,True
EV0001865,EQ0063,2026-08-05 01:00:00,주간,165.0,6.01,3.02,38.6,54.05,없음,True
EV0006119,EQ0204,2026-08-29 18:00:00,야간,161.6,5.13,2.24,57.0,84.16,없음,True
EV0003681,EQ0123,2026-08-21 16:00:00,주간,182.8,5.98,2.65,29.9,70.82,없음,True
EV0002489,EQ0083,2026-08-29 01:00:00,주간,170.6,4.82,3.32,47.8,71.86,없음,True
EV0002510,EQ0084,2026-08-20 20:00:00,야간,189.0,3.98,1.8,38.8,65.22,없음,True
EV0005172,EQ0173,2026-08-12 19:00:00,주간,198.4,4.04,3.5,39.7,74.29,없음,True
EV0003033,EQ0102,2026-08-03 04:00:00,야간,178.9,5.01,2.59,43.5,54.25,없음,True
EV0005861,EQ0196,2026-08-11 04:00:00,주간,203.1,5.71,2.4,52.0,69.27,없음,True
EV0000240,EQ0008,2026-08-30 17:00:00,주간,173.0,4.63,3.18,34.5,60.35,없음,True
EV0002993,EQ0100,2026-08-23 13:00:00,야간,207.1,6.35,3.16,40.3,64.51,없음,True
EV0006395,EQ0214,2026-08-05 22:00:00,주간,192.2,5.07,1.95,29.6,95.48,없음,True
EV0005109,EQ0171,2026-08-09 03:00:00,야간,178.9,5.11,4.19,34.9,47.27,압력,True
EV0000737,EQ0025,2026-08-17 10:00:00,주간,162.1,4.56,4.29,37.5,75.63,압력,False
EV0004054,EQ0136,2026-08-04 08:00:00,주간,199.1,5.5,3.27,42.5,60.41,없음,True
EV0006659,EQ0222,2026-08-29 22:00:00,야간,191.6,6.7,3.55,48.0,55.56,없음,True
EV0000080,EQ0003,2026-08-20 17:00:00,주간,221.1,3.72,2.4,38.0,68.76,온도,True
EV0005482,EQ0183,2026-08-22 17:00:00,야간,170.0,5.72,3.53,38.8,67.6,없음,True
EV0005199,EQ0174,2026-08-09 11:00:00,주간,178.3,4.81,2.94,38.8,84.36,압력,True
EV0006913,EQ0231,2026-08-13 18:00:00,주간,177.2,5.02,3.32,42.3,71.37,없음,True
EV0006057,EQ0202,2026-08-27 19:00:00,야간,187.5,5.82,1.94,39.7,79.37,없음,True
EV0001175,EQ0040,2026-08-05 14:00:00,주간,195.2,6.19,2.21,37.4,54.77,없음,True
EV0002866,EQ0096,2026-08-16 16:00:00,야간,192.3,5.24,3.3,38.0,65.66,없음,True
EV0001196,EQ0040,2026-08-26 08:00:00,야간,174.6,5.06,1.47,39.0,65.72,없음,True
EV0004061,EQ0136,2026-08-11 17:00:00,야간,183.9,5.08,3.67,49.9,70.66,없음,True
EV0000829,EQ0028,2026-08-19 14:00:00,야간,185.4,5.58,2.71,49.4,71.66,없음,True
EV0006498,EQ0217,2026-08-18 22:00:00,주간,185.5,5.44,1.8,50.2,82.17,없음,True
EV0002485,EQ0083,2026-08-25 20:00:00,야간,173.2,4.49,1.55,38.9,64.98,없음,True
EV0003218,EQ0108,2026-08-08 03:00:00,야간,196.0,5.32,0.95,34.8,82.01,온도,True
EV0006339,EQ0212,2026-08-09 06:00:00,야간,198.7,5.77,2.9,45.8,75.68,없음,True
EV0003853,EQ0129,2026-08-13 03:00:00,주간,192.7,5.26,4.15,43.6,69.16,없음,True
EV0000469,EQ0016,2026-08-19 09:00:00,야간,201.7,5.07,3.42,34.6,77.41,없음,True
EV0007001,EQ0234,2026-08-11 07:00:00,주간,176.6,4.37,2.83,41.4,94.65,없음,True
EV0003904,EQ0131,2026-08-04 18:00:00,야간,170.6,5.47,2.6,51.1,74.47,없음,True
EV0001704,EQ0057,2026-08-24 19:00:00,야간,182.7,5.02,3.3,34.9,57.22,없음,True
EV0000473,EQ0016,2026-08-23 13:00:00,주간,194.2,4.56,2.21,37.6,57.55,없음,True
EV0001512,EQ0051,2026-08-12 09:00:00,주간,185.0,5.61,2.93,49.6,62.0,없음,True
EV0005827,EQ0195,2026-08-07 09:00:00,야간,172.3,6.89,2.15,41.0,66.23,없음,True
EV0002265,EQ0076,2026-08-15 22:00:00,야간,183.4,5.21,3.08,30.6,73.21,없음,True
EV0005187,EQ0173,2026-08-27 19:00:00,야간,193.0,4.69,2.69,52.8,76.69,없음,True
EV0006373,EQ0213,2026-08-13 01:00:00,주간,166.5,6.63,2.52,37.6,79.02,없음,True
EV0004931,EQ0165,2026-08-11 08:00:00,주간,209.7,3.93,2.16,49.7,74.59,없음,True
EV0005774,EQ0193,2026-08-14 12:00:00,주간,195.0,4.76,4.8,35.3,62.77,없음,True
EV0006541,EQ0219,2026-08-01 09:00:00,주간,196.3,4.49,2.5,27.9,68.29,없음,True
EV0005016,EQ0168,2026-08-06 02:00:00,야간,166.4,6.18,3.82,43.5,82.18,없음,True
EV0001129,EQ0038,2026-08-19 14:00:00,주간,173.3,4.56,1.9,51.6,75.86,없음,True
EV0000088,EQ0003,2026-08-28 15:00:00,주간,196.7,4.08,2.73,35.7,54.23,없음,True
EV0002639,EQ0088,2026-08-29 16:00:00,주간,187.9,4.34,3.27,33.6,57.52,없음,True
EV0003405,EQ0114,2026-08-15 02:00:00,야간,188.1,6.78,1.7,39.5,81.08,없음,True
EV0003165,EQ0106,2026-08-15 02:00:00,주간,181.1,5.63,2.55,42.8,86.13,없음,True
EV0002158,EQ0072,2026-08-28 05:00:00,주간,204.5,3.88,2.92,51.0,94.34,없음,True
EV0000178,EQ0006,2026-08-28 17:00:00,주간,184.7,6.33,3.23,50.6,79.24,없음,True
EV0006727,EQ0225,2026-08-07 12:00:00,야간,201.0,5.66,2.67,42.0,89.38,없음,True
EV0005675,EQ0190,2026-08-05 01:00:00,주간,152.8,4.22,1.93,43.3,85.27,없음,True
EV0004148,EQ0139,2026-08-08 20:00:00,주간,179.3,5.97,3.17,41.1,67.8,없음,True
EV0004304,EQ0144,2026-08-14 19:00:00,주간,176.1,4.05,3.78,53.4,71.27,없음,True
EV0004399,EQ0147,2026-08-19 02:00:00,주간,185.1,4.99,3.65,38.5,70.7,없음,True
EV0000510,EQ0017,2026-08-30 13:00:00,야간,168.0,4.98,1.86,49.7,63.16,없음,True
EV0005200,EQ0174,2026-08-10 20:00:00,주간,174.9,5.07,1.31,49.9,81.91,없음,True
EV0003559,EQ0119,2026-08-19 13:00:00,주간,182.7,5.99,2.75,42.7,80.14,없음,True
EV0002708,EQ0091,2026-08-08 19:00:00,야간,217.2,4.71,3.99,42.9,73.89,없음,True
EV0007088,EQ0237,2026-08-08 17:00:00,주간,181.1,6.16,2.02,32.0,65.86,없음,True
EV0001650,EQ0055,2026-08-30 02:00:00,주간,167.1,5.24,3.04,30.0,80.15,없음,True
EV0006614,EQ0221,2026-08-14 12:00:00,주간,178.4,6.49,2.87,35.1,64.21,진동,True
EV0001376,EQ0046,2026-08-26 06:00:00,야간,174.7,4.92,2.86,40.4,78.79,없음,True
EV0006931,EQ0232,2026-08-01 07:00:00,주간,182.6,5.28,2.07,27.1,83.97,없음,True
EV0002759,EQ0092,2026-08-29 23:00:00,야간,199.8,6.32,2.45,32.2,65.31,없음,True
EV0006499,EQ0217,2026-08-19 20:00:00,야간,198.1,4.5,2.75,37.3,71.2,온도,True
EV0004521,EQ0151,2026-08-21 03:00:00,야간,190.9,4.94,3.94,44.6,76.24,없음,True
EV0000096,EQ0004,2026-08-06 19:00:00,야간,203.2,5.11,2.99,39.6,64.71,없음,True
EV0006850,EQ0229,2026-08-10 10:00:00,야간,160.6,4.62,1.53,40.9,69.05,없음,True
EV0001860,EQ0062,2026-08-30 13:00:00,주간,171.3,6.03,1.99,40.6,81.93,없음,True
EV0005077,EQ0170,2026-08-07 17:00:00,야간,190.2,3.28,3.47,38.2,70.18,없음,True
EV0006645,EQ0222,2026-08-15 22:00:00,야간,186.5,5.99,2.45,41.8,59.61,없음,True
EV0007023,EQ0235,2026-08-03 04:00:00,주간,183.3,5.45,1.97,48.3,69.55,없음,True
EV0003685,EQ0123,2026-08-25 23:00:00,야간,168.1,5.82,2.39,28.8,76.18,없음,True
EV0000997,EQ0034,2026-08-07 19:00:00,야간,181.7,5.1,1.21,45.1,64.55,없음,True
EV0000971,EQ0033,2026-08-11 06:00:00,야간,183.0,6.73,2.28,41.0,72.47,없음,True
EV0000186,EQ0007,2026-08-06 16:00:00,야간,166.2,4.85,3.49,55.5,61.23,없음,True
EV0006830,EQ0228,2026-08-20 08:00:00,주간,195.7,5.8,3.17,37.1,73.33,없음,True
EV0002688,EQ0090,2026-08-18 09:00:00,야간,174.0,5.43,4.36,37.9,77.26,없음,True
EV0002760,EQ0092,2026-08-30 10:00:00,야간,197.1,6.38,2.41,53.2,62.88,압력,True
EV0000409,EQ0014,2026-08-19 19:00:00,주간,209.6,4.76,4.21,31.0,86.26,없음,True
EV0003455,EQ0116,2026-08-05 05:00:00,야간,202.2,4.53,0.85,46.9,59.06,없음,True
EV0000545,EQ0019,2026-08-05 05:00:00,야간,198.1,5.18,3.46,39.6,61.8,없음,True
EV0006886,EQ0230,2026-08-16 09:00:00,야간,180.7,4.74,3.65,50.8,89.72,없음,True
EV0005931,EQ0198,2026-08-21 07:00:00,주간,179.7,5.4,3.72,49.7,76.78,없음,True
EV0003807,EQ0127,2026-08-27 10:00:00,주간,195.8,5.01,1.54,56.8,73.71,없음,True
EV0003092,EQ0104,2026-08-02 00:00:00,야간,177.2,5.78,4.88,38.2,73.06,없음,True
EV0003144,EQ0105,2026-08-24 18:00:00,주간,187.1,6.61,0.8,63.9,96.87,없음,True
EV0003734,EQ0125,2026-08-14 11:00:00,주간,180.8,5.15,5.36,33.8,75.75,없음,True
EV0004635,EQ0155,2026-08-15 19:00:00,야간,175.0,5.64,2.93,29.2,70.59,없음,True
EV0002654,EQ0089,2026-08-14 14:00:00,야간,167.6,4.45,3.3,46.8,62.81,없음,True
EV0001551,EQ0052,2026-08-21 00:00:00,야간,183.3,4.31,2.65,39.1,84.81,온도,True
EV0001488,EQ0050,2026-08-18 00:00:00,주간,170.8,4.68,3.71,37.6,55.13,없음,True
EV0005236,EQ0175,2026-08-16 04:00:00,주간,186.8,4.62,3.28,43.5,70.11,없음,False
EV0001906,EQ0064,2026-08-16 01:00:00,주간,164.7,5.88,3.22,30.5,53.3,온도,True
EV0001567,EQ0053,2026-08-07 12:00:00,주간,190.7,5.73,1.61,47.7,81.03,압력,True
EV0002182,EQ0073,2026-08-22 06:00:00,주간,186.9,5.13,4.14,40.7,61.02,없음,False
EV0003837,EQ0128,2026-08-27 09:00:00,야간,172.1,6.0,3.69,37.2,67.49,없음,True
EV0000020,EQ0001,2026-08-20 01:00:00,야간,212.5,5.7,1.07,56.2,60.18,없음,True
EV0003013,EQ0101,2026-08-13 13:00:00,주간,189.4,6.25,3.59,37.6,83.43,없음,True
EV0000734,EQ0025,2026-08-14 20:00:00,야간,163.8,4.42,2.92,43.2,80.59,온도,True
EV0005606,EQ0187,2026-08-26 18:00:00,주간,171.4,5.08,4.29,40.9,57.5,없음,True
EV0003227,EQ0108,2026-08-17 04:00:00,야간,205.7,5.78,2.24,42.8,54.96,없음,True
EV0003241,EQ0109,2026-08-01 17:00:00,주간,194.5,4.92,2.32,49.4,85.88,온도,True
EV0006652,EQ0222,2026-08-22 16:00:00,주간,191.6,5.74,2.14,57.5,72.62,압력,True
EV0003878,EQ0130,2026-08-08 22:00:00,야간,184.6,5.84,2.85,49.4,53.13,없음,True
EV0002289,EQ0077,2026-08-09 10:00:00,야간,194.1,6.46,3.39,35.0,60.32,없음,True
EV0004271,EQ0143,2026-08-11 03:00:00,야간,200.4,4.83,3.1,42.6,78.43,없음,True
EV0005088,EQ0170,2026-08-18 18:00:00,야간,164.9,3.8,2.84,41.6,52.8,없음,True
EV0005783,EQ0193,2026-08-23 22:00:00,야간,176.2,4.66,3.07,43.8,67.48,없음,True
EV0000757,EQ0026,2026-08-07 23:00:00,야간,206.6,6.39,3.32,45.2,75.29,없음,True
EV0004964,EQ0166,2026-08-14 16:00:00,주간,198.6,5.71,4.01,36.9,52.99,없음,True
EV0003214,EQ0108,2026-08-04 11:00:00,주간,207.8,5.24,3.19,47.8,80.62,온도,True
EV0001484,EQ0050,2026-08-14 00:00:00,주간,172.8,5.36,2.26,31.6,76.03,진동,True
EV0000322,EQ0011,2026-08-22 21:00:00,야간,188.4,6.75,1.08,34.7,70.15,온도,True
EV0001903,EQ0064,2026-08-13 09:00:00,야간,171.9,5.41,1.73,47.5,75.64,없음,True
EV0004804,EQ0161,2026-08-04 03:00:00,주간,200.6,4.76,3.79,35.5,58.59,압력,True
EV0006994,EQ0234,2026-08-04 17:00:00,주간,177.7,3.99,2.22,51.4,79.51,없음,True
EV0002413,EQ0081,2026-08-13 05:00:00,야간,195.8,3.95,5.0,44.7,70.5,없음,False
EV0003114,EQ0104,2026-08-24 01:00:00,주간,186.7,5.76,2.13,42.7,85.38,없음,True
EV0002944,EQ0099,2026-08-04 21:00:00,주간,176.6,5.34,3.29,45.4,75.7,없음,True
EV0002224,EQ0075,2026-08-04 11:00:00,주간,194.4,6.0,2.0,48.2,46.25,없음,True
EV0006486,EQ0217,2026-08-06 15:00:00,주간,190.8,4.1,2.99,35.5,83.26,없음,True
EV0004523,EQ0151,2026-08-23 05:00:00,야간,212.2,3.94,3.03,39.6,74.75,없음,True
EV0004632,EQ0155,2026-08-12 01:00:00,야간,190.0,5.62,2.26,40.2,69.2,없음,True
EV0000231,EQ0008,2026-08-21 19:00:00,주간,176.8,5.92,2.72,43.6,61.17,없음,True
EV0004629,EQ0155,2026-08-09 02:00:00,야간,179.8,5.4,2.5,50.6,88.93,없음,True
EV0000555,EQ0019,2026-08-15 02:00:00,주간,199.3,5.02,2.12,47.2,76.27,온도,True
EV0005778,EQ0193,2026-08-18 01:00:00,주간,178.9,4.85,1.2,45.1,74.93,압력,True
EV0003821,EQ0128,2026-08-11 06:00:00,주간,163.3,4.72,2.56,33.6,52.2,진동,True
EV0004376,EQ0146,2026-08-26 11:00:00,주간,189.8,5.59,3.13,45.3,72.66,압력,True
EV0001023,EQ0035,2026-08-03 10:00:00,야간,190.2,5.97,2.73,48.4,71.32,없음,True
EV0004528,EQ0151,2026-08-28 11:00:00,야간,189.4,4.12,3.9,41.9,81.22,없음,True
EV0000394,EQ0014,2026-08-04 08:00:00,주간,207.1,4.15,2.98,42.6,88.45,없음,True
EV0005725,EQ0191,2026-08-25 20:00:00,주간,179.3,5.8,2.54,30.4,74.72,없음,True
EV0006928,EQ0231,2026-08-28 04:00:00,야간,197.1,5.91,1.7,46.5,82.56,없음,True
EV0004025,EQ0135,2026-08-05 22:00:00,주간,189.1,5.13,3.7,40.3,81.7,없음,True
EV0000252,EQ0009,2026-08-12 10:00:00,주간,171.8,5.65,2.82,28.2,81.72,없음,True
EV0003128,EQ0105,2026-08-08 03:00:00,야간,197.3,4.49,3.98,58.8,62.53,없음,True
EV0001672,EQ0056,2026-08-22 04:00:00,주간,184.3,4.5,1.42,40.3,68.19,없음,True
EV0003732,EQ0125,2026-08-12 06:00:00,주간,167.6,5.35,1.87,45.9,70.41,없음,True
EV0004535,EQ0152,2026-08-05 12:00:00,주간,199.0,4.59,2.9,40.1,70.42,없음,True
EV0003354,EQ0112,2026-08-24 21:00:00,주간,196.8,5.28,4.04,46.8,61.0,없음,True
EV0005707,EQ0191,2026-08-07 05:00:00,주간,194.9,4.93,3.25,43.1,68.13,없음,True
EV0003348,EQ0112,2026-08-18 21:00:00,주간,195.1,5.67,2.14,45.5,55.46,없음,True
EV0001413,EQ0048,2026-08-03 23:00:00,야간,191.4,4.86,3.67,56.9,85.2,없음,True
EV0005002,EQ0167,2026-08-22 08:00:00,주간,197.9,4.97,2.45,41.4,68.04,온도,True
EV0001721,EQ0058,2026-08-11 15:00:00,주간,193.8,4.62,1.85,32.8,75.5,온도,True
EV0003186,EQ0107,2026-08-06 19:00:00,야간,199.0,4.53,3.18,37.7,89.29,없음,True
EV0003432,EQ0115,2026-08-12 19:00:00,주간,171.2,5.3,2.46,48.8,48.54,없음,True
EV0004718,EQ0158,2026-08-08 19:00:00,주간,172.5,5.15,4.04,41.2,58.35,진동,True
EV0001104,EQ0037,2026-08-24 12:00:00,야간,189.4,5.47,4.83,28.7,93.43,없음,True
EV0001043,EQ0035,2026-08-23 04:00:00,주간,187.5,5.13,3.76,51.9,73.47,없음,True
EV0002405,EQ0081,2026-08-05 22:00:00,주간,212.1,4.14,2.99,46.2,79.22,없음,True
EV0002997,EQ0100,2026-08-27 22:00:00,야간,198.0,5.81,3.77,42.9,55.06,없음,True
EV0002593,EQ0087,2026-08-13 04:00:00,주간,189.8,4.9,2.39,54.7,63.28,없음,True
EV0004457,EQ0149,2026-08-17 01:00:00,주간,191.0,5.59,2.35,31.8,80.45,없음,True
EV0002198,EQ0074,2026-08-08 08:00:00,야간,187.0,4.69,3.3,44.4,66.29,없음,True
EV0000038,EQ0002,2026-08-08 22:00:00,야간,180.8,5.45,2.55,36.3,66.81,없음,True
EV0000866,EQ0029,2026-08-26 03:00:00,주간,190.8,5.06,1.96,40.0,89.34,없음,True
EV0001076,EQ0036,2026-08-26 18:00:00,야간,172.5,4.76,1.51,48.7,76.01,없음,True
EV0000382,EQ0013,2026-08-22 10:00:00,주간,176.4,5.71,2.19,41.9,63.85,없음,False
EV0006555,EQ0219,2026-08-15 07:00:00,주간,190.5,5.13,2.58,39.2,64.61,없음,True
EV0005800,EQ0194,2026-08-10 21:00:00,주간,166.6,5.79,2.28,41.8,63.39,압력,True
EV0006144,EQ0205,2026-08-24 17:00:00,주간,176.9,5.85,2.5,36.3,74.2,없음,True
EV0000539,EQ0018,2026-08-29 01:00:00,주간,206.1,5.68,3.52,48.1,77.01,없음,True
EV0005389,EQ0180,2026-08-19 06:00:00,주간,153.1,6.38,2.04,36.8,80.4,없음,True
EV0004618,EQ0154,2026-08-28 08:00:00,주간,172.0,4.36,3.09,39.2,77.74,없음,True
EV0003893,EQ0130,2026-08-23 16:00:00,야간,181.2,5.33,3.6,43.3,60.01,없음,True
EV0003775,EQ0126,2026-08-25 09:00:00,야간,190.8,5.34,3.7,35.9,69.49,없음,True
EV0006807,EQ0227,2026-08-27 00:00:00,야간,186.1,5.33,3.12,54.4,66.6,없음,True
EV0005833,EQ0195,2026-08-13 14:00:00,야간,178.7,7.21,4.36,37.1,60.39,없음,True
EV0000309,EQ0011,2026-08-09 13:00:00,야간,196.1,5.64,2.75,42.5,82.38,없음,True
EV0000333,EQ0012,2026-08-03 16:00:00,야간,189.6,6.09,4.22,37.3,75.55,진동,True
EV0003743,EQ0125,2026-08-23 10:00:00,야간,181.1,4.71,4.4,42.9,64.0,없음,True
EV0004667,EQ0156,2026-08-17 22:00:00,야간,195.3,6.0,2.51,39.3,78.61,온도,True
EV0001150,EQ0039,2026-08-10 11:00:00,야간,176.7,4.65,3.42,45.1,71.42,없음,True
EV0001635,EQ0055,2026-08-15 18:00:00,야간,188.2,5.78,2.77,42.1,56.48,없음,True
EV0005485,EQ0183,2026-08-25 16:00:00,주간,172.6,5.99,3.82,30.7,56.74,없음,True
EV0004238,EQ0142,2026-08-08 22:00:00,야간,171.7,5.23,3.8,46.8,80.22,진동,True
EV0005705,EQ0191,2026-08-05 15:00:00,야간,175.1,5.31,3.7,41.8,84.62,없음,False
EV0003708,EQ0124,2026-08-18 01:00:00,야간,191.6,6.32,1.22,36.1,86.32,없음,True
EV0002285,EQ0077,2026-08-05 04:00:00,야간,194.1,5.72,2.88,44.3,96.91,온도,True
EV0002935,EQ0098,2026-08-25 21:00:00,주간,198.0,5.18,3.05,36.7,65.21,없음,True
EV0003606,EQ0121,2026-08-06 07:00:00,주간,162.8,5.44,4.02,38.1,81.23,없음,True
EV0000753,EQ0026,2026-08-03 01:00:00,야간,213.4,5.61,2.59,36.6,72.86,없음,True
EV0002222,EQ0075,2026-08-02 18:00:00,주간,187.1,6.51,3.05,51.5,76.07,없음,True
EV0005723,EQ0191,2026-08-23 17:00:00,주간,202.9,6.92,3.62,36.2,68.72,없음,True
EV0006297,EQ0210,2026-08-27 19:00:00,야간,208.7,5.55,2.66,36.0,78.8,압력,True
EV0001695,EQ0057,2026-08-15 01:00:00,야간,174.8,5.94,2.89,42.8,72.48,없음,True
EV0007156,EQ0239,2026-08-16 10:00:00,야간,174.0,5.06,3.7,26.2,68.72,없음,True
EV0005784,EQ0193,2026-08-24 02:00:00,주간,167.9,5.65,2.37,46.3,54.94,없음,True
EV0003686,EQ0123,2026-08-26 11:00:00,야간,194.4,5.42,3.29,48.8,89.72,압력,True
EV0000051,EQ0002,2026-08-21 03:00:00,야간,200.7,5.23,3.23,42.9,77.18,없음,True
EV0007080,EQ0236,2026-08-30 19:00:00,주간,182.1,4.76,4.25,49.0,60.8,압력,True
EV0000246,EQ0009,2026-08-06 21:00:00,야간,182.8,6.19,4.85,35.6,69.1,없음,True
EV0000764,EQ0026,2026-08-14 14:00:00,주간,210.6,5.59,2.64,41.0,67.26,없음,True
EV0003905,EQ0131,2026-08-05 09:00:00,주간,183.7,6.16,3.18,40.0,67.38,없음,True
EV0005185,EQ0173,2026-08-25 11:00:00,주간,186.5,4.52,2.64,24.8,85.18,없음,True
EV0000626,EQ0021,2026-08-26 05:00:00,야간,187.7,5.47,2.25,36.1,67.41,없음,True
EV0005486,EQ0183,2026-08-26 05:00:00,야간,165.4,5.86,2.02,47.1,71.99,없음,True
EV0002808,EQ0094,2026-08-18 02:00:00,야간,174.8,4.98,2.56,45.5,69.2,없음,True
EV0000966,EQ0033,2026-08-06 10:00:00,야간,176.0,5.93,1.57,44.0,59.99,없음,True
EV0004744,EQ0159,2026-08-04 16:00:00,주간,183.9,4.94,3.98,52.5,59.78,없음,True
EV0006069,EQ0203,2026-08-09 08:00:00,주간,195.9,4.91,3.83,56.1,72.32,없음,True
EV0006226,EQ0208,2026-08-16 05:00:00,주간,185.6,5.27,3.59,47.9,56.26,없음,True
EV0005126,EQ0171,2026-08-26 04:00:00,주간,190.7,4.12,3.09,41.7,68.17,없음,True
EV0003936,EQ0132,2026-08-06 05:00:00,주간,185.4,4.7,2.21,41.0,62.33,없음,True
EV0005964,EQ0199,2026-08-24 12:00:00,주간,177.6,6.07,2.29,34.8,65.84,없음,True
EV0005062,EQ0169,2026-08-22 04:00:00,야간,204.5,5.19,2.28,39.2,93.6,없음,True
EV0003668,EQ0123,2026-08-08 05:00:00,주간,180.3,5.02,3.77,45.6,79.53,없음,True
EV0005169,EQ0173,2026-08-09 15:00:00,주간,183.8,4.13,4.16,50.4,65.87,없음,True
EV0004242,EQ0142,2026-08-12 15:00:00,주간,182.5,4.59,1.81,51.5,94.25,없음,True
EV0001374,EQ0046,2026-08-24 15:00:00,주간,177.8,5.81,1.0,37.8,62.38,없음,True
EV0005014,EQ0168,2026-08-04 19:00:00,야간,170.1,4.82,3.71,43.1,73.13,온도,True
EV0004443,EQ0149,2026-08-03 05:00:00,주간,196.2,5.52,4.19,39.8,79.37,없음,True
EV0004887,EQ0163,2026-08-27 05:00:00,야간,188.3,5.25,3.88,46.2,58.98,없음,True
EV0005120,EQ0171,2026-08-20 07:00:00,주간,189.7,4.91,2.75,46.7,87.46,없음,True
EV0000697,EQ0024,2026-08-07 04:00:00,주간,164.6,5.9,4.02,34.9,59.19,없음,True
EV0002095,EQ0070,2026-08-25 01:00:00,주간,172.1,6.36,2.49,43.3,57.01,온도,True
EV0005782,EQ0193,2026-08-22 09:00:00,주간,166.9,4.45,2.5,43.7,70.59,없음,True
EV0000234,EQ0008,2026-08-24 16:00:00,야간,196.4,5.91,3.75,27.8,71.41,온도,True
EV0000066,EQ0003,2026-08-06 12:00:00,주간,207.1,4.45,3.32,22.8,75.35,없음,True
EV0003102,EQ0104,2026-08-12 17:00:00,야간,195.2,5.91,2.22,39.1,58.4,없음,True
EV0005923,EQ0198,2026-08-13 14:00:00,야간,191.3,4.79,3.0,45.7,65.42,없음,True
EV0005063,EQ0169,2026-08-23 01:00:00,야간,195.2,4.91,3.68,30.7,87.81,없음,True
EV0004619,EQ0154,2026-08-29 01:00:00,주간,176.3,4.8,1.96,49.5,85.64,없음,True
EV0001386,EQ0047,2026-08-06 18:00:00,주간,171.0,5.28,2.61,46.1,53.27,없음,True
EV0000430,EQ0015,2026-08-10 06:00:00,야간,201.4,5.63,2.53,49.8,54.93,없음,True
EV0004907,EQ0164,2026-08-17 05:00:00,주간,201.0,5.99,2.63,33.0,84.33,없음,True
EV0004270,EQ0143,2026-08-10 03:00:00,야간,197.4,4.41,0.36,24.3,78.33,없음,True
EV0003609,EQ0121,2026-08-09 04:00:00,주간,173.9,5.66,3.31,41.0,74.74,없음,True
EV0000218,EQ0008,2026-08-08 15:00:00,주간,187.5,6.48,3.03,43.1,90.2,없음,True
EV0002070,EQ0069,2026-08-30 13:00:00,주간,194.5,6.4,3.74,38.1,68.89,온도,True
EV0004173,EQ0140,2026-08-03 21:00:00,야간,184.9,4.86,2.0,33.6,81.57,없음,True
EV0002303,EQ0077,2026-08-23 23:00:00,야간,196.2,6.38,2.78,50.3,86.29,없음,True
EV0002133,EQ0072,2026-08-03 19:00:00,야간,194.1,5.13,2.46,37.1,70.5,없음,True
EV0001145,EQ0039,2026-08-05 03:00:00,주간,175.1,5.78,2.75,42.1,93.55,없음,True
EV0006674,EQ0223,2026-08-14 22:00:00,야간,179.9,5.33,3.72,43.1,82.25,없음,True
EV0006270,EQ0209,2026-08-30 12:00:00,주간,161.9,5.06,2.33,40.1,33.0,없음,True
EV0002733,EQ0092,2026-08-03 18:00:00,주간,206.3,5.2,2.8,51.9,75.93,없음,True
EV0006626,EQ0221,2026-08-26 21:00:00,주간,186.4,5.45,4.11,36.4,57.19,없음,True
EV0003035,EQ0102,2026-08-05 16:00:00,주간,169.4,5.24,3.09,33.3,78.03,없음,True
EV0006943,EQ0232,2026-08-13 10:00:00,야간,174.4,5.14,3.05,50.1,45.53,압력,True
EV0006722,EQ0225,2026-08-02 01:00:00,주간,188.8,6.19,2.34,28.9,59.83,없음,True
EV0005635,EQ0188,2026-08-25 22:00:00,주간,185.2,4.81,3.46,41.2,57.88,없음,True
EV0005011,EQ0168,2026-08-01 19:00:00,야간,185.5,5.17,2.48,32.6,57.53,없음,True
EV0002281,EQ0077,2026-08-01 00:00:00,야간,184.0,6.38,2.74,47.1,68.78,없음,True
EV0003546,EQ0119,2026-08-06 19:00:00,주간,174.7,5.09,3.2,45.2,59.16,없음,True
EV0001537,EQ0052,2026-08-07 10:00:00,주간,174.7,4.44,3.38,41.1,53.51,없음,True
EV0004082,EQ0137,2026-08-02 20:00:00,야간,191.4,5.95,4.74,44.7,67.91,없음,True
EV0005693,EQ0190,2026-08-23 00:00:00,주간,171.8,5.25,2.36,46.8,85.1,없음,True
EV0006078,EQ0203,2026-08-18 18:00:00,야간,177.3,5.75,4.21,32.7,52.04,없음,True
EV0003917,EQ0131,2026-08-17 01:00:00,주간,160.5,5.54,2.71,41.8,81.71,없음,True
EV0003261,EQ0109,2026-08-21 18:00:00,야간,191.1,5.28,2.73,42.7,53.86,없음,True
EV0005942,EQ0199,2026-08-02 15:00:00,주간,182.1,5.45,2.62,48.9,82.38,없음,True
EV0004963,EQ0166,2026-08-13 00:00:00,야간,195.5,6.31,2.13,45.1,85.12,없음,False
EV0004520,EQ0151,2026-08-20 09:00:00,주간,191.3,4.94,2.37,42.3,101.3,없음,True
EV0003818,EQ0128,2026-08-08 01:00:00,야간,171.1,5.51,2.07,51.3,64.93,온도,True
EV0002211,EQ0074,2026-08-21 07:00:00,야간,176.1,4.58,3.78,37.5,80.3,없음,True
EV0001282,EQ0043,2026-08-22 21:00:00,야간,180.0,5.47,3.28,30.1,63.05,없음,True
EV0005152,EQ0172,2026-08-22 13:00:00,주간,183.9,5.46,2.39,30.1,70.37,없음,False
EV0005415,EQ0181,2026-08-15 04:00:00,주간,194.4,4.85,2.02,38.9,66.86,없음,True
EV0000586,EQ0020,2026-08-16 06:00:00,주간,190.3,5.57,2.63,41.8,77.14,없음,True
EV0002400,EQ0080,2026-08-30 23:00:00,야간,190.1,5.23,2.07,55.2,83.08,없음,True
EV0004904,EQ0164,2026-08-14 19:00:00,야간,207.4,6.96,3.01,40.6,67.18,없음,True
EV0002393,EQ0080,2026-08-23 00:00:00,주간,169.9,5.07,3.54,43.0,63.98,없음,True
EV0004554,EQ0152,2026-08-24 05:00:00,야간,182.7,4.98,2.54,42.0,86.27,없음,True
EV0003309,EQ0111,2026-08-09 23:00:00,주간,176.4,4.81,2.91,32.6,91.44,없음,True
EV0005213,EQ0174,2026-08-23 15:00:00,야간,184.4,5.3,2.59,43.8,61.18,없음,True
EV0001318,EQ0044,2026-08-28 20:00:00,야간,202.4,4.47,2.73,45.0,57.59,없음,True
EV0003434,EQ0115,2026-08-14 20:00:00,야간,184.8,5.15,2.32,44.1,89.66,없음,True
EV0005556,EQ0186,2026-08-06 05:00:00,야간,172.5,4.52,3.46,43.4,80.92,없음,True
EV0004092,EQ0137,2026-08-12 13:00:00,야간,197.5,7.21,3.83,52.8,69.23,온도,True
EV0007119,EQ0238,2026-08-09 14:00:00,주간,165.8,5.67,3.32,49.0,69.13,없음,True
EV0000497,EQ0017,2026-08-17 10:00:00,야간,185.8,5.23,3.4,47.4,61.32,없음,True
EV0006194,EQ0207,2026-08-14 01:00:00,주간,191.9,4.81,1.82,35.7,46.85,없음,False
EV0006284,EQ0210,2026-08-14 09:00:00,야간,217.5,5.82,3.38,42.4,58.57,없음,True
EV0004478,EQ0150,2026-08-08 07:00:00,주간,183.8,5.5,2.84,45.8,72.76,없음,True
EV0000319,EQ0011,2026-08-19 19:00:00,주간,177.7,6.13,1.21,30.7,54.42,없음,True
EV0004929,EQ0165,2026-08-09 18:00:00,야간,199.1,4.33,2.71,44.0,58.38,없음,True
EV0000177,EQ0006,2026-08-27 05:00:00,주간,156.8,6.91,2.46,48.2,64.27,없음,True
EV0001088,EQ0037,2026-08-08 04:00:00,야간,190.5,4.78,3.84,45.0,54.66,온도,True
EV0005677,EQ0190,2026-08-07 10:00:00,주간,165.3,4.78,1.66,31.3,81.3,없음,True
EV0005273,EQ0176,2026-08-23 12:00:00,야간,175.8,4.61,1.51,42.6,87.44,없음,True
EV0003384,EQ0113,2026-08-24 14:00:00,야간,185.3,5.44,3.73,47.1,55.75,없음,True
EV0001415,EQ0048,2026-08-05 12:00:00,주간,177.0,4.16,1.87,54.0,84.6,없음,True
EV0003090,EQ0103,2026-08-30 05:00:00,야간,173.7,6.02,1.54,34.8,63.0,없음,True
EV0003341,EQ0112,2026-08-11 11:00:00,야간,196.8,5.68,3.46,36.9,84.06,온도,True
EV0000092,EQ0004,2026-08-02 08:00:00,야간,182.6,4.91,4.56,59.4,73.96,없음,True
EV0004057,EQ0136,2026-08-07 04:00:00,야간,192.0,4.98,3.65,30.6,76.43,없음,True
EV0006328,EQ0211,2026-08-28 13:00:00,주간,175.9,4.87,2.73,43.3,102.08,없음,True
EV0006483,EQ0217,2026-08-03 05:00:00,야간,197.5,4.81,2.1,45.2,80.74,압력,True
EV0001420,EQ0048,2026-08-10 19:00:00,주간,196.6,3.76,3.27,46.8,38.89,없음,True
EV0006729,EQ0225,2026-08-09 10:00:00,주간,193.7,5.33,3.05,37.1,82.29,없음,False
EV0005941,EQ0199,2026-08-01 10:00:00,야간,173.0,5.49,3.08,48.8,74.33,없음,True
EV0001216,EQ0041,2026-08-16 10:00:00,주간,189.8,4.74,2.03,46.6,64.06,없음,True
EV0004234,EQ0142,2026-08-04 08:00:00,주간,167.6,5.97,3.45,32.5,64.18,없음,True
EV0000712,EQ0024,2026-08-22 22:00:00,주간,170.0,5.5,1.97,61.6,94.39,없음,True
EV0003533,EQ0118,2026-08-23 04:00:00,주간,180.0,6.26,3.49,42.1,93.11,없음,True
EV0003492,EQ0117,2026-08-12 17:00:00,야간,193.3,5.81,3.28,28.7,86.78,없음,True
EV0006415,EQ0214,2026-08-25 10:00:00,야간,212.0,5.45,2.46,45.6,93.16,없음,True
EV0003389,EQ0113,2026-08-29 22:00:00,야간,190.5,4.83,2.44,35.7,67.25,압력,True
EV0005283,EQ0177,2026-08-03 20:00:00,야간,178.2,5.58,1.52,45.4,85.96,온도,True
EV0000107,EQ0004,2026-08-17 16:00:00,야간,190.0,4.9,4.01,32.6,46.77,없음,True
EV0005621,EQ0188,2026-08-11 04:00:00,야간,191.9,4.87,3.85,40.4,66.31,없음,True
EV0006170,EQ0206,2026-08-20 22:00:00,주간,178.6,5.08,3.38,48.6,53.74,없음,True
EV0001700,EQ0057,2026-08-20 21:00:00,야간,202.3,4.38,1.91,30.3,56.41,없음,True
EV0003843,EQ0129,2026-08-03 18:00:00,주간,188.8,5.49,3.41,45.2,108.4,압력,True
EV0003663,EQ0123,2026-08-03 20:00:00,야간,162.7,6.1,2.47,44.5,61.75,압력,True
EV0003980,EQ0133,2026-08-20 03:00:00,주간,189.7,5.63,3.41,41.2,88.15,없음,True
EV0001941,EQ0065,2026-08-21 22:00:00,야간,198.3,5.39,3.97,37.7,75.56,없음,True
EV0005220,EQ0174,2026-08-30 21:00:00,주간,181.3,5.09,2.14,42.6,67.5,없음,True
EV0006371,EQ0213,2026-08-11 01:00:00,야간,167.5,6.19,2.54,35.0,73.91,없음,True
EV0001670,EQ0056,2026-08-20 03:00:00,야간,189.6,4.86,2.08,46.1,71.52,없음,True
EV0007195,EQ0240,2026-08-25 16:00:00,주간,154.6,5.89,3.51,39.9,78.67,없음,True
EV0001321,EQ0045,2026-08-01 05:00:00,주간,194.1,6.13,3.67,44.7,57.2,진동,True
EV0002846,EQ0095,2026-08-26 13:00:00,주간,179.0,5.19,2.67,35.7,78.33,없음,True
EV0002647,EQ0089,2026-08-07 23:00:00,야간,171.3,4.23,5.17,44.3,55.68,없음,True
EV0006675,EQ0223,2026-08-15 09:00:00,주간,164.7,5.46,4.06,37.3,74.76,없음,True
EV0000961,EQ0033,2026-08-01 18:00:00,주간,173.1,4.92,2.18,38.5,69.68,없음,True
EV0006470,EQ0216,2026-08-20 13:00:00,주간,189.0,4.82,2.21,37.3,74.75,온도,True
EV0002442,EQ0082,2026-08-12 21:00:00,야간,174.7,5.06,4.0,45.6,79.39,없음,True
EV0003236,EQ0108,2026-08-26 14:00:00,주간,195.4,6.32,1.87,51.1,55.44,압력,True
EV0001707,EQ0057,2026-08-27 03:00:00,야간,185.9,4.88,2.09,41.0,69.64,없음,True
EV0003768,EQ0126,2026-08-18 15:00:00,야간,197.8,5.7,2.71,41.3,65.43,없음,True
EV0002355,EQ0079,2026-08-15 12:00:00,야간,201.7,5.67,3.67,33.6,80.0,없음,True
EV0007140,EQ0238,2026-08-30 06:00:00,야간,197.4,4.86,1.74,34.7,74.29,진동,True
EV0001559,EQ0052,2026-08-29 14:00:00,주간,180.3,5.29,4.22,47.5,49.75,없음,True
EV0001545,EQ0052,2026-08-15 08:00:00,주간,187.9,4.96,2.27,49.5,75.19,없음,False
EV0005975,EQ0200,2026-08-05 01:00:00,주간,195.2,5.87,2.46,47.8,88.73,없음,True
EV0006289,EQ0210,2026-08-19 07:00:00,주간,213.5,4.97,2.76,40.8,79.61,진동,True
EV0007154,EQ0239,2026-08-14 12:00:00,주간,173.4,4.93,1.42,46.3,73.13,없음,True
EV0000684,EQ0023,2026-08-24 01:00:00,주간,189.4,4.5,1.37,45.2,61.28,없음,True
EV0002689,EQ0090,2026-08-19 15:00:00,야간,179.3,5.26,3.03,48.8,74.53,없음,True
EV0001965,EQ0066,2026-08-15 15:00:00,주간,188.2,5.44,2.36,40.8,80.1,없음,True
EV0006004,EQ0201,2026-08-04 09:00:00,주간,174.9,4.59,3.4,40.4,85.49,진동,True
EV0002816,EQ0094,2026-08-26 08:00:00,주간,179.1,5.65,2.28,50.8,60.71,없음,True
EV0005734,EQ0192,2026-08-04 06:00:00,야간,185.1,5.78,1.92,46.5,75.93,없음,True
EV0006329,EQ0211,2026-08-29 10:00:00,주간,173.6,4.11,1.03,31.3,65.93,없음,True
EV0004685,EQ0157,2026-08-05 04:00:00,야간,158.2,3.87,2.41,41.6,60.05,없음,True
EV0005179,EQ0173,2026-08-19 07:00:00,야간,191.2,4.39,3.11,46.6,67.75,없음,True
EV0000458,EQ0016,2026-08-08 13:00:00,야간,191.4,4.46,2.47,43.0,70.79,없음,True
EV0001678,EQ0056,2026-08-28 21:00:00,야간,175.8,4.81,2.55,31.2,90.55,없음,True
EV0002209,EQ0074,2026-08-19 22:00:00,야간,175.2,3.95,3.54,30.0,75.97,없음,True
EV0005314,EQ0178,2026-08-04 01:00:00,야간,158.7,5.46,2.74,55.9,78.3,없음,True
EV0001873,EQ0063,2026-08-13 02:00:00,주간,177.4,6.25,4.0,34.7,90.85,없음,True
EV0005982,EQ0200,2026-08-12 23:00:00,주간,198.2,5.63,2.72,34.6,76.67,없음,True
EV0006681,EQ0223,2026-08-21 22:00:00,야간,176.8,5.49,2.83,39.3,68.4,압력,True
EV0000995,EQ0034,2026-08-05 17:00:00,야간,170.0,5.57,3.84,34.2,65.41,없음,True
EV0006018,EQ0201,2026-08-18 16:00:00,주간,159.8,4.43,2.04,27.7,71.9,없음,True
EV0005453,EQ0182,2026-08-23 08:00:00,주간,203.4,3.81,2.3,42.8,85.98,없음,True
EV0001006,EQ0034,2026-08-16 18:00:00,주간,171.6,5.2,1.99,44.8,87.94,압력,True
EV0004853,EQ0162,2026-08-23 18:00:00,주간,177.1,4.95,0.95,43.7,80.45,온도,True
EV0006073,EQ0203,2026-08-13 20:00:00,야간,166.3,5.53,2.59,44.0,44.59,없음,True
EV0003858,EQ0129,2026-08-18 02:00:00,야간,182.0,5.53,3.24,37.4,75.43,없음,True
EV0002424,EQ0081,2026-08-24 23:00:00,야간,202.8,3.94,2.49,47.6,63.59,없음,True
EV0004956,EQ0166,2026-08-06 13:00:00,주간,197.6,6.07,4.33,46.7,72.42,없음,True
EV0006958,EQ0232,2026-08-28 09:00:00,주간,168.0,4.75,3.7,36.7,80.61,없음,True
EV0003979,EQ0133,2026-08-19 19:00:00,야간,180.2,5.1,0.94,44.6,66.5,없음,True
EV0006050,EQ0202,2026-08-20 15:00:00,주간,193.6,5.83,3.06,48.9,94.27,없음,True
EV0002019,EQ0068,2026-08-09 23:00:00,주간,186.4,4.59,4.92,51.4,79.76,없음,True
EV0000743,EQ0025,2026-08-23 06:00:00,주간,174.6,4.62,3.3,48.4,61.34,없음,True
EV0006267,EQ0209,2026-08-27 15:00:00,주간,172.1,4.18,3.38,52.8,57.66,없음,True
EV0001587,EQ0053,2026-08-27 16:00:00,주간,177.3,5.72,3.11,55.6,58.11,없음,True
EV0006799,EQ0227,2026-08-19 07:00:00,주간,191.3,5.54,3.67,39.2,67.36,온도,True
EV0006637,EQ0222,2026-08-07 18:00:00,주간,189.1,6.08,4.45,50.7,49.49,없음,True
EV0006387,EQ0213,2026-08-27 08:00:00,야간,182.5,6.09,2.86,50.5,76.26,없음,True
EV0005177,EQ0173,2026-08-17 07:00:00,주간,185.4,4.15,3.7,55.9,82.68,없음,True
EV0006826,EQ0228,2026-08-16 15:00:00,야간,196.3,4.45,2.15,44.7,61.58,온도,True
EV0002313,EQ0078,2026-08-03 16:00:00,주간,174.5,5.59,3.4,31.7,92.53,없음,True
EV0006942,EQ0232,2026-08-12 11:00:00,주간,171.3,4.68,2.28,34.5,51.89,없음,True
EV0001079,EQ0036,2026-08-29 10:00:00,야간,180.9,4.72,2.75,52.4,95.33,없음,True
EV0003602,EQ0121,2026-08-02 19:00:00,야간,157.4,5.98,3.71,54.2,63.58,없음,True
EV0002806,EQ0094,2026-08-16 23:00:00,주간,182.6,5.65,3.09,38.5,66.51,없음,True
EV0002228,EQ0075,2026-08-08 21:00:00,야간,171.0,5.95,2.48,36.7,91.04,없음,True
EV0000320,EQ0011,2026-08-20 08:00:00,주간,182.1,5.24,1.83,41.7,63.3,압력,True
EV0004327,EQ0145,2026-08-07 01:00:00,야간,199.8,4.93,1.0,34.0,87.1,없음,True
EV0006131,EQ0205,2026-08-11 10:00:00,야간,180.9,5.27,2.46,35.7,79.74,없음,True
EV0006841,EQ0229,2026-08-01 16:00:00,야간,182.8,5.58,1.52,45.1,61.96,진동,True
EV0000062,EQ0003,2026-08-02 21:00:00,주간,205.8,5.17,2.46,40.3,67.6,없음,True
EV0000983,EQ0033,2026-08-23 04:00:00,주간,177.5,5.44,2.25,39.2,67.55,없음,True
EV0001919,EQ0064,2026-08-29 04:00:00,주간,155.0,6.01,3.39,48.9,58.35,없음,True
EV0005272,EQ0176,2026-08-22 04:00:00,주간,179.1,4.88,2.16,40.7,81.78,없음,True
EV0002883,EQ0097,2026-08-03 03:00:00,주간,173.6,4.21,1.45,43.5,68.66,없음,True
EV0004690,EQ0157,2026-08-10 00:00:00,주간,180.7,4.93,2.9,44.2,76.09,없음,True
EV0002472,EQ0083,2026-08-12 16:00:00,주간,176.2,5.44,1.8,29.0,82.64,없음,True
EV0002116,EQ0071,2026-08-16 07:00:00,야간,168.0,5.21,3.84,42.8,76.77,없음,True
EV0005915,EQ0198,2026-08-05 15:00:00,주간,183.2,4.7,2.93,35.6,66.78,없음,True
EV0000170,EQ0006,2026-08-20 15:00:00,주간,167.5,6.73,3.2,47.7,86.16,압력,True
EV0004734,EQ0158,2026-08-24 21:00:00,주간,186.2,5.23,3.25,50.0,66.98,없음,True
EV0003485,EQ0117,2026-08-05 13:00:00,야간,188.5,5.8,3.85,46.5,68.17,없음,True
EV0003974,EQ0133,2026-08-14 00:00:00,야간,179.7,4.71,2.3,31.7,80.49,없음,True
EV0003444,EQ0115,2026-08-24 13:00:00,주간,203.0,5.02,3.32,43.8,70.41,없음,True
EV0003687,EQ0123,2026-08-27 16:00:00,야간,183.8,5.58,1.67,31.3,40.65,없음,True
EV0006790,EQ0227,2026-08-10 03:00:00,주간,203.9,5.44,3.61,28.8,62.06,압력,True
EV0004608,EQ0154,2026-08-18 19:00:00,주간,172.0,4.97,3.04,45.0,101.4,없음,True
EV0005045,EQ0169,2026-08-05 07:00:00,주간,194.4,5.3,2.83,38.0,81.97,온도,True
EV0006686,EQ0223,2026-08-26 08:00:00,야간,155.3,5.67,3.76,35.1,62.35,없음,True
EV0000577,EQ0020,2026-08-07 20:00:00,야간,184.4,4.5,1.48,42.2,86.75,없음,True
EV0004181,EQ0140,2026-08-11 19:00:00,주간,185.8,5.32,2.99,54.5,83.99,없음,True
EV0001663,EQ0056,2026-08-13 14:00:00,야간,182.1,4.5,3.01,50.8,75.14,없음,True
EV0000504,EQ0017,2026-08-24 12:00:00,야간,179.3,5.95,2.99,42.2,84.84,없음,True
EV0003407,EQ0114,2026-08-17 16:00:00,야간,196.6,5.68,2.25,43.1,89.73,없음,True
EV0003911,EQ0131,2026-08-11 12:00:00,야간,179.5,5.3,2.97,41.9,76.1,없음,True
EV0004005,EQ0134,2026-08-15 22:00:00,야간,192.1,5.39,3.75,46.1,55.28,없음,True
EV0005908,EQ0197,2026-08-28 17:00:00,주간,171.2,5.89,3.61,42.1,71.06,없음,True
EV0000180,EQ0006,2026-08-30 12:00:00,주간,169.3,6.44,1.88,35.2,100.54,없음,True
EV0000744,EQ0025,2026-08-24 01:00:00,주간,166.5,5.01,3.61,34.4,70.84,없음,True
EV0004450,EQ0149,2026-08-10 16:00:00,야간,193.4,5.25,2.66,49.0,71.9,없음,True
EV0000713,EQ0024,2026-08-23 21:00:00,야간,166.5,5.29,3.35,45.9,58.37,없음,True
EV0001596,EQ0054,2026-08-06 19:00:00,주간,181.8,5.36,3.25,30.5,72.15,없음,True
EV0002904,EQ0097,2026-08-24 21:00:00,주간,172.8,4.28,4.17,35.6,49.96,없음,True
EV0007081,EQ0237,2026-08-01 20:00:00,야간,168.3,5.32,1.62,34.4,87.48,온도,False
EV0002716,EQ0091,2026-08-16 03:00:00,야간,194.0,5.49,2.09,34.2,36.58,없음,True
EV0006627,EQ0221,2026-08-27 16:00:00,주간,185.8,5.93,1.72,46.0,84.64,없음,True
EV0000032,EQ0002,2026-08-02 03:00:00,야간,195.1,5.29,3.0,55.6,79.47,없음,True
EV0003555,EQ0119,2026-08-15 19:00:00,주간,183.6,4.9,1.19,46.3,61.79,없음,True
EV0001098,EQ0037,2026-08-18 21:00:00,주간,171.4,5.7,2.92,35.2,57.65,없음,True
EV0001935,EQ0065,2026-08-15 13:00:00,야간,187.8,4.71,3.02,53.6,67.46,없음,True
EV0001452,EQ0049,2026-08-12 11:00:00,야간,195.1,5.17,2.38,42.7,70.92,없음,True
EV0006985,EQ0233,2026-08-25 10:00:00,주간,178.6,4.62,2.3,46.7,74.17,없음,True
EV0000169,EQ0006,2026-08-19 11:00:00,야간,176.9,7.09,1.89,49.3,45.8,없음,False
EV0005911,EQ0198,2026-08-01 23:00:00,주간,174.6,4.57,4.37,51.2,66.08,없음,True
EV0004557,EQ0152,2026-08-27 18:00:00,주간,182.6,5.32,3.1,41.0,80.73,없음,True
EV0004975,EQ0166,2026-08-25 09:00:00,야간,189.5,6.25,4.42,34.7,55.45,없음,True
EV0001373,EQ0046,2026-08-23 21:00:00,주간,154.4,5.56,1.7,45.9,83.91,압력,True
EV0003881,EQ0130,2026-08-11 05:00:00,야간,175.7,5.37,0.93,45.4,89.71,없음,True
EV0003683,EQ0123,2026-08-23 06:00:00,주간,176.5,6.24,1.74,50.3,71.84,없음,True
EV0005434,EQ0182,2026-08-04 10:00:00,야간,190.4,4.1,2.22,25.2,64.23,없음,True
EV0001499,EQ0050,2026-08-29 18:00:00,야간,167.7,5.39,2.21,45.3,75.88,없음,True
EV0000677,EQ0023,2026-08-17 22:00:00,주간,180.2,5.26,2.63,36.2,98.49,없음,True
EV0004395,EQ0147,2026-08-15 15:00:00,야간,180.0,4.5,4.83,31.5,57.68,없음,True
EV0001508,EQ0051,2026-08-08 19:00:00,야간,180.3,6.23,4.87,40.9,66.99,진동,True
EV0005242,EQ0175,2026-08-22 04:00:00,주간,177.5,6.6,2.21,41.9,73.55,없음,True
EV0001478,EQ0050,2026-08-08 03:00:00,야간,184.6,5.92,2.79,36.9,71.52,없음,True
EV0001967,EQ0066,2026-08-17 22:00:00,야간,194.8,5.07,2.79,31.9,74.86,압력,True
EV0004049,EQ0135,2026-08-29 05:00:00,야간,194.1,4.71,2.25,39.2,71.02,없음,True
EV0006852,EQ0229,2026-08-12 19:00:00,야간,174.5,4.84,3.16,29.4,86.55,없음,True
EV0004099,EQ0137,2026-08-19 16:00:00,주간,186.9,6.77,1.13,40.6,53.13,압력,True
EV0006964,EQ0233,2026-08-04 17:00:00,야간,164.9,5.53,3.53,41.4,73.84,없음,True
EV0003590,EQ0120,2026-08-20 03:00:00,주간,188.3,5.41,2.08,48.8,58.27,온도,True
EV0002408,EQ0081,2026-08-08 00:00:00,야간,207.8,4.32,2.73,50.6,82.72,없음,True
EV0001164,EQ0039,2026-08-24 16:00:00,주간,168.8,4.66,3.3,39.1,54.5,없음,True
EV0002923,EQ0098,2026-08-13 02:00:00,야간,204.3,5.37,3.98,41.5,62.66,없음,True
EV0005145,EQ0172,2026-08-15 09:00:00,야간,198.8,5.71,2.63,46.6,66.92,없음,True
EV0002064,EQ0069,2026-08-24 03:00:00,야간,191.5,6.07,3.4,42.6,61.4,없음,True
EV0000501,EQ0017,2026-08-21 00:00:00,야간,192.3,6.39,1.38,41.2,79.46,온도,True
EV0000438,EQ0015,2026-08-18 19:00:00,야간,183.0,4.8,3.59,34.0,82.44,없음,True
EV0005698,EQ0190,2026-08-28 16:00:00,야간,165.2,4.31,2.77,26.3,39.62,없음,True
EV0003828,EQ0128,2026-08-18 09:00:00,주간,178.4,5.77,2.66,33.4,78.35,진동,True
EV0002765,EQ0093,2026-08-05 09:00:00,주간,186.1,5.89,2.7,43.5,61.12,없음,True
EV0002663,EQ0089,2026-08-23 08:00:00,주간,183.0,5.34,3.32,39.0,72.64,압력,True
EV0000081,EQ0003,2026-08-21 23:00:00,주간,208.0,4.3,2.14,37.3,63.34,없음,True
EV0002723,EQ0091,2026-08-23 00:00:00,주간,192.9,4.7,1.48,36.5,71.95,없음,True
EV0006552,EQ0219,2026-08-12 12:00:00,주간,200.4,5.8,1.71,46.2,73.02,없음,True
EV0002707,EQ0091,2026-08-07 10:00:00,야간,194.0,4.97,2.59,52.2,62.67,없음,True
EV0006384,EQ0213,2026-08-24 17:00:00,주간,169.8,6.13,2.51,39.7,73.77,없음,True
EV0004779,EQ0160,2026-08-09 08:00:00,야간,170.5,4.8,4.39,42.5,48.32,없음,True
EV0006595,EQ0220,2026-08-25 00:00:00,야간,201.5,6.05,3.49,38.1,74.16,없음,True
EV0004193,EQ0140,2026-08-23 15:00:00,주간,204.5,4.72,4.07,29.6,78.64,없음,True
EV0002922,EQ0098,2026-08-12 15:00:00,주간,184.2,5.41,1.08,47.3,83.32,없음,True
EV0001502,EQ0051,2026-08-02 00:00:00,주간,186.9,5.79,2.62,53.6,68.8,없음,True
EV0005929,EQ0198,2026-08-19 10:00:00,주간,179.9,4.59,2.67,22.4,84.03,진동,True
EV0005927,EQ0198,2026-08-17 17:00:00,주간,191.5,4.84,1.46,38.6,81.27,없음,True
EV0001745,EQ0059,2026-08-05 11:00:00,야간,196.4,6.16,2.89,50.9,72.31,없음,True
EV0000535,EQ0018,2026-08-25 03:00:00,주간,193.4,5.57,1.98,36.5,75.39,압력,True
EV0006273,EQ0210,2026-08-03 00:00:00,야간,200.3,5.37,2.28,29.7,80.98,없음,True
EV0000933,EQ0032,2026-08-03 11:00:00,주간,200.9,4.95,3.42,51.4,71.8,없음,True
EV0002319,EQ0078,2026-08-09 21:00:00,야간,181.2,5.1,3.57,36.8,74.3,압력,True
EV0002317,EQ0078,2026-08-07 14:00:00,야간,189.1,5.38,미측정,50.2,58.03,없음,True
EV0003711,EQ0124,2026-08-21 18:00:00,주간,185.3,5.28,3.33,32.2,67.54,없음,True
EV0005041,EQ0169,2026-08-01 11:00:00,야간,202.5,5.47,2.6,49.3,70.3,없음,True
EV0001468,EQ0049,2026-08-28 02:00:00,주간,188.7,6.62,2.46,30.0,57.13,없음,True
EV0004941,EQ0165,2026-08-21 12:00:00,야간,199.4,5.46,3.6,40.4,61.51,진동,True
EV0002875,EQ0096,2026-08-25 16:00:00,주간,199.6,5.3,3.41,38.6,97.92,없음,True
EV0005995,EQ0200,2026-08-25 03:00:00,야간,188.4,5.56,3.29,51.9,81.74,온도,False
EV0004540,EQ0152,2026-08-10 10:00:00,야간,190.3,4.9,2.65,51.3,69.48,없음,True
EV0007028,EQ0235,2026-08-08 04:00:00,야간,186.8,5.45,2.63,39.7,63.89,없음,True
EV0006596,EQ0220,2026-08-26 06:00:00,야간,196.4,4.46,2.05,36.7,57.52,없음,True
EV0005684,EQ0190,2026-08-14 06:00:00,주간,169.4,4.33,3.41,45.0,41.84,없음,True
EV0002577,EQ0086,2026-08-27 13:00:00,주간,185.9,5.43,2.71,41.3,61.18,없음,True
EV0007019,EQ0234,2026-08-29 20:00:00,야간,176.4,4.45,1.07,47.7,84.77,없음,True
EV0002302,EQ0077,2026-08-22 07:00:00,야간,175.2,6.01,2.6,43.6,54.94,없음,True
EV0004280,EQ0143,2026-08-20 22:00:00,주간,190.5,5.18,2.18,29.7,53.58,없음,True
EV0001719,EQ0058,2026-08-09 15:00:00,야간,190.6,4.89,3.13,37.5,91.35,없음,True
EV0004774,EQ0160,2026-08-04 16:00:00,야간,170.4,4.28,1.74,45.6,85.74,없음,True
EV0004375,EQ0146,2026-08-25 03:00:00,주간,191.9,4.78,1.65,45.8,82.68,진동,True
EV0003409,EQ0114,2026-08-19 03:00:00,야간,194.1,5.19,0.05,42.4,62.4,없음,True
EV0006494,EQ0217,2026-08-14 01:00:00,주간,195.4,4.78,0.95,35.5,65.1,없음,True
EV0004604,EQ0154,2026-08-14 21:00:00,야간,187.8,4.13,2.05,48.2,86.46,압력,True
EV0000790,EQ0027,2026-08-10 16:00:00,주간,151.8,4.41,3.25,48.5,81.59,없음,True
EV0000158,EQ0006,2026-08-08 08:00:00,주간,160.6,6.46,2.62,47.3,91.64,압력,True
EV0001972,EQ0066,2026-08-22 19:00:00,주간,190.1,4.99,4.39,38.2,77.42,없음,True
EV0003721,EQ0125,2026-08-01 09:00:00,야간,165.8,4.42,3.01,41.8,57.39,없음,True
EV0006534,EQ0218,2026-08-24 03:00:00,야간,185.6,5.79,3.17,29.5,60.7,없음,True
EV0006061,EQ0203,2026-08-01 12:00:00,주간,177.1,5.2,3.31,47.5,74.09,없음,True
EV0002863,EQ0096,2026-08-13 04:00:00,야간,188.5,4.51,1.58,33.2,49.94,없음,True
EV0003784,EQ0127,2026-08-04 15:00:00,야간,197.0,6.31,3.41,35.5,74.17,없음,True
EV0001375,EQ0046,2026-08-25 21:00:00,야간,159.8,5.65,2.11,54.4,83.94,없음,True
EV0005211,EQ0174,2026-08-21 22:00:00,야간,185.0,4.9,4.4,47.8,73.63,없음,True
EV0002465,EQ0083,2026-08-05 10:00:00,야간,160.9,3.97,3.54,38.1,65.96,진동,True
EV0006416,EQ0214,2026-08-26 22:00:00,주간,201.3,6.14,1.85,39.5,82.76,없음,True
EV0003983,EQ0133,2026-08-23 13:00:00,주간,193.5,5.11,2.36,38.6,63.21,없음,True
EV0001783,EQ0060,2026-08-13 05:00:00,주간,201.7,5.84,3.2,42.8,72.39,온도,True
EV0001821,EQ0061,2026-08-21 16:00:00,주간,189.6,5.46,2.23,59.2,63.32,없음,True
EV0003173,EQ0106,2026-08-23 11:00:00,야간,194.4,5.25,3.29,48.5,74.0,없음,True
EV0000536,EQ0018,2026-08-26 21:00:00,주간,208.6,5.66,2.1,42.6,62.68,온도,True
EV0002800,EQ0094,2026-08-10 07:00:00,야간,193.3,5.32,2.43,43.0,81.6,없음,True
EV0001516,EQ0051,2026-08-16 07:00:00,야간,187.4,4.95,2.44,48.9,55.4,없음,True
EV0001062,EQ0036,2026-08-12 21:00:00,주간,175.5,5.93,2.13,47.3,82.43,온도,True
EV0002118,EQ0071,2026-08-18 05:00:00,주간,171.3,5.54,3.01,34.2,75.2,진동,True
EV0003871,EQ0130,2026-08-01 15:00:00,주간,173.9,4.37,2.41,43.7,69.81,없음,True
EV0001048,EQ0035,2026-08-28 19:00:00,야간,191.4,5.16,3.18,51.9,73.01,없음,True
EV0003519,EQ0118,2026-08-09 13:00:00,야간,179.9,6.57,1.93,45.1,63.83,압력,True
EV0006147,EQ0205,2026-08-27 22:00:00,야간,199.5,5.18,3.56,47.2,59.82,없음,True
