transaction_id,merchant_id,transaction_datetime,payment_channel,amount_krw,approved,refund_flag,processing_ms,country_code,risk_signal_count,source_system
TX0002973,MC0100,2026-08-03 18:55:00,정기결제,182293.0,True,False,485,US,1,gateway_a
TX0006227,MC0208,2026-08-17 22:19:00,정기결제,65963.0,True,False,386,KR,0,gateway_a
TX0001685,MC0057,2026-08-05 00:09:00,앱,222281.0,True,False,310,KR,0,gateway_a
TX0004681,MC0157,2026-08-01 01:31:00,웹,77375.0,True,False,601,SG,0,pos
TX0001339,MC0045,2026-08-19 09:58:00,오프라인,78262.0,True,False,377,KR,0,pos
TX0003103,MC0104,2026-08-13 22:51:00,앱,61622.0,True,False,271,KR,1,pos
TX0006679,MC0223,2026-08-19 01:11:00,오프라인,94867.0,True,False,519,KR,0,pos
TX0005224,MC0175,2026-08-04 10:36:00,앱,48756.0,True,False,367,JP,0,gateway_a
TX0003940,MC0132,2026-08-10 10:28:00,앱,88269.0,True,False,505,KR,0,gateway_b
TX0002259,MC0076,2026-08-09 16:23:00,웹,70651.0,True,False,355,KR,0,gateway_b
TX0004153,MC0139,2026-08-13 03:58:00,정기결제,80274.0,True,False,535,KR,0,gateway_a
TX0004353,MC0146,2026-08-03 09:09:00,정기결제,61580.0,True,False,361,KR,0,gateway_b
TX0003209,MC0107,2026-08-29 17:09:00,오프라인,64540.0,True,False,407,KR,0,gateway_b
TX0005818,MC0194,2026-08-28 18:29:00,정기결제,42916.0,True,False,486,KR,0,pos
TX0006247,MC0209,2026-08-07 17:51:00,웹,111388.0,True,False,211,KR,1,gateway_a
TX0001565,MC0053,2026-08-05 15:55:00,앱,20808.0,True,False,509,KR,0,pos
TX0005494,MC0184,2026-08-04 19:19:00,웹,41779.0,True,False,141,KR,0,gateway_b
TX0005502,MC0184,2026-08-12 18:10:00,정기결제,55419.0,True,False,379,KR,0,gateway_b
TX0002578,MC0086,2026-08-28 08:59:00,오프라인,133968.0,True,False,354,KR,0,gateway_a
TX0002186,MC0073,2026-08-26 16:01:00,앱,103068.0,True,False,487,KR,0,gateway_b
TX0007069,MC0236,2026-08-19 08:03:00,앱,61474.0,True,False,230,KR,0,pos
TX0001232,MC0042,2026-08-02 04:15:00,앱,64026.0,True,False,241,KR,0,gateway_a
TX0004519,MC0151,2026-08-19 23:12:00,웹,95270.0,True,False,226,KR,0,gateway_b
TX0001259,MC0042,2026-08-29 12:00:00,앱,2982.0,True,False,500,KR,2,pos
TX0002255,MC0076,2026-08-05 09:36:00,정기결제,120791.0,True,False,474,KR,0,pos
TX0001952,MC0066,2026-08-02 09:29:00,앱,60893.0,True,False,422,SG,2,gateway_b
TX0006690,MC0223,2026-08-30 19:15:00,웹,119459.0,True,False,313,KR,0,gateway_a
TX0000114,MC0004,2026-08-24 05:04:00,웹,86030.0,True,False,514,US,0,gateway_a
TX0006112,MC0204,2026-08-22 12:53:00,정기결제,134983.0,False,False,182,KR,0,gateway_a
TX0005264,MC0176,2026-08-14 23:34:00,오프라인,112672.0,True,False,406,KR,0,pos
TX0004830,MC0161,2026-08-30 02:26:00,웹,38708.0,True,False,434,KR,0,gateway_b
TX0000508,MC0017,2026-08-28 17:41:00,오프라인,54276.0,False,False,520,KR,1,gateway_a
TX0003729,MC0125,2026-08-09 06:36:00,정기결제,22840.0,True,True,392,KR,0,gateway_b
TX0003316,MC0111,2026-08-16 05:43:00,앱,13625.0,True,False,268,KR,0,gateway_b
TX0002869,MC0096,2026-08-19 12:21:00,정기결제,49072.0,True,False,375,KR,1,pos
TX0002649,MC0089,2026-08-09 12:41:00,웹,38178.0,True,False,354,KR,0,gateway_b
TX0003576,MC0120,2026-08-06 00:09:00,웹,103633.0,True,False,336,KR,0,pos
TX0004196,MC0140,2026-08-26 17:41:00,오프라인,18918.0,True,False,378,KR,0,pos
TX0006773,MC0226,2026-08-23 23:30:00,정기결제,92858.0,True,False,265,KR,0,gateway_b
TX0000351,MC0012,2026-08-21 09:59:00,앱,77265.0,False,False,450,KR,0,gateway_b
TX0006013,MC0201,2026-08-13 19:29:00,웹,45053.0,True,False,359,KR,0,gateway_b
TX0005005,MC0167,2026-08-25 23:04:00,오프라인,87151.0,True,False,602,KR,0,gateway_a
TX0003957,MC0132,2026-08-27 21:31:00,정기결제,78783.0,True,False,352,KR,0,gateway_b
TX0001115,MC0038,2026-08-05 23:04:00,정기결제,70097.0,True,False,467,KR,0,gateway_b
TX0005331,MC0178,2026-08-21 19:24:00,정기결제,151095.0,True,False,329,KR,1,gateway_a
TX0000299,MC0010,2026-08-29 15:14:00,정기결제,71354.0,True,False,263,KR,0,gateway_a
TX0004499,MC0150,2026-08-29 11:54:00,정기결제,79299.0,True,False,498,KR,1,gateway_a
TX0005715,MC0191,2026-08-15 08:43:00,앱,100028.0,True,False,372,KR,1,gateway_a
TX0002771,MC0093,2026-08-11 22:33:00,앱,53603.0,True,False,368,JP,0,gateway_a
TX0005484,MC0183,2026-08-24 21:30:00,정기결제,55723.0,False,False,181,KR,1,gateway_a
TX0005877,MC0196,2026-08-27 11:30:00,앱,53463.0,True,False,316,KR,0,gateway_b
TX0005201,MC0174,2026-08-11 13:08:00,앱,246897.0,True,False,255,KR,1,pos
TX0003046,MC0102,2026-08-16 12:38:00,정기결제,37322.0,True,False,295,KR,0,gateway_b
TX0000230,MC0008,2026-08-20 06:22:00,웹,78610.0,True,False,383,KR,0,gateway_b
TX0003856,MC0129,2026-08-16 09:07:00,앱,81082.0,True,False,미측정,KR,0,gateway_a
TX0003018,MC0101,2026-08-18 17:15:00,웹,104539.0,True,False,미측정,KR,1,pos
TX0004986,MC0167,2026-08-06 07:46:00,오프라인,102274.0,True,False,281,KR,1,pos
TX0004463,MC0149,2026-08-23 19:55:00,앱,50632.0,True,False,307,KR,0,gateway_b
TX0004621,MC0155,2026-08-01 22:16:00,웹,118553.0,True,True,487,KR,0,gateway_a
TX0002104,MC0071,2026-08-04 18:28:00,웹,32055.0,True,False,135,KR,1,gateway_b
TX0005664,MC0189,2026-08-24 15:15:00,정기결제,42548.0,True,False,433,JP,0,pos
TX0006613,MC0221,2026-08-13 19:59:00,웹,42837.0,True,False,309,KR,0,gateway_a
TX0007045,MC0235,2026-08-25 15:19:00,웹,81710.0,True,False,395,US,0,gateway_b
TX0007113,MC0238,2026-08-03 02:18:00,앱,147362.0,True,False,360,US,0,gateway_a
TX0001615,MC0054,2026-08-25 04:45:00,웹,94385.0,True,False,461,KR,0,pos
TX0000608,MC0021,2026-08-08 20:52:00,앱,69810.0,True,False,364,KR,0,pos
TX0003164,MC0106,2026-08-14 18:25:00,오프라인,83159.0,True,False,466,KR,0,gateway_b
TX0001094,MC0037,2026-08-14 12:10:00,앱,79379.0,True,False,305,KR,0,gateway_b
TX0005831,MC0195,2026-08-11 15:39:00,오프라인,91128.0,True,False,477,KR,0,pos
TX0007073,MC0236,2026-08-23 02:16:00,정기결제,72750.0,True,False,327,KR,0,gateway_a
TX0006835,MC0228,2026-08-25 21:11:00,앱,112896.0,True,False,497,KR,0,pos
TX0000204,MC0007,2026-08-24 23:16:00,웹,85734.0,True,False,512,KR,0,gateway_b
TX0002388,MC0080,2026-08-18 22:31:00,정기결제,56846.0,True,False,368,KR,0,pos
TX0003002,MC0101,2026-08-02 05:40:00,앱,147407.0,True,False,502,KR,0,gateway_b
TX0004126,MC0138,2026-08-16 20:52:00,웹,160101.0,True,False,339,KR,0,gateway_b
TX0000838,MC0028,2026-08-28 09:23:00,웹,49746.0,True,False,489,KR,0,gateway_a
TX0006008,MC0201,2026-08-08 12:47:00,정기결제,12746.0,True,False,178,KR,0,pos
TX0007143,MC0239,2026-08-03 16:57:00,정기결제,122230.0,True,False,425,KR,0,gateway_a
TX0001231,MC0042,2026-08-01 07:09:00,정기결제,132986.0,True,False,455,KR,0,gateway_a
TX0005461,MC0183,2026-08-01 02:09:00,정기결제,136432.0,True,False,256,KR,0,pos
TX0001610,MC0054,2026-08-20 13:23:00,정기결제,94013.0,False,False,448,KR,0,pos
TX0004511,MC0151,2026-08-11 05:28:00,웹,102610.0,True,False,216,KR,0,pos
TX0004229,MC0141,2026-08-29 13:07:00,웹,68592.0,False,False,280,US,0,gateway_b
TX0003640,MC0122,2026-08-10 20:24:00,웹,60113.0,True,False,451,KR,1,pos
TX0002822,MC0095,2026-08-02 00:19:00,앱,58092.0,True,False,192,KR,0,gateway_b
TX0006220,MC0208,2026-08-10 23:56:00,정기결제,102897.0,True,False,507,KR,0,pos
TX0006808,MC0227,2026-08-28 11:58:00,앱,90582.0,True,False,263,KR,0,pos
TX0002618,MC0088,2026-08-08 06:12:00,정기결제,159492.0,True,False,257,KR,0,gateway_a
TX0005489,MC0183,2026-08-29 07:20:00,웹,130312.0,True,False,299,KR,0,gateway_b
TX0003275,MC0110,2026-08-05 01:59:00,정기결제,49880.0,True,False,345,KR,1,pos
TX0005657,MC0189,2026-08-17 18:42:00,웹,74889.0,True,False,413,KR,0,gateway_b
TX0000658,MC0022,2026-08-28 01:21:00,오프라인,75109.0,True,False,410,SG,0,pos
TX0000791,MC0027,2026-08-11 03:46:00,앱,68952.0,True,False,481,KR,0,gateway_a
TX0002514,MC0084,2026-08-24 01:38:00,오프라인,61439.0,True,False,271,KR,0,pos
TX0006519,MC0218,2026-08-09 22:06:00,오프라인,81769.0,True,False,407,KR,1,gateway_a
TX0005938,MC0198,2026-08-28 22:22:00,오프라인,118325.0,False,False,329,KR,0,pos
TX0001360,MC0046,2026-08-10 12:42:00,앱,89505.0,False,False,531,KR,0,pos
TX0005276,MC0176,2026-08-26 13:19:00,오프라인,66042.0,True,False,454,KR,0,gateway_b
TX0002348,MC0079,2026-08-08 23:07:00,오프라인,83704.0,True,False,368,KR,0,gateway_b
TX0004872,MC0163,2026-08-12 05:47:00,웹,46424.0,True,False,398,KR,0,gateway_b
TX0002657,MC0089,2026-08-17 22:02:00,정기결제,84048.0,True,False,399,KR,0,gateway_a
TX0005278,MC0176,2026-08-28 15:10:00,웹,54940.0,True,False,509,KR,0,gateway_b
TX0005463,MC0183,2026-08-03 11:14:00,웹,92255.0,True,False,386,KR,1,pos
TX0006290,MC0210,2026-08-20 21:06:00,앱,167145.0,True,False,445,KR,0,gateway_b
TX0007060,MC0236,2026-08-10 05:13:00,정기결제,100493.0,True,False,241,KR,0,pos
TX0003356,MC0112,2026-08-26 08:16:00,웹,34047.0,True,False,492,KR,0,pos
TX0005500,MC0184,2026-08-10 08:43:00,웹,63278.0,True,False,317,KR,0,pos
TX0006890,MC0230,2026-08-20 19:58:00,오프라인,63228.0,True,False,498,KR,0,gateway_b
TX0006036,MC0202,2026-08-06 22:53:00,오프라인,83725.0,True,False,282,KR,0,pos
TX0006149,MC0205,2026-08-29 08:51:00,웹,85966.0,True,False,506,KR,0,gateway_b
TX0001781,MC0060,2026-08-11 23:10:00,정기결제,18178.0,True,False,381,KR,1,gateway_a
TX0003108,MC0104,2026-08-18 19:55:00,오프라인,68861.0,True,False,405,KR,1,pos
TX0000804,MC0027,2026-08-24 15:17:00,오프라인,77628.0,True,False,324,KR,0,gateway_a
TX0000858,MC0029,2026-08-18 12:26:00,앱,63235.0,True,False,577,KR,1,gateway_a
TX0004097,MC0137,2026-08-17 02:12:00,정기결제,62884.0,True,False,498,JP,0,pos
TX0006657,MC0222,2026-08-27 02:22:00,오프라인,68501.0,True,False,312,KR,0,pos
TX0003514,MC0118,2026-08-04 19:09:00,웹,109223.0,True,False,361,KR,0,gateway_a
TX0005073,MC0170,2026-08-03 16:09:00,앱,57559.0,True,False,380,KR,0,pos
TX0000220,MC0008,2026-08-10 13:10:00,정기결제,143113.0,True,False,359,KR,0,gateway_b
TX0001289,MC0043,2026-08-29 09:05:00,웹,83906.0,True,False,296,KR,0,gateway_b
TX0000583,MC0020,2026-08-13 12:23:00,정기결제,98142.0,True,False,448,KR,0,pos
TX0000044,MC0002,2026-08-14 17:49:00,앱,61014.0,True,False,386,KR,0,gateway_a
TX0001235,MC0042,2026-08-05 11:46:00,정기결제,81938.0,True,False,379,KR,0,pos
TX0002797,MC0094,2026-08-07 17:24:00,정기결제,45797.0,True,True,364,KR,0,gateway_b
TX0006967,MC0233,2026-08-07 04:41:00,오프라인,68165.0,True,False,498,JP,0,gateway_b
TX0001893,MC0064,2026-08-03 20:16:00,정기결제,133691.0,True,False,502,KR,0,pos
TX0004367,MC0146,2026-08-17 04:32:00,오프라인,111826.0,True,False,322,KR,0,gateway_a
TX0006303,MC0211,2026-08-03 11:22:00,앱,273144.0,True,False,354,KR,1,gateway_b
TX0004105,MC0137,2026-08-25 13:54:00,앱,63124.0,True,False,685,JP,0,gateway_a
TX0005953,MC0199,2026-08-13 19:39:00,오프라인,37657.0,True,False,458,KR,2,gateway_b
TX0001072,MC0036,2026-08-22 02:03:00,오프라인,90860.0,True,False,395,JP,0,pos
TX0000719,MC0024,2026-08-29 15:27:00,정기결제,23478.0,True,False,408,KR,0,gateway_a
TX0002365,MC0079,2026-08-25 17:20:00,웹,93577.0,True,False,389,KR,0,gateway_b
TX0001506,MC0051,2026-08-06 20:20:00,정기결제,75468.0,True,False,385,KR,0,pos
TX0000671,MC0023,2026-08-11 13:22:00,정기결제,69292.0,True,False,354,KR,0,gateway_a
TX0005171,MC0173,2026-08-11 21:12:00,정기결제,41185.0,True,False,428,KR,0,gateway_b
TX0005761,MC0193,2026-08-01 19:27:00,웹,54839.0,True,True,400,KR,0,gateway_a
TX0004162,MC0139,2026-08-22 23:12:00,정기결제,39080.0,False,False,298,KR,0,gateway_b
TX0000898,MC0030,2026-08-28 22:01:00,오프라인,36815.0,True,False,446,KR,1,gateway_b
TX0005797,MC0194,2026-08-07 14:06:00,오프라인,34505.0,True,False,408,KR,1,gateway_a
TX0002982,MC0100,2026-08-12 09:24:00,정기결제,196624.0,True,False,336,US,0,pos
TX0001531,MC0052,2026-08-01 11:53:00,오프라인,64073.0,True,False,171,KR,0,pos
TX0006412,MC0214,2026-08-22 17:28:00,웹,107942.0,True,False,467,KR,0,gateway_b
TX0005750,MC0192,2026-08-20 15:28:00,웹,61411.0,True,False,394,KR,0,gateway_a
TX0003106,MC0104,2026-08-16 02:38:00,정기결제,101385.0,False,False,395,SG,0,gateway_a
TX0004809,MC0161,2026-08-09 09:15:00,웹,27733.0,True,False,566,KR,0,gateway_a
TX0005829,MC0195,2026-08-09 17:50:00,정기결제,79636.0,True,False,400,KR,1,pos
TX0004356,MC0146,2026-08-06 03:29:00,앱,54633.0,True,False,464,KR,0,gateway_a
TX0005488,MC0183,2026-08-28 22:55:00,앱,86042.0,True,False,102,KR,0,pos
TX0001875,MC0063,2026-08-15 12:00:00,정기결제,113519.0,True,True,354,KR,1,pos
TX0002371,MC0080,2026-08-01 19:25:00,정기결제,61539.0,True,False,460,JP,0,pos
TX0001770,MC0059,2026-08-30 22:59:00,웹,60340.0,True,False,343,KR,0,pos
TX0007198,MC0240,2026-08-28 20:12:00,앱,46562.0,False,False,361,US,1,gateway_b
TX0005862,MC0196,2026-08-12 11:55:00,정기결제,11345.0,True,False,404,KR,0,pos
TX0001984,MC0067,2026-08-04 01:29:00,정기결제,82012.0,True,False,435,KR,0,pos
TX0000532,MC0018,2026-08-22 11:57:00,오프라인,31945.0,True,False,309,SG,0,pos
TX0005688,MC0190,2026-08-18 04:45:00,오프라인,62212.0,True,False,383,KR,0,gateway_a
TX0003270,MC0109,2026-08-30 22:12:00,웹,83438.0,True,False,383,KR,0,gateway_a
TX0003774,MC0126,2026-08-24 22:53:00,웹,81127.0,True,False,313,KR,0,gateway_a
TX0005239,MC0175,2026-08-19 12:07:00,앱,48683.0,False,False,327,KR,0,gateway_b
TX0002164,MC0073,2026-08-04 08:54:00,웹,108289.0,True,False,414,KR,0,gateway_a
TX0000732,MC0025,2026-08-12 10:24:00,앱,78576.0,True,False,319,KR,0,pos
TX0002340,MC0078,2026-08-30 11:17:00,오프라인,87747.0,False,False,370,KR,0,gateway_b
TX0005229,MC0175,2026-08-09 01:30:00,웹,105601.0,True,False,567,KR,1,gateway_a
TX0002233,MC0075,2026-08-13 14:05:00,앱,104986.0,True,False,377,KR,0,pos
TX0006788,MC0227,2026-08-08 21:58:00,앱,93525.0,True,False,327,KR,0,gateway_a
TX0004127,MC0138,2026-08-17 21:13:00,웹,116723.0,True,False,460,KR,0,gateway_b
TX0007064,MC0236,2026-08-14 01:47:00,정기결제,81619.0,True,False,230,KR,0,gateway_a
TX0005900,MC0197,2026-08-20 17:13:00,웹,168856.0,True,False,367,KR,0,gateway_a
TX0001256,MC0042,2026-08-26 20:15:00,웹,106437.0,True,False,624,KR,1,gateway_a
TX0002105,MC0071,2026-08-05 07:28:00,오프라인,19516.0,True,False,343,KR,0,gateway_b
TX0004205,MC0141,2026-08-05 08:21:00,웹,43269.0,True,False,448,KR,0,pos
TX0003820,MC0128,2026-08-10 20:39:00,앱,106971.0,True,False,524,KR,0,pos
TX0000899,MC0030,2026-08-29 00:01:00,정기결제,55412.0,True,False,362,KR,0,gateway_a
TX0000429,MC0015,2026-08-09 08:56:00,앱,130082.0,True,False,439,KR,0,gateway_a
TX0004968,MC0166,2026-08-18 11:39:00,웹,71240.0,True,False,417,KR,0,pos
TX0002958,MC0099,2026-08-18 06:29:00,앱,84203.0,True,False,418,KR,1,pos
TX0005636,MC0188,2026-08-26 20:19:00,웹,49377.0,True,False,305,KR,0,gateway_a
TX0006516,MC0218,2026-08-06 03:27:00,앱,148687.0,True,False,402,KR,0,gateway_b
TX0001223,MC0041,2026-08-23 19:26:00,오프라인,45127.0,True,False,362,KR,1,pos
TX0005659,MC0189,2026-08-19 03:57:00,웹,80215.0,True,False,544,KR,0,gateway_b
TX0003886,MC0130,2026-08-16 13:46:00,앱,34297.0,True,False,394,KR,0,pos
TX0003096,MC0104,2026-08-06 06:59:00,정기결제,56942.0,True,False,275,KR,0,pos
TX0006181,MC0207,2026-08-01 15:35:00,오프라인,16740.0,True,False,341,KR,0,gateway_b
TX0001622,MC0055,2026-08-02 20:46:00,정기결제,72833.0,True,False,192,KR,0,gateway_b
TX0006432,MC0215,2026-08-12 01:06:00,웹,116944.0,True,False,349,KR,1,pos
TX0004971,MC0166,2026-08-21 06:19:00,오프라인,94200.0,True,False,458,JP,0,pos
TX0001097,MC0037,2026-08-17 07:01:00,정기결제,65293.0,True,False,377,KR,0,pos
TX0002073,MC0070,2026-08-03 14:34:00,정기결제,35256.0,True,True,325,KR,0,gateway_a
TX0006503,MC0217,2026-08-23 00:52:00,오프라인,110680.0,True,False,363,KR,0,pos
TX0004152,MC0139,2026-08-12 10:46:00,정기결제,21303.0,True,False,301,US,1,gateway_a
TX0005813,MC0194,2026-08-23 06:00:00,웹,51104.0,True,False,367,KR,0,gateway_b
TX0006076,MC0203,2026-08-16 07:07:00,정기결제,25673.0,True,False,349,KR,1,gateway_a
TX0002589,MC0087,2026-08-09 06:23:00,정기결제,75789.0,True,False,378,KR,0,gateway_a
TX0001789,MC0060,2026-08-19 07:36:00,오프라인,26397.0,True,False,436,KR,1,gateway_a
TX0005214,MC0174,2026-08-24 19:32:00,오프라인,247298.0,True,False,367,KR,0,pos
TX0003207,MC0107,2026-08-27 15:08:00,정기결제,50218.0,True,False,미측정,SG,2,gateway_a
TX0000529,MC0018,2026-08-19 03:12:00,정기결제,71515.0,True,True,326,KR,0,pos
TX0004366,MC0146,2026-08-16 08:56:00,웹,61105.0,True,False,323,SG,0,pos
TX0000193,MC0007,2026-08-13 05:12:00,웹,55083.0,True,False,465,KR,0,gateway_a
TX0002844,MC0095,2026-08-24 02:39:00,정기결제,40727.0,True,False,234,KR,1,gateway_a
TX0001127,MC0038,2026-08-17 10:23:00,오프라인,84307.0,False,False,135,KR,1,gateway_a
TX0002830,MC0095,2026-08-10 09:21:00,오프라인,58927.0,True,False,311,KR,0,pos
TX0004982,MC0167,2026-08-02 21:41:00,앱,92649.0,True,False,306,KR,0,gateway_a
TX0004953,MC0166,2026-08-03 19:09:00,정기결제,131492.0,True,False,287,JP,0,gateway_b
TX0000305,MC0011,2026-08-05 05:39:00,정기결제,55147.0,True,False,393,KR,0,gateway_b
TX0003232,MC0108,2026-08-22 05:51:00,오프라인,56978.0,True,False,314,KR,0,pos
TX0001293,MC0044,2026-08-03 06:40:00,오프라인,98008.0,True,False,255,KR,0,gateway_b
TX0000071,MC0003,2026-08-11 08:11:00,웹,75029.0,True,False,398,KR,0,gateway_a
TX0006025,MC0201,2026-08-25 08:35:00,오프라인,21590.0,True,False,450,KR,0,gateway_a
TX0004924,MC0165,2026-08-04 21:44:00,오프라인,114234.0,True,False,348,KR,0,pos
TX0002752,MC0092,2026-08-22 01:42:00,앱,132488.0,True,False,253,KR,1,gateway_a
TX0000832,MC0028,2026-08-22 03:28:00,앱,39893.0,True,False,428,US,0,gateway_a
TX0004634,MC0155,2026-08-14 19:00:00,웹,70441.0,True,False,434,KR,0,gateway_a
TX0001457,MC0049,2026-08-17 03:29:00,앱,109739.0,True,False,379,KR,0,pos
TX0005509,MC0184,2026-08-19 19:33:00,오프라인,82876.0,True,False,370,KR,0,gateway_a
TX0004387,MC0147,2026-08-07 16:39:00,웹,86643.0,True,False,411,KR,1,pos
TX0000239,MC0008,2026-08-29 12:15:00,오프라인,142910.0,True,False,466,KR,1,pos
TX0000093,MC0004,2026-08-03 12:34:00,앱,34381.0,True,False,374,JP,1,gateway_a
TX0002828,MC0095,2026-08-08 22:43:00,정기결제,59161.0,True,False,418,KR,0,pos
TX0003665,MC0123,2026-08-05 22:04:00,웹,216348.0,True,False,473,KR,1,gateway_a
TX0005745,MC0192,2026-08-15 16:17:00,웹,60127.0,True,False,562,KR,0,gateway_b
TX0004249,MC0142,2026-08-19 18:49:00,앱,105240.0,True,False,398,KR,0,gateway_a
TX0002782,MC0093,2026-08-22 00:14:00,오프라인,68628.0,True,False,172,KR,1,pos
TX0006936,MC0232,2026-08-06 03:52:00,정기결제,139446.0,True,False,511,KR,0,gateway_a
TX0004696,MC0157,2026-08-16 23:25:00,앱,115573.0,True,False,345,KR,0,gateway_b
TX0001002,MC0034,2026-08-12 18:32:00,오프라인,116550.0,True,False,355,KR,0,gateway_a
TX0005217,MC0174,2026-08-27 18:31:00,정기결제,128129.0,True,True,427,KR,0,gateway_b
TX0006901,MC0231,2026-08-01 14:49:00,오프라인,193607.0,True,False,464,KR,2,pos
TX0002378,MC0080,2026-08-08 00:12:00,웹,77198.0,True,True,426,KR,0,gateway_b
TX0003956,MC0132,2026-08-26 13:07:00,웹,21560.0,True,False,256,KR,0,gateway_a
TX0002927,MC0098,2026-08-17 19:31:00,앱,23629.0,True,True,413,KR,1,gateway_a
TX0002681,MC0090,2026-08-11 09:26:00,오프라인,83918.0,True,False,348,US,0,pos
TX0001533,MC0052,2026-08-03 20:58:00,정기결제,86299.0,True,False,482,US,0,gateway_b
TX0002411,MC0081,2026-08-11 22:15:00,오프라인,116419.0,True,True,311,KR,0,gateway_b
TX0004354,MC0146,2026-08-04 20:20:00,정기결제,33622.0,True,False,367,KR,0,gateway_b
TX0000412,MC0014,2026-08-22 04:08:00,앱,61060.0,True,False,322,KR,1,gateway_b
TX0005607,MC0187,2026-08-27 09:40:00,정기결제,63523.0,True,False,462,KR,0,gateway_b
TX0006908,MC0231,2026-08-08 15:41:00,정기결제,89216.0,True,False,337,KR,1,gateway_a
TX0006650,MC0222,2026-08-20 01:50:00,오프라인,31027.0,True,False,529,US,1,gateway_b
TX0005287,MC0177,2026-08-07 05:48:00,정기결제,203042.0,True,False,409,KR,1,gateway_a
TX0003880,MC0130,2026-08-10 02:54:00,오프라인,17981.0,True,False,288,KR,1,pos
TX0004661,MC0156,2026-08-11 20:29:00,앱,187005.0,True,False,473,KR,0,gateway_a
TX0006771,MC0226,2026-08-21 01:55:00,오프라인,157185.0,True,False,532,KR,0,pos
TX0006568,MC0219,2026-08-28 13:14:00,오프라인,104143.0,True,False,510,KR,0,gateway_a
TX0005483,MC0183,2026-08-23 21:36:00,오프라인,93070.0,True,False,187,KR,0,pos
TX0004839,MC0162,2026-08-09 22:23:00,오프라인,39106.0,True,False,348,KR,0,gateway_a
TX0000634,MC0022,2026-08-04 14:12:00,웹,60771.0,True,False,348,KR,0,gateway_a
TX0000499,MC0017,2026-08-19 08:23:00,정기결제,49476.0,True,False,383,KR,1,gateway_a
TX0002464,MC0083,2026-08-04 22:40:00,웹,29600.0,True,False,538,KR,0,gateway_b
TX0005615,MC0188,2026-08-05 16:05:00,오프라인,33265.0,True,False,456,KR,1,gateway_a
TX0000638,MC0022,2026-08-08 10:15:00,정기결제,65882.0,True,False,324,KR,1,pos
TX0000721,MC0025,2026-08-01 19:48:00,웹,144560.0,True,False,504,KR,0,gateway_a
TX0000289,MC0010,2026-08-19 09:30:00,정기결제,73831.0,True,False,462,KR,0,gateway_a
TX0000758,MC0026,2026-08-08 18:03:00,앱,48023.0,True,False,340,KR,0,pos
TX0002677,MC0090,2026-08-07 07:57:00,웹,72441.0,True,False,238,JP,0,gateway_b
TX0003115,MC0104,2026-08-25 04:49:00,정기결제,81043.0,True,False,418,KR,0,pos
TX0004747,MC0159,2026-08-07 18:15:00,앱,74328.0,True,False,263,KR,0,gateway_a
TX0004305,MC0144,2026-08-15 22:44:00,웹,134348.0,True,False,326,KR,0,gateway_b
TX0005138,MC0172,2026-08-08 03:32:00,앱,16961.0,True,False,367,KR,1,pos
TX0000597,MC0020,2026-08-27 00:08:00,앱,111322.0,True,False,329,KR,0,gateway_a
TX0005926,MC0198,2026-08-16 21:34:00,오프라인,106633.0,False,False,331,SG,1,gateway_a
TX0001069,MC0036,2026-08-19 03:49:00,정기결제,113899.0,True,False,277,KR,1,pos
TX0001943,MC0065,2026-08-23 18:37:00,앱,77916.0,True,False,441,KR,0,gateway_b
TX0001648,MC0055,2026-08-28 06:08:00,정기결제,49424.0,True,False,194,KR,0,gateway_a
TX0003222,MC0108,2026-08-12 05:06:00,웹,44729.0,True,False,153,KR,0,gateway_a
TX0001701,MC0057,2026-08-21 18:25:00,오프라인,91417.0,True,False,372,KR,0,gateway_b
TX0005775,MC0193,2026-08-15 16:52:00,앱,54175.0,True,False,445,KR,0,gateway_a
TX0004442,MC0149,2026-08-02 01:18:00,앱,31014.0,True,False,197,KR,0,gateway_a
TX0003198,MC0107,2026-08-18 17:59:00,앱,72158.0,True,False,447,KR,1,gateway_a
TX0006363,MC0213,2026-08-03 20:02:00,웹,85587.0,True,False,315,KR,1,gateway_b
TX0002124,MC0071,2026-08-24 11:59:00,앱,32372.0,True,False,340,KR,0,gateway_a
TX0003396,MC0114,2026-08-06 15:27:00,정기결제,127787.0,True,False,568,KR,0,gateway_a
TX0000087,MC0003,2026-08-27 11:19:00,웹,48844.0,True,False,395,KR,0,gateway_a
TX0002309,MC0077,2026-08-29 03:13:00,웹,38399.0,True,False,311,KR,1,gateway_b
TX0006884,MC0230,2026-08-14 01:52:00,앱,99018.0,True,False,159,KR,0,gateway_a
TX0002843,MC0095,2026-08-23 05:27:00,앱,43764.0,True,False,319,KR,0,gateway_b
TX0002595,MC0087,2026-08-15 05:15:00,정기결제,50738.0,True,False,453,KR,0,gateway_a
TX0005602,MC0187,2026-08-22 13:04:00,앱,92755.0,True,False,440,KR,0,gateway_a
TX0001030,MC0035,2026-08-10 02:39:00,앱,114564.0,True,False,295,KR,0,gateway_a
TX0003211,MC0108,2026-08-01 12:58:00,정기결제,25815.0,True,True,441,KR,1,pos
TX0006824,MC0228,2026-08-14 07:41:00,앱,86901.0,True,False,367,KR,0,gateway_a
TX0002145,MC0072,2026-08-15 18:49:00,웹,31960.0,True,False,266,KR,0,gateway_a
TX0004504,MC0151,2026-08-04 01:30:00,정기결제,51265.0,True,False,387,KR,1,pos
TX0001201,MC0041,2026-08-01 09:37:00,정기결제,40344.0,True,True,351,KR,1,gateway_a
TX0002026,MC0068,2026-08-16 05:17:00,앱,35466.0,False,False,272,KR,0,gateway_b
TX0000622,MC0021,2026-08-22 04:55:00,정기결제,32893.0,True,False,547,KR,0,gateway_a
TX0006912,MC0231,2026-08-12 21:20:00,정기결제,80174.0,True,False,226,KR,0,gateway_b
TX0000567,MC0019,2026-08-27 19:50:00,정기결제,75357.0,True,False,473,KR,0,gateway_a
TX0006713,MC0224,2026-08-23 12:39:00,오프라인,102024.0,True,False,326,KR,0,gateway_b
TX0001838,MC0062,2026-08-08 04:35:00,웹,64023.0,True,True,426,KR,0,pos
TX0001335,MC0045,2026-08-15 11:31:00,오프라인,179226.0,True,False,356,KR,1,pos
TX0003150,MC0105,2026-08-30 15:16:00,정기결제,35753.0,True,False,454,KR,1,gateway_b
TX0006848,MC0229,2026-08-08 23:17:00,앱,168366.0,True,False,-23,KR,1,pos
TX0002100,MC0070,2026-08-30 10:03:00,오프라인,53148.0,True,False,157,KR,0,gateway_a
TX0005438,MC0182,2026-08-08 07:32:00,오프라인,118692.0,True,False,378,KR,1,gateway_a
TX0006515,MC0218,2026-08-05 06:02:00,웹,154675.0,True,False,441,JP,2,pos
TX0004078,MC0136,2026-08-28 10:11:00,앱,113751.0,True,False,450,KR,1,gateway_a
TX0001689,MC0057,2026-08-09 01:24:00,오프라인,72191.0,True,False,409,KR,0,pos
TX0000746,MC0025,2026-08-26 04:26:00,정기결제,95031.0,True,False,406,KR,0,pos
TX0004914,MC0164,2026-08-24 01:45:00,정기결제,127721.0,True,False,401,KR,0,gateway_a
TX0002964,MC0099,2026-08-24 20:30:00,웹,126125.0,True,False,462,KR,0,pos
TX0002188,MC0073,2026-08-28 09:04:00,오프라인,62994.0,True,False,140,KR,1,pos
TX0000196,MC0007,2026-08-16 08:11:00,오프라인,76642.0,True,False,445,KR,0,pos
TX0001153,MC0039,2026-08-13 18:36:00,웹,43235.0,True,False,456,KR,1,pos
TX0005098,MC0170,2026-08-28 22:32:00,정기결제,93356.0,True,False,362,KR,0,gateway_a
TX0006924,MC0231,2026-08-24 08:02:00,웹,174311.0,True,False,426,KR,0,gateway_a
TX0000803,MC0027,2026-08-23 05:33:00,정기결제,51445.0,False,False,425,KR,0,gateway_a
TX0004403,MC0147,2026-08-23 05:36:00,웹,137593.0,True,False,237,KR,0,gateway_b
TX0002351,MC0079,2026-08-11 02:08:00,웹,67322.0,True,False,444,JP,0,pos
TX0005158,MC0172,2026-08-28 07:01:00,오프라인,96284.0,True,False,359,KR,0,gateway_a
TX0006518,MC0218,2026-08-08 19:17:00,오프라인,162662.0,True,False,375,KR,0,gateway_b
TX0006178,MC0206,2026-08-28 08:18:00,앱,97169.0,True,False,394,SG,0,gateway_b
TX0002069,MC0069,2026-08-29 14:00:00,웹,55470.0,True,False,498,KR,0,pos
TX0005558,MC0186,2026-08-08 17:24:00,오프라인,14581.0,True,False,419,KR,0,pos
TX0000645,MC0022,2026-08-15 05:02:00,정기결제,17419.0,True,False,408,KR,0,gateway_b
TX0006366,MC0213,2026-08-06 18:03:00,오프라인,75096.0,True,False,340,KR,0,gateway_a
TX0007199,MC0240,2026-08-29 04:43:00,오프라인,46533.0,True,False,481,KR,0,gateway_b
TX0005826,MC0195,2026-08-06 18:15:00,오프라인,115990.0,True,False,450,KR,0,pos
TX0004995,MC0167,2026-08-15 14:36:00,웹,116245.0,True,False,308,KR,0,gateway_b
TX0000121,MC0005,2026-08-01 19:50:00,웹,56520.0,True,True,405,KR,1,gateway_a
TX0001778,MC0060,2026-08-08 21:54:00,앱,55954.0,True,False,310,KR,0,gateway_a
TX0003612,MC0121,2026-08-12 02:15:00,앱,92201.0,True,False,402,KR,0,gateway_a
TX0005786,MC0193,2026-08-26 09:06:00,웹,55384.0,True,False,367,KR,0,gateway_a
TX0002136,MC0072,2026-08-06 17:09:00,앱,44653.0,True,False,528,KR,1,gateway_a
TX0006812,MC0228,2026-08-02 22:58:00,정기결제,93734.0,True,False,359,KR,1,gateway_a
TX0007027,MC0235,2026-08-07 23:26:00,웹,74733.0,True,False,335,KR,1,gateway_a
TX0000135,MC0005,2026-08-15 20:18:00,웹,45353.0,True,False,455,KR,0,gateway_b
TX0006360,MC0212,2026-08-30 07:02:00,웹,35635.0,True,False,340,KR,0,pos
TX0003568,MC0119,2026-08-28 01:24:00,오프라인,204655.0,False,False,238,KR,0,gateway_a
TX0003253,MC0109,2026-08-13 19:32:00,오프라인,40555.0,True,False,514,KR,0,gateway_a
TX0002560,MC0086,2026-08-10 11:39:00,앱,179221.0,True,False,395,KR,0,gateway_b
TX0000063,MC0003,2026-08-03 10:09:00,웹,53794.0,True,False,377,KR,0,pos
TX0004691,MC0157,2026-08-11 16:59:00,웹,88757.0,True,True,332,KR,0,pos
TX0006269,MC0209,2026-08-29 16:31:00,웹,70284.0,True,False,326,KR,0,gateway_a
TX0005303,MC0177,2026-08-23 19:34:00,앱,203524.0,True,False,213,KR,0,pos
TX0004918,MC0164,2026-08-28 19:18:00,웹,119662.0,True,False,392,KR,0,gateway_a
TX0003969,MC0133,2026-08-09 03:16:00,앱,26710.0,True,False,308,KR,0,pos
TX0000680,MC0023,2026-08-20 13:46:00,웹,43960.0,False,False,459,KR,0,pos
TX0003945,MC0132,2026-08-15 01:06:00,웹,68496.0,True,False,389,KR,0,gateway_b
TX0000742,MC0025,2026-08-22 17:14:00,앱,98991.0,True,False,537,SG,1,pos
TX0001212,MC0041,2026-08-12 01:37:00,앱,56239.0,True,True,403,KR,0,pos
TX0002171,MC0073,2026-08-11 06:41:00,웹,85293.0,True,False,337,KR,0,pos
TX0003882,MC0130,2026-08-12 19:23:00,웹,52568.0,True,True,446,KR,0,pos
TX0004913,MC0164,2026-08-23 12:17:00,앱,143643.0,True,True,357,KR,0,gateway_a
TX0000568,MC0019,2026-08-28 14:49:00,정기결제,50498.0,True,False,319,KR,0,gateway_b
TX0001874,MC0063,2026-08-14 05:37:00,오프라인,77794.0,True,False,미측정,JP,0,gateway_b
TX0005207,MC0174,2026-08-17 22:13:00,웹,63981.0,True,False,503,KR,0,pos
TX0002597,MC0087,2026-08-17 08:36:00,앱,60155.0,True,False,351,KR,0,pos
TX0001718,MC0058,2026-08-08 07:40:00,웹,53891.0,True,False,435,KR,0,pos
TX0001393,MC0047,2026-08-13 01:17:00,정기결제,62651.0,True,False,405,KR,0,pos
TX0005403,MC0181,2026-08-03 21:28:00,웹,49585.0,True,False,408,KR,0,gateway_a
TX0004465,MC0149,2026-08-25 15:07:00,정기결제,83334.0,False,False,469,KR,1,gateway_a
TX0003804,MC0127,2026-08-24 01:09:00,앱,43524.0,True,False,512,KR,0,pos
TX0000490,MC0017,2026-08-10 10:07:00,오프라인,54237.0,True,False,345,KR,0,pos
TX0000494,MC0017,2026-08-14 07:39:00,정기결제,39399.0,True,False,289,JP,1,gateway_a
TX0000691,MC0024,2026-08-01 14:26:00,정기결제,51232.0,True,True,428,KR,0,gateway_b
TX0003542,MC0119,2026-08-02 11:30:00,정기결제,119463.0,True,False,183,KR,0,gateway_a
TX0000603,MC0021,2026-08-03 00:21:00,정기결제,50497.0,True,False,529,US,0,gateway_a
TX0001912,MC0064,2026-08-22 13:20:00,앱,164251.0,True,False,447,KR,0,pos
TX0004944,MC0165,2026-08-24 21:21:00,정기결제,69943.0,True,False,432,KR,0,gateway_a
TX0003246,MC0109,2026-08-06 02:05:00,정기결제,26905.0,False,False,505,KR,0,pos
TX0005092,MC0170,2026-08-22 23:30:00,웹,122457.0,True,False,279,KR,0,gateway_b
TX0002887,MC0097,2026-08-07 22:52:00,앱,84071.0,True,False,424,KR,0,gateway_b
TX0005260,MC0176,2026-08-10 12:10:00,정기결제,51562.0,True,False,349,KR,0,pos
TX0004922,MC0165,2026-08-02 11:53:00,오프라인,38546.0,True,False,386,KR,0,gateway_b
TX0002367,MC0079,2026-08-27 02:29:00,앱,60756.0,True,False,324,KR,1,gateway_a
TX0001188,MC0040,2026-08-18 09:09:00,오프라인,101203.0,True,False,313,KR,0,gateway_b
TX0000275,MC0010,2026-08-05 18:34:00,앱,55709.0,True,False,368,KR,0,gateway_a
TX0004042,MC0135,2026-08-22 19:09:00,정기결제,65984.0,True,False,426,KR,0,pos
TX0006707,MC0224,2026-08-17 10:08:00,웹,121757.0,True,False,443,KR,0,pos
TX0001362,MC0046,2026-08-12 12:36:00,오프라인,33104.0,False,False,418,KR,0,gateway_a
TX0003083,MC0103,2026-08-23 01:22:00,오프라인,75841.0,True,False,444,KR,0,gateway_b
TX0001527,MC0051,2026-08-27 07:22:00,웹,73854.0,True,False,345,KR,0,gateway_b
TX0003484,MC0117,2026-08-04 18:08:00,정기결제,81458.0,True,False,481,KR,0,gateway_a
TX0005083,MC0170,2026-08-13 05:08:00,오프라인,149279.0,True,False,425,KR,0,gateway_b
TX0007096,MC0237,2026-08-16 01:10:00,오프라인,59135.0,True,False,240,SG,0,gateway_b
TX0005837,MC0195,2026-08-17 09:07:00,정기결제,75627.0,True,False,350,KR,1,gateway_a
TX0006566,MC0219,2026-08-26 15:38:00,오프라인,65939.0,True,False,263,KR,0,gateway_a
TX0006769,MC0226,2026-08-19 05:27:00,앱,87198.0,True,False,434,SG,0,pos
TX0001338,MC0045,2026-08-18 05:50:00,오프라인,164207.0,False,False,428,KR,1,gateway_b
TX0000946,MC0032,2026-08-16 15:14:00,웹,65594.0,True,False,446,KR,0,gateway_a
TX0005663,MC0189,2026-08-23 15:41:00,앱,70436.0,True,False,396,KR,1,gateway_b
TX0002251,MC0076,2026-08-01 12:59:00,정기결제,89436.0,True,False,514,KR,0,pos
TX0003996,MC0134,2026-08-06 10:32:00,앱,111008.0,True,False,312,KR,0,pos
TX0003890,MC0130,2026-08-20 12:55:00,앱,29799.0,True,False,397,KR,1,pos
TX0003661,MC0123,2026-08-01 22:44:00,웹,83656.0,True,False,402,KR,1,gateway_b
TX0002347,MC0079,2026-08-07 02:18:00,오프라인,117993.0,True,False,518,KR,0,gateway_a
TX0000069,MC0003,2026-08-09 05:50:00,앱,76783.0,True,False,305,JP,0,gateway_b
TX0005267,MC0176,2026-08-17 10:53:00,정기결제,73854.0,True,False,425,KR,0,gateway_b
TX0005108,MC0171,2026-08-08 06:27:00,앱,69130.0,True,False,480,KR,0,gateway_b
TX0003716,MC0124,2026-08-26 10:00:00,오프라인,89873.0,True,False,345,KR,0,gateway_b
TX0001599,MC0054,2026-08-09 23:48:00,앱,106556.0,True,False,505,KR,0,pos
TX0003481,MC0117,2026-08-01 00:14:00,오프라인,75907.0,True,False,420,KR,1,gateway_b
TX0006022,MC0201,2026-08-22 22:01:00,앱,39074.0,True,False,433,KR,0,gateway_b
TX0004662,MC0156,2026-08-12 18:33:00,정기결제,162810.0,True,False,388,KR,0,pos
TX0001504,MC0051,2026-08-04 10:08:00,웹,41646.0,True,False,396,KR,0,gateway_b
TX0006255,MC0209,2026-08-15 14:46:00,앱,81584.0,True,False,61,KR,0,gateway_b
TX0000151,MC0006,2026-08-01 12:09:00,앱,60378.0,True,False,466,KR,0,gateway_a
TX0002985,MC0100,2026-08-15 02:35:00,앱,33265.0,True,True,471,KR,0,gateway_a
TX0002087,MC0070,2026-08-17 16:09:00,웹,42103.0,False,False,384,KR,1,gateway_b
TX0006562,MC0219,2026-08-22 16:44:00,오프라인,116693.0,True,False,477,KR,0,pos
TX0002260,MC0076,2026-08-10 01:46:00,앱,92684.0,True,False,417,KR,1,gateway_a
TX0003205,MC0107,2026-08-25 23:24:00,앱,53277.0,True,False,496,KR,1,gateway_b
TX0005245,MC0175,2026-08-25 14:19:00,오프라인,55965.0,True,False,453,KR,1,gateway_b
TX0005548,MC0185,2026-08-28 01:27:00,웹,71870.0,True,False,298,KR,1,pos
TX0006497,MC0217,2026-08-17 20:24:00,웹,81793.0,True,False,227,KR,0,gateway_a
TX0000860,MC0029,2026-08-20 21:27:00,정기결제,57013.0,True,False,334,KR,1,gateway_a
TX0002841,MC0095,2026-08-21 12:06:00,앱,41307.0,True,False,251,SG,0,pos
TX0002859,MC0096,2026-08-09 08:02:00,웹,29509.0,True,False,319,KR,1,pos
TX0005433,MC0182,2026-08-03 03:52:00,앱,95658.0,True,False,368,KR,0,gateway_a
TX0005341,MC0179,2026-08-01 16:10:00,오프라인,58108.0,True,False,283,KR,1,gateway_b
TX0000367,MC0013,2026-08-07 06:26:00,오프라인,67830.0,True,False,352,KR,2,gateway_a
TX0001433,MC0048,2026-08-23 20:04:00,정기결제,27827.0,True,False,392,KR,0,gateway_b
TX0006620,MC0221,2026-08-20 23:19:00,앱,19368.0,True,False,191,JP,0,pos
TX0001780,MC0060,2026-08-10 22:15:00,정기결제,44200.0,True,False,364,KR,0,pos
TX0004380,MC0146,2026-08-30 05:01:00,오프라인,59532.0,True,False,330,KR,0,gateway_a
TX0003426,MC0115,2026-08-06 13:22:00,앱,220636.0,True,False,434,KR,0,pos
TX0001819,MC0061,2026-08-19 00:37:00,앱,30681.0,True,False,538,KR,0,pos
TX0004589,MC0153,2026-08-29 21:34:00,웹,20953.0,True,True,323,KR,1,gateway_a
TX0000842,MC0029,2026-08-02 16:05:00,정기결제,40271.0,True,False,368,KR,1,gateway_b
TX0002705,MC0091,2026-08-05 22:14:00,정기결제,73783.0,True,False,362,KR,0,gateway_a
TX0001190,MC0040,2026-08-20 09:45:00,웹,125889.0,True,False,464,JP,0,gateway_a
TX0000176,MC0006,2026-08-26 06:00:00,앱,62079.0,True,False,393,KR,0,pos
TX0005925,MC0198,2026-08-15 23:35:00,정기결제,93863.0,True,False,203,KR,0,pos
TX0000618,MC0021,2026-08-18 07:31:00,웹,73452.0,True,False,451,US,0,gateway_a
TX0002094,MC0070,2026-08-24 00:31:00,오프라인,62791.0,True,False,327,KR,1,pos
TX0007111,MC0238,2026-08-01 17:42:00,오프라인,64314.0,True,False,445,KR,0,pos
TX0000083,MC0003,2026-08-23 19:41:00,정기결제,24324.0,True,False,284,KR,0,gateway_b
TX0003913,MC0131,2026-08-13 15:20:00,정기결제,79400.0,True,False,388,KR,0,pos
TX0001031,MC0035,2026-08-11 21:39:00,웹,104517.0,True,False,193,JP,1,pos
TX0003319,MC0111,2026-08-19 20:34:00,웹,175764.0,True,False,448,KR,1,pos
TX0000301,MC0011,2026-08-01 19:01:00,앱,37525.0,True,True,345,KR,0,gateway_b
TX0001473,MC0050,2026-08-03 13:11:00,웹,91786.0,True,False,606,KR,0,gateway_b
TX0000284,MC0010,2026-08-14 02:20:00,웹,32258.0,False,False,260,KR,0,gateway_b
TX0002029,MC0068,2026-08-19 03:36:00,앱,39050.0,True,False,288,KR,0,gateway_a
TX0004351,MC0146,2026-08-01 13:11:00,웹,40260.0,True,True,244,KR,0,gateway_a
TX0004957,MC0166,2026-08-07 17:25:00,앱,144319.0,True,False,418,KR,1,gateway_b
TX0005711,MC0191,2026-08-11 23:12:00,정기결제,140235.0,True,False,461,US,1,pos
TX0001814,MC0061,2026-08-14 20:07:00,정기결제,34125.0,True,False,282,KR,0,gateway_b
TX0001272,MC0043,2026-08-12 09:07:00,앱,40235.0,True,False,444,KR,0,gateway_b
TX0004406,MC0147,2026-08-26 06:46:00,웹,198666.0,True,False,388,KR,2,gateway_b
TX0006633,MC0222,2026-08-03 00:12:00,웹,60123.0,True,False,347,KR,0,gateway_a
TX0003838,MC0128,2026-08-28 10:50:00,웹,113135.0,True,False,418,KR,0,pos
TX0002314,MC0078,2026-08-04 12:52:00,앱,137935.0,True,False,449,KR,0,pos
TX0002009,MC0067,2026-08-29 00:56:00,오프라인,105632.0,True,False,496,KR,0,gateway_b
TX0004329,MC0145,2026-08-09 07:13:00,웹,,True,False,317,JP,0,gateway_b
TX0002643,MC0089,2026-08-03 20:11:00,오프라인,63874.0,True,False,476,US,0,gateway_a
TX0003435,MC0115,2026-08-15 09:33:00,정기결제,104792.0,True,False,461,KR,0,gateway_a
TX0006560,MC0219,2026-08-20 13:49:00,정기결제,80508.0,True,False,416,KR,0,pos
TX0003995,MC0134,2026-08-05 03:18:00,정기결제,115086.0,True,False,314,KR,1,gateway_a
TX0003618,MC0121,2026-08-18 06:41:00,정기결제,87321.0,True,False,365,KR,0,pos
TX0003358,MC0112,2026-08-28 07:39:00,오프라인,61137.0,True,False,313,KR,0,pos
TX0000100,MC0004,2026-08-10 23:17:00,정기결제,76940.0,True,False,355,KR,0,pos
TX0004206,MC0141,2026-08-06 05:27:00,정기결제,46152.0,True,False,266,KR,0,gateway_b
TX0000745,MC0025,2026-08-25 08:29:00,오프라인,65078.0,True,False,326,KR,0,gateway_a
TX0006660,MC0222,2026-08-30 00:13:00,웹,33352.0,True,False,488,KR,1,gateway_a
TX0000481,MC0017,2026-08-01 09:43:00,정기결제,52021.0,True,False,282,KR,1,gateway_a
TX0004754,MC0159,2026-08-14 11:22:00,오프라인,131592.0,True,False,392,KR,0,pos
TX0006991,MC0234,2026-08-01 05:38:00,앱,39527.0,True,False,483,KR,0,gateway_b
TX0007112,MC0238,2026-08-02 18:56:00,오프라인,40704.0,True,False,457,US,0,pos
TX0001158,MC0039,2026-08-18 20:08:00,웹,33148.0,True,False,297,KR,2,pos
TX0006797,MC0227,2026-08-17 15:15:00,웹,125131.0,True,False,243,JP,0,gateway_b
TX0001438,MC0048,2026-08-28 13:16:00,오프라인,42157.0,True,False,393,KR,0,gateway_a
TX0002415,MC0081,2026-08-15 02:33:00,정기결제,57417.0,True,False,439,KR,1,gateway_a
TX0004197,MC0140,2026-08-27 07:57:00,웹,28618.0,True,False,426,KR,0,pos
TX0000403,MC0014,2026-08-13 19:45:00,오프라인,63703.0,True,False,236,JP,0,gateway_a
TX0002196,MC0074,2026-08-06 01:24:00,오프라인,59312.0,True,False,373,KR,0,gateway_a
TX0000950,MC0032,2026-08-20 16:34:00,앱,28489.0,True,False,299,KR,0,gateway_a
TX0006876,MC0230,2026-08-06 20:20:00,정기결제,7917.0,True,False,414,KR,1,pos
TX0002068,MC0069,2026-08-28 15:50:00,웹,25827.0,True,False,248,KR,0,pos
TX0003400,MC0114,2026-08-10 17:00:00,웹,63327.0,True,False,427,KR,0,gateway_a
TX0005762,MC0193,2026-08-02 07:25:00,정기결제,116909.0,True,False,514,SG,0,gateway_a
TX0000669,MC0023,2026-08-09 05:27:00,오프라인,64295.0,True,False,445,KR,0,gateway_a
TX0000219,MC0008,2026-08-09 12:07:00,웹,203623.0,True,False,377,KR,1,pos
TX0001963,MC0066,2026-08-13 06:03:00,앱,47358.0,True,False,438,KR,0,pos
TX0003170,MC0106,2026-08-20 06:40:00,정기결제,102603.0,True,False,396,KR,0,pos
TX0004217,MC0141,2026-08-17 03:06:00,정기결제,67773.0,True,False,468,KR,0,gateway_b
TX0002214,MC0074,2026-08-24 13:25:00,오프라인,76389.0,True,False,340,KR,1,gateway_b
TX0002634,MC0088,2026-08-24 07:53:00,웹,160197.0,True,False,389,KR,0,pos
TX0001660,MC0056,2026-08-10 06:47:00,앱,212979.0,True,False,352,KR,0,gateway_a
TX0003614,MC0121,2026-08-14 20:25:00,정기결제,203156.0,True,True,341,KR,0,pos
TX0004814,MC0161,2026-08-14 08:28:00,정기결제,37794.0,True,False,402,JP,0,gateway_a
TX0004959,MC0166,2026-08-09 20:22:00,웹,106605.0,True,False,484,KR,1,gateway_a
TX0002146,MC0072,2026-08-16 12:26:00,앱,56837.0,True,False,360,KR,0,gateway_b
TX0000778,MC0026,2026-08-28 13:09:00,웹,59496.0,True,False,338,KR,0,pos
TX0002435,MC0082,2026-08-05 03:34:00,정기결제,5795.0,True,False,241,KR,0,gateway_b
TX0005156,MC0172,2026-08-26 11:45:00,웹,136973.0,True,False,253,KR,0,gateway_b
TX0004102,MC0137,2026-08-22 03:22:00,웹,82411.0,True,False,447,KR,0,gateway_b
TX0004865,MC0163,2026-08-05 10:13:00,정기결제,62807.0,True,False,276,SG,1,pos
TX0001492,MC0050,2026-08-22 08:58:00,오프라인,156121.0,True,False,316,JP,0,pos
TX0003067,MC0103,2026-08-07 02:51:00,웹,107649.0,True,False,438,KR,0,gateway_a
TX0003008,MC0101,2026-08-08 18:31:00,정기결제,109907.0,False,False,628,KR,1,pos
TX0005219,MC0174,2026-08-29 04:40:00,정기결제,109292.0,True,False,374,KR,1,pos
TX0005383,MC0180,2026-08-13 06:03:00,앱,24808.0,True,False,346,KR,0,gateway_a
TX0005748,MC0192,2026-08-18 00:20:00,웹,27491.0,True,False,450,KR,0,pos
TX0000518,MC0018,2026-08-08 15:33:00,오프라인,46659.0,True,False,522,KR,0,gateway_a
TX0006252,MC0209,2026-08-12 20:28:00,웹,123059.0,True,False,326,KR,0,gateway_a
TX0003410,MC0114,2026-08-20 15:07:00,오프라인,88870.0,True,False,391,KR,2,pos
TX0004021,MC0135,2026-08-01 01:06:00,앱,51843.0,True,False,462,KR,0,gateway_a
TX0005821,MC0195,2026-08-01 02:40:00,정기결제,75857.0,True,False,464,KR,0,gateway_a
TX0007009,MC0234,2026-08-19 08:16:00,앱,62714.0,True,False,390,KR,0,pos
TX0006632,MC0222,2026-08-02 03:52:00,정기결제,36150.0,False,False,373,KR,0,gateway_b
TX0003908,MC0131,2026-08-08 16:11:00,앱,77484.0,True,False,312,KR,2,pos
TX0000569,MC0019,2026-08-29 11:36:00,웹,90173.0,True,True,435,KR,0,gateway_a
TX0000361,MC0013,2026-08-01 16:20:00,웹,40414.0,True,False,343,US,0,pos
TX0003283,MC0110,2026-08-13 03:11:00,앱,43627.0,True,False,401,KR,0,gateway_b
TX0006204,MC0207,2026-08-24 13:42:00,웹,100871.0,True,False,515,KR,0,gateway_b
TX0004936,MC0165,2026-08-16 17:04:00,오프라인,25302.0,True,True,299,KR,0,pos
TX0003419,MC0114,2026-08-29 06:06:00,오프라인,66553.0,True,False,411,KR,0,gateway_a
TX0003830,MC0128,2026-08-20 08:29:00,오프라인,81515.0,True,False,487,KR,0,gateway_a
TX0000760,MC0026,2026-08-10 11:00:00,정기결제,80115.0,True,False,425,KR,1,pos
TX0005096,MC0170,2026-08-26 19:40:00,오프라인,134290.0,True,False,346,KR,1,gateway_b
TX0006766,MC0226,2026-08-16 02:33:00,앱,25601.0,True,False,322,KR,0,pos
TX0005845,MC0195,2026-08-25 09:49:00,정기결제,126801.0,True,False,544,KR,0,gateway_a
TX0005447,MC0182,2026-08-17 00:16:00,웹,84873.0,True,False,386,KR,0,gateway_a
TX0000215,MC0008,2026-08-05 17:40:00,정기결제,80863.0,True,False,386,KR,0,pos
TX0003081,MC0103,2026-08-21 05:20:00,오프라인,89761.0,True,False,309,KR,0,gateway_a
TX0006642,MC0222,2026-08-12 23:46:00,웹,49604.0,True,False,314,KR,0,pos
TX0004073,MC0136,2026-08-23 11:56:00,앱,153116.0,True,False,473,KR,0,gateway_b
TX0004355,MC0146,2026-08-05 06:28:00,앱,58498.0,True,False,420,KR,0,pos
TX0006699,MC0224,2026-08-09 08:08:00,오프라인,35574.0,True,False,340,JP,1,gateway_b
TX0003308,MC0111,2026-08-08 06:10:00,웹,168042.0,True,False,356,KR,0,gateway_b
TX0001474,MC0050,2026-08-04 03:01:00,앱,73989.0,True,False,205,KR,0,gateway_a
TX0002245,MC0075,2026-08-25 12:54:00,앱,34451.0,True,False,321,KR,0,gateway_b
TX0000726,MC0025,2026-08-06 01:21:00,오프라인,33330.0,True,False,472,KR,1,pos
TX0004999,MC0167,2026-08-19 09:19:00,오프라인,33457.0,True,False,238,JP,0,gateway_b
TX0000050,MC0002,2026-08-20 11:27:00,오프라인,57907.0,True,True,324,KR,0,gateway_b
TX0005639,MC0188,2026-08-29 00:11:00,앱,19583.0,False,False,429,KR,0,gateway_b
TX0000888,MC0030,2026-08-18 11:00:00,웹,79876.0,True,False,149,KR,0,gateway_b
TX0006300,MC0210,2026-08-30 17:23:00,정기결제,72140.0,False,False,309,KR,0,gateway_a
TX0002894,MC0097,2026-08-14 02:43:00,오프라인,59529.0,True,False,283,US,1,gateway_b
TX0004961,MC0166,2026-08-11 09:03:00,웹,131381.0,True,False,297,KR,0,gateway_a
TX0006502,MC0217,2026-08-22 03:13:00,오프라인,88347.0,True,False,327,US,0,gateway_a
TX0000517,MC0018,2026-08-07 05:53:00,앱,96764.0,True,False,371,KR,1,pos
TX0005633,MC0188,2026-08-23 20:08:00,오프라인,43565.0,True,False,444,KR,0,pos
TX0000140,MC0005,2026-08-20 22:12:00,정기결제,18668.0,True,False,254,KR,1,gateway_b
TX0004120,MC0138,2026-08-10 19:24:00,정기결제,78676.0,True,False,278,SG,0,gateway_a
TX0006768,MC0226,2026-08-18 06:00:00,앱,149822.0,True,False,410,KR,0,gateway_b
TX0004516,MC0151,2026-08-16 08:22:00,오프라인,56011.0,True,False,370,SG,0,gateway_b
TX0006051,MC0202,2026-08-21 17:05:00,앱,87435.0,True,False,320,KR,0,pos
TX0000464,MC0016,2026-08-14 06:41:00,웹,52095.0,True,False,608,US,0,gateway_a
TX0004429,MC0148,2026-08-19 14:36:00,오프라인,58750.0,True,False,288,SG,0,gateway_b
TX0001234,MC0042,2026-08-04 16:05:00,정기결제,9263.0,False,False,297,KR,0,gateway_b
TX0000595,MC0020,2026-08-25 12:08:00,정기결제,42614.0,True,False,394,KR,0,gateway_b
TX0000451,MC0016,2026-08-01 20:37:00,웹,29167.0,True,False,286,KR,0,gateway_b
TX0005285,MC0177,2026-08-05 02:41:00,정기결제,172823.0,True,False,416,KR,1,pos
TX0003380,MC0113,2026-08-20 18:45:00,오프라인,19516.0,True,False,528,KR,0,gateway_a
TX0005496,MC0184,2026-08-06 06:58:00,오프라인,77691.0,True,False,409,KR,0,gateway_a
TX0000313,MC0011,2026-08-13 02:24:00,웹,47296.0,True,False,412,KR,0,gateway_a
TX0003239,MC0108,2026-08-29 17:39:00,앱,35612.0,True,False,421,KR,1,gateway_b
TX0004343,MC0145,2026-08-23 00:22:00,앱,59483.0,True,False,342,KR,0,gateway_b
TX0004841,MC0162,2026-08-11 18:31:00,웹,49828.0,True,False,383,KR,0,gateway_a
TX0000452,MC0016,2026-08-02 04:29:00,웹,94294.0,True,False,537,KR,0,gateway_b
TX0005816,MC0194,2026-08-26 20:47:00,오프라인,64300.0,True,False,416,KR,2,gateway_b
TX0000891,MC0030,2026-08-21 04:04:00,오프라인,48104.0,True,False,406,KR,0,pos
TX0002764,MC0093,2026-08-04 13:47:00,웹,45371.0,True,False,465,KR,0,gateway_a
TX0000659,MC0022,2026-08-29 01:18:00,오프라인,71499.0,True,False,369,KR,1,gateway_b
TX0001507,MC0051,2026-08-07 06:06:00,앱,72972.0,True,True,448,KR,0,gateway_a
TX0003258,MC0109,2026-08-18 08:25:00,오프라인,74105.0,True,False,445,KR,0,pos
TX0006736,MC0225,2026-08-16 22:04:00,앱,56074.0,True,False,316,KR,0,gateway_b
TX0001000,MC0034,2026-08-10 02:32:00,오프라인,37208.0,True,False,306,KR,1,pos
TX0000390,MC0013,2026-08-30 14:46:00,앱,65670.0,True,False,345,JP,0,pos
TX0002331,MC0078,2026-08-21 19:04:00,오프라인,160456.0,True,False,414,KR,0,gateway_b
TX0001477,MC0050,2026-08-07 11:46:00,앱,99311.0,False,False,348,US,0,gateway_a
TX0002241,MC0075,2026-08-21 18:59:00,정기결제,64169.0,True,False,258,KR,0,gateway_b
TX0006472,MC0216,2026-08-22 08:12:00,앱,36588.0,True,False,560,KR,0,gateway_b
TX0006482,MC0217,2026-08-02 08:59:00,정기결제,65341.0,True,False,287,KR,0,gateway_a
TX0006006,MC0201,2026-08-06 13:19:00,웹,35038.0,True,False,515,US,0,gateway_b
TX0003196,MC0107,2026-08-16 12:52:00,웹,125188.0,True,False,347,KR,0,gateway_a
TX0006074,MC0203,2026-08-14 17:08:00,오프라인,27193.0,True,False,417,KR,0,gateway_a
TX0002776,MC0093,2026-08-16 06:09:00,오프라인,39349.0,False,False,185,JP,0,gateway_b
TX0001924,MC0065,2026-08-04 03:05:00,오프라인,139338.0,True,False,317,KR,0,gateway_b
TX0000759,MC0026,2026-08-09 23:01:00,정기결제,55428.0,True,False,362,KR,0,pos
TX0000701,MC0024,2026-08-11 12:34:00,오프라인,47868.0,True,False,409,KR,1,gateway_a
TX0006302,MC0211,2026-08-02 11:31:00,웹,373668.0,True,False,315,KR,0,gateway_b
TX0001294,MC0044,2026-08-04 20:56:00,정기결제,135558.0,True,False,234,KR,1,gateway_b
TX0007125,MC0238,2026-08-15 10:02:00,웹,100389.0,False,False,397,KR,0,gateway_a
TX0002874,MC0096,2026-08-24 06:01:00,오프라인,38582.0,True,False,306,KR,0,gateway_b
TX0006024,MC0201,2026-08-24 08:33:00,오프라인,17524.0,True,False,432,SG,0,gateway_b
TX0003438,MC0115,2026-08-18 17:31:00,웹,116603.0,True,False,276,KR,0,gateway_a
TX0001908,MC0064,2026-08-18 08:20:00,정기결제,75271.0,True,False,409,JP,0,gateway_b
TX0004952,MC0166,2026-08-02 14:48:00,웹,73630.0,True,False,405,KR,0,pos
TX0004991,MC0167,2026-08-11 20:58:00,정기결제,101510.0,True,False,257,KR,0,gateway_a
TX0000369,MC0013,2026-08-09 03:42:00,오프라인,31547.0,True,False,319,JP,0,gateway_b
TX0001938,MC0065,2026-08-18 15:09:00,오프라인,130193.0,True,False,166,KR,0,gateway_a
TX0001152,MC0039,2026-08-12 12:08:00,앱,47272.0,True,False,511,KR,0,pos
TX0006906,MC0231,2026-08-06 08:38:00,웹,99000.0,True,False,444,KR,0,gateway_b
TX0004562,MC0153,2026-08-02 23:10:00,오프라인,34996.0,True,False,488,KR,0,pos
TX0006254,MC0209,2026-08-14 16:52:00,오프라인,73058.0,True,False,366,KR,0,gateway_a
TX0007083,MC0237,2026-08-03 11:23:00,웹,57504.0,True,False,322,KR,0,pos
TX0000192,MC0007,2026-08-12 17:20:00,앱,88158.0,True,False,271,KR,0,pos
TX0006393,MC0214,2026-08-03 15:36:00,앱,51621.0,True,False,387,KR,0,pos
TX0003850,MC0129,2026-08-10 06:00:00,앱,107157.0,True,False,487,JP,0,gateway_a
TX0000175,MC0006,2026-08-25 10:55:00,웹,65662.0,True,False,241,KR,0,gateway_a
TX0001904,MC0064,2026-08-14 01:08:00,웹,105534.0,True,False,468,KR,0,gateway_a
TX0001100,MC0037,2026-08-20 05:54:00,정기결제,51389.0,True,False,379,KR,0,gateway_b
TX0004765,MC0159,2026-08-25 18:38:00,앱,55524.0,True,False,340,KR,0,pos
TX0003077,MC0103,2026-08-17 01:58:00,정기결제,114239.0,True,False,321,KR,0,gateway_a
TX0002293,MC0077,2026-08-13 11:20:00,오프라인,48390.0,True,False,242,KR,0,gateway_b
